<?xml version="1.0" encoding="utf-8"?>
<TransXChange xmlns:xsi="http://www.w3.org/2001/XMLSchema-instance" xmlns:xsd="http://www.w3.org/2001/XMLSchema" xsi:schemaLocation="http://www.transxchange.org.uk/ http://www.transxchange.org.uk/schema/2.1/TransXChange_general.xsd" CreationDateTime="2019-10-07T13:07:00-00:00" ModificationDateTime="2019-10-07T13:07:00-00:00" Modification="new" RevisionNumber="0" FileName="SVRABAO219.xml" SchemaVersion="2.1" RegistrationDocument="false" xmlns="http://www.transxchange.org.uk/">
  <ServicedOrganisations>
    <ServicedOrganisation>
      <OrganisationCode>93</OrganisationCode>
      <Name>
QE0 : Cif-219-BB-20180507_20190725_192750.cif
</Name>
      <WorkingDays>
        <DateRange>
          <StartDate>2018-07-08</StartDate>
          <EndDate>2018-08-18</EndDate>
        </DateRange>
        <DateRange>
          <StartDate>2018-10-14</StartDate>
          <EndDate>2018-10-27</EndDate>
        </DateRange>
        <DateRange>
          <StartDate>2018-12-23</StartDate>
          <EndDate>2019-01-05</EndDate>
        </DateRange>
        <DateRange>
          <StartDate>2019-03-31</StartDate>
          <EndDate>2019-04-13</EndDate>
        </DateRange>
        <DateRange>
          <StartDate>2019-07-07</StartDate>
          <EndDate>2019-08-17</EndDate>
        </DateRange>
        <DateRange>
          <StartDate>2019-10-13</StartDate>
          <EndDate>2019-10-26</EndDate>
        </DateRange>
        <DateRange>
          <StartDate>2019-12-22</StartDate>
          <EndDate>2020-01-04</EndDate>
        </DateRange>
        <DateRange>
          <StartDate>2020-04-05</StartDate>
          <EndDate>2020-04-18</EndDate>
        </DateRange>
      </WorkingDays>
    </ServicedOrganisation>
    <ServicedOrganisation>
      <OrganisationCode>91</OrganisationCode>
      <Name>
QE0 : Cif-219-BB-20180507_20190725_192750.cif
</Name>
      <WorkingDays>
        <DateRange>
          <StartDate>2018-07-08</StartDate>
          <EndDate>2018-08-20</EndDate>
        </DateRange>
        <DateRange>
          <StartDate>2018-10-14</StartDate>
          <EndDate>2018-10-27</EndDate>
        </DateRange>
        <DateRange>
          <StartDate>2018-11-11</StartDate>
          <EndDate>2018-11-13</EndDate>
        </DateRange>
        <DateRange>
          <StartDate>2018-12-23</StartDate>
          <EndDate>2019-01-05</EndDate>
        </DateRange>
        <DateRange>
          <StartDate>2019-02-10</StartDate>
          <EndDate>2019-02-13</EndDate>
        </DateRange>
        <DateRange>
          <StartDate>2019-03-31</StartDate>
          <EndDate>2019-04-14</EndDate>
        </DateRange>
        <DateRange>
          <StartDate>2019-07-07</StartDate>
          <EndDate>2019-08-19</EndDate>
        </DateRange>
        <DateRange>
          <StartDate>2019-10-13</StartDate>
          <EndDate>2019-10-26</EndDate>
        </DateRange>
        <DateRange>
          <StartDate>2019-11-17</StartDate>
          <EndDate>2019-11-19</EndDate>
        </DateRange>
        <DateRange>
          <StartDate>2019-12-22</StartDate>
          <EndDate>2020-01-04</EndDate>
        </DateRange>
        <DateRange>
          <StartDate>2020-02-16</StartDate>
          <EndDate>2020-02-19</EndDate>
        </DateRange>
        <DateRange>
          <StartDate>2020-04-05</StartDate>
          <EndDate>2020-04-18</EndDate>
        </DateRange>
      </WorkingDays>
    </ServicedOrganisation>
    <ServicedOrganisation>
      <OrganisationCode>92</OrganisationCode>
      <Name>
QE0 : Cif-219-BB-20180507_20190725_192750.cif
</Name>
      <WorkingDays>
        <DateRange>
          <StartDate>2018-07-08</StartDate>
          <EndDate>2018-08-20</EndDate>
        </DateRange>
        <DateRange>
          <StartDate>2018-10-14</StartDate>
          <EndDate>2018-10-27</EndDate>
        </DateRange>
        <DateRange>
          <StartDate>2018-11-11</StartDate>
          <EndDate>2018-11-13</EndDate>
        </DateRange>
        <DateRange>
          <StartDate>2018-12-23</StartDate>
          <EndDate>2019-01-05</EndDate>
        </DateRange>
        <DateRange>
          <StartDate>2019-02-10</StartDate>
          <EndDate>2019-02-16</EndDate>
        </DateRange>
        <DateRange>
          <StartDate>2019-03-31</StartDate>
          <EndDate>2019-04-14</EndDate>
        </DateRange>
        <DateRange>
          <StartDate>2019-07-07</StartDate>
          <EndDate>2019-08-19</EndDate>
        </DateRange>
        <DateRange>
          <StartDate>2019-10-13</StartDate>
          <EndDate>2019-10-26</EndDate>
        </DateRange>
        <DateRange>
          <StartDate>2019-11-17</StartDate>
          <EndDate>2019-11-19</EndDate>
        </DateRange>
        <DateRange>
          <StartDate>2019-12-22</StartDate>
          <EndDate>2020-01-04</EndDate>
        </DateRange>
        <DateRange>
          <StartDate>2020-02-16</StartDate>
          <EndDate>2020-02-22</EndDate>
        </DateRange>
        <DateRange>
          <StartDate>2020-04-05</StartDate>
          <EndDate>2020-04-18</EndDate>
        </DateRange>
      </WorkingDays>
    </ServicedOrganisation>
  </ServicedOrganisations>
  <StopPoints>
    <AnnotatedStopPointRef>
      <StopPointRef>630032042</StopPointRef>
      <CommonName>Kingsford Road</CommonName>
    </AnnotatedStopPointRef>
    <AnnotatedStopPointRef>
      <StopPointRef>630032052</StopPointRef>
      <CommonName>Bank Brae</CommonName>
    </AnnotatedStopPointRef>
    <AnnotatedStopPointRef>
      <StopPointRef>630032061</StopPointRef>
      <CommonName>David McLean Drive</CommonName>
    </AnnotatedStopPointRef>
    <AnnotatedStopPointRef>
      <StopPointRef>630063131</StopPointRef>
      <CommonName>Old Mart</CommonName>
    </AnnotatedStopPointRef>
    <AnnotatedStopPointRef>
      <StopPointRef>630060312</StopPointRef>
      <CommonName>Community Campus</CommonName>
    </AnnotatedStopPointRef>
    <AnnotatedStopPointRef>
      <StopPointRef>630063241</StopPointRef>
      <CommonName>Old Military Road</CommonName>
    </AnnotatedStopPointRef>
    <AnnotatedStopPointRef>
      <StopPointRef>630032091</StopPointRef>
      <CommonName>The Square</CommonName>
    </AnnotatedStopPointRef>
    <AnnotatedStopPointRef>
      <StopPointRef>630032071</StopPointRef>
      <CommonName>The Square</CommonName>
    </AnnotatedStopPointRef>
    <AnnotatedStopPointRef>
      <StopPointRef>630066441</StopPointRef>
      <CommonName>Garden Centre</CommonName>
    </AnnotatedStopPointRef>
    <AnnotatedStopPointRef>
      <StopPointRef>630066451</StopPointRef>
      <CommonName>Kildrummy Inn</CommonName>
    </AnnotatedStopPointRef>
    <AnnotatedStopPointRef>
      <StopPointRef>630060365</StopPointRef>
      <CommonName>Goryhill</CommonName>
    </AnnotatedStopPointRef>
    <AnnotatedStopPointRef>
      <StopPointRef>630066461</StopPointRef>
      <CommonName>War Memorial</CommonName>
    </AnnotatedStopPointRef>
    <AnnotatedStopPointRef>
      <StopPointRef>630067202</StopPointRef>
      <CommonName>Bridge of Buchat</CommonName>
    </AnnotatedStopPointRef>
    <AnnotatedStopPointRef>
      <StopPointRef>630060363</StopPointRef>
      <CommonName>Road End</CommonName>
    </AnnotatedStopPointRef>
    <AnnotatedStopPointRef>
      <StopPointRef>630060641</StopPointRef>
      <CommonName>Bellabeg</CommonName>
    </AnnotatedStopPointRef>
    <AnnotatedStopPointRef>
      <StopPointRef>630035121</StopPointRef>
      <CommonName>Bellabeg</CommonName>
    </AnnotatedStopPointRef>
    <AnnotatedStopPointRef>
      <StopPointRef>630060362</StopPointRef>
      <CommonName>Road End</CommonName>
    </AnnotatedStopPointRef>
    <AnnotatedStopPointRef>
      <StopPointRef>630067201</StopPointRef>
      <CommonName>Bridge of Buchat</CommonName>
    </AnnotatedStopPointRef>
    <AnnotatedStopPointRef>
      <StopPointRef>630035131</StopPointRef>
      <CommonName>War Memorial</CommonName>
    </AnnotatedStopPointRef>
    <AnnotatedStopPointRef>
      <StopPointRef>630060364</StopPointRef>
      <CommonName>Goryhill</CommonName>
    </AnnotatedStopPointRef>
    <AnnotatedStopPointRef>
      <StopPointRef>630032141</StopPointRef>
      <CommonName>Kildrummy Inn</CommonName>
    </AnnotatedStopPointRef>
    <AnnotatedStopPointRef>
      <StopPointRef>630032151</StopPointRef>
      <CommonName>Toll House</CommonName>
    </AnnotatedStopPointRef>
    <AnnotatedStopPointRef>
      <StopPointRef>630066121</StopPointRef>
      <CommonName>Donlogie</CommonName>
    </AnnotatedStopPointRef>
    <AnnotatedStopPointRef>
      <StopPointRef>630066180</StopPointRef>
      <CommonName>Whitefield</CommonName>
    </AnnotatedStopPointRef>
    <AnnotatedStopPointRef>
      <StopPointRef>630063242</StopPointRef>
      <CommonName>Old Military Road</CommonName>
    </AnnotatedStopPointRef>
    <AnnotatedStopPointRef>
      <StopPointRef>630066175</StopPointRef>
      <CommonName>Toll Croft</CommonName>
    </AnnotatedStopPointRef>
    <AnnotatedStopPointRef>
      <StopPointRef>630032062</StopPointRef>
      <CommonName>David McLean Drive</CommonName>
    </AnnotatedStopPointRef>
    <AnnotatedStopPointRef>
      <StopPointRef>630032051</StopPointRef>
      <CommonName>Bank Brae</CommonName>
    </AnnotatedStopPointRef>
    <AnnotatedStopPointRef>
      <StopPointRef>630032041</StopPointRef>
      <CommonName>Kingsford Road</CommonName>
    </AnnotatedStopPointRef>
  </StopPoints>
  <RouteSections>
    <RouteSection id="ABAO219_003">
      <RouteLink id="ABAO219_003_19932">
        <From>
          <StopPointRef>630032042</StopPointRef>
        </From>
        <To>
          <StopPointRef>630032052</StopPointRef>
        </To>
        <Direction>outbound</Direction>
      </RouteLink>
      <RouteLink id="ABAO219_003_19933">
        <From>
          <StopPointRef>630032052</StopPointRef>
        </From>
        <To>
          <StopPointRef>630032061</StopPointRef>
        </To>
        <Direction>outbound</Direction>
      </RouteLink>
      <RouteLink id="ABAO219_003_19934">
        <From>
          <StopPointRef>630032061</StopPointRef>
        </From>
        <To>
          <StopPointRef>630063131</StopPointRef>
        </To>
        <Direction>outbound</Direction>
      </RouteLink>
      <RouteLink id="ABAO219_003_19935">
        <From>
          <StopPointRef>630063131</StopPointRef>
        </From>
        <To>
          <StopPointRef>630060312</StopPointRef>
        </To>
        <Direction>outbound</Direction>
      </RouteLink>
      <RouteLink id="ABAO219_003_19936">
        <From>
          <StopPointRef>630060312</StopPointRef>
        </From>
        <To>
          <StopPointRef>630063241</StopPointRef>
        </To>
        <Direction>outbound</Direction>
      </RouteLink>
      <RouteLink id="ABAO219_003_19937">
        <From>
          <StopPointRef>630063241</StopPointRef>
        </From>
        <To>
          <StopPointRef>630032091</StopPointRef>
        </To>
        <Direction>outbound</Direction>
      </RouteLink>
      <RouteLink id="ABAO219_003_19938">
        <From>
          <StopPointRef>630032091</StopPointRef>
        </From>
        <To>
          <StopPointRef>630032071</StopPointRef>
        </To>
        <Direction>outbound</Direction>
      </RouteLink>
      <RouteLink id="ABAO219_003_19939">
        <From>
          <StopPointRef>630032071</StopPointRef>
        </From>
        <To>
          <StopPointRef>630066441</StopPointRef>
        </To>
        <Direction>outbound</Direction>
      </RouteLink>
      <RouteLink id="ABAO219_003_19940">
        <From>
          <StopPointRef>630066441</StopPointRef>
        </From>
        <To>
          <StopPointRef>630066451</StopPointRef>
        </To>
        <Direction>outbound</Direction>
      </RouteLink>
      <RouteLink id="ABAO219_003_19941">
        <From>
          <StopPointRef>630066451</StopPointRef>
        </From>
        <To>
          <StopPointRef>630060365</StopPointRef>
        </To>
        <Direction>outbound</Direction>
      </RouteLink>
      <RouteLink id="ABAO219_003_19942">
        <From>
          <StopPointRef>630060365</StopPointRef>
        </From>
        <To>
          <StopPointRef>630066461</StopPointRef>
        </To>
        <Direction>outbound</Direction>
      </RouteLink>
      <RouteLink id="ABAO219_003_19943">
        <From>
          <StopPointRef>630066461</StopPointRef>
        </From>
        <To>
          <StopPointRef>630067202</StopPointRef>
        </To>
        <Direction>outbound</Direction>
      </RouteLink>
      <RouteLink id="ABAO219_003_19944">
        <From>
          <StopPointRef>630067202</StopPointRef>
        </From>
        <To>
          <StopPointRef>630060363</StopPointRef>
        </To>
        <Direction>outbound</Direction>
      </RouteLink>
      <RouteLink id="ABAO219_003_19945">
        <From>
          <StopPointRef>630060363</StopPointRef>
        </From>
        <To>
          <StopPointRef>630060641</StopPointRef>
        </To>
        <Direction>outbound</Direction>
      </RouteLink>
    </RouteSection>
    <RouteSection id="ABAO219_002">
      <RouteLink id="ABAO219_002_19915">
        <From>
          <StopPointRef>630035121</StopPointRef>
        </From>
        <To>
          <StopPointRef>630060362</StopPointRef>
        </To>
        <Direction>inbound</Direction>
      </RouteLink>
      <RouteLink id="ABAO219_002_19916">
        <From>
          <StopPointRef>630060362</StopPointRef>
        </From>
        <To>
          <StopPointRef>630067201</StopPointRef>
        </To>
        <Direction>inbound</Direction>
      </RouteLink>
      <RouteLink id="ABAO219_002_19917">
        <From>
          <StopPointRef>630067201</StopPointRef>
        </From>
        <To>
          <StopPointRef>630035131</StopPointRef>
        </To>
        <Direction>inbound</Direction>
      </RouteLink>
      <RouteLink id="ABAO219_002_19918">
        <From>
          <StopPointRef>630035131</StopPointRef>
        </From>
        <To>
          <StopPointRef>630060364</StopPointRef>
        </To>
        <Direction>inbound</Direction>
      </RouteLink>
      <RouteLink id="ABAO219_002_19919">
        <From>
          <StopPointRef>630060364</StopPointRef>
        </From>
        <To>
          <StopPointRef>630032141</StopPointRef>
        </To>
        <Direction>inbound</Direction>
      </RouteLink>
      <RouteLink id="ABAO219_002_19920">
        <From>
          <StopPointRef>630032141</StopPointRef>
        </From>
        <To>
          <StopPointRef>630032151</StopPointRef>
        </To>
        <Direction>inbound</Direction>
      </RouteLink>
      <RouteLink id="ABAO219_002_19921">
        <From>
          <StopPointRef>630032151</StopPointRef>
        </From>
        <To>
          <StopPointRef>630032091</StopPointRef>
        </To>
        <Direction>inbound</Direction>
      </RouteLink>
      <RouteLink id="ABAO219_002_19922">
        <From>
          <StopPointRef>630032091</StopPointRef>
        </From>
        <To>
          <StopPointRef>630032071</StopPointRef>
        </To>
        <Direction>inbound</Direction>
      </RouteLink>
      <RouteLink id="ABAO219_002_19923">
        <From>
          <StopPointRef>630032071</StopPointRef>
        </From>
        <To>
          <StopPointRef>630066121</StopPointRef>
        </To>
        <Direction>inbound</Direction>
      </RouteLink>
      <RouteLink id="ABAO219_002_19924">
        <From>
          <StopPointRef>630066121</StopPointRef>
        </From>
        <To>
          <StopPointRef>630066180</StopPointRef>
        </To>
        <Direction>inbound</Direction>
      </RouteLink>
      <RouteLink id="ABAO219_002_19925">
        <From>
          <StopPointRef>630066180</StopPointRef>
        </From>
        <To>
          <StopPointRef>630063242</StopPointRef>
        </To>
        <Direction>inbound</Direction>
      </RouteLink>
      <RouteLink id="ABAO219_002_19926">
        <From>
          <StopPointRef>630063242</StopPointRef>
        </From>
        <To>
          <StopPointRef>630060312</StopPointRef>
        </To>
        <Direction>inbound</Direction>
      </RouteLink>
      <RouteLink id="ABAO219_002_19927">
        <From>
          <StopPointRef>630060312</StopPointRef>
        </From>
        <To>
          <StopPointRef>630066175</StopPointRef>
        </To>
        <Direction>inbound</Direction>
      </RouteLink>
      <RouteLink id="ABAO219_002_19928">
        <From>
          <StopPointRef>630066175</StopPointRef>
        </From>
        <To>
          <StopPointRef>630032062</StopPointRef>
        </To>
        <Direction>inbound</Direction>
      </RouteLink>
      <RouteLink id="ABAO219_002_19929">
        <From>
          <StopPointRef>630032062</StopPointRef>
        </From>
        <To>
          <StopPointRef>630032051</StopPointRef>
        </To>
        <Direction>inbound</Direction>
      </RouteLink>
      <RouteLink id="ABAO219_002_19930">
        <From>
          <StopPointRef>630032051</StopPointRef>
        </From>
        <To>
          <StopPointRef>630032041</StopPointRef>
        </To>
        <Direction>inbound</Direction>
      </RouteLink>
    </RouteSection>
  </RouteSections>
  <Routes>
    <Route id="ABAO219_003">
      <Description>Alford - Strathdon
</Description>
      <RouteSectionRef>ABAO219_003</RouteSectionRef>
    </Route>
    <Route id="ABAO219_002">
      <Description>Strathdon - Alford
</Description>
      <RouteSectionRef>ABAO219_002</RouteSectionRef>
    </Route>
  </Routes>
  <JourneyPatternSections>
    <JourneyPatternSection id="JPS_ABAO219-3">
      <JourneyPatternTimingLink id="JPS_ABAO219-3_19932">
        <From>
          <StopPointRef>630032042</StopPointRef>
          <TimingStatus>PTP</TimingStatus>
        </From>
        <To>
          <StopPointRef>630032052</StopPointRef>
          <TimingStatus>OTH</TimingStatus>
        </To>
        <RouteLinkRef>ABAO219_003_19932</RouteLinkRef>
        <Direction>outbound</Direction>
        <RunTime>PT0S</RunTime>
      </JourneyPatternTimingLink>
      <JourneyPatternTimingLink id="JPS_ABAO219-3_19933">
        <From>
          <StopPointRef>630032052</StopPointRef>
          <TimingStatus>OTH</TimingStatus>
        </From>
        <To>
          <StopPointRef>630032061</StopPointRef>
          <TimingStatus>OTH</TimingStatus>
        </To>
        <RouteLinkRef>ABAO219_003_19933</RouteLinkRef>
        <Direction>outbound</Direction>
        <RunTime>PT60S</RunTime>
      </JourneyPatternTimingLink>
      <JourneyPatternTimingLink id="JPS_ABAO219-3_19934">
        <From>
          <StopPointRef>630032061</StopPointRef>
          <TimingStatus>OTH</TimingStatus>
        </From>
        <To>
          <StopPointRef>630063131</StopPointRef>
          <TimingStatus>OTH</TimingStatus>
        </To>
        <RouteLinkRef>ABAO219_003_19934</RouteLinkRef>
        <Direction>outbound</Direction>
        <RunTime>PT0S</RunTime>
      </JourneyPatternTimingLink>
      <JourneyPatternTimingLink id="JPS_ABAO219-3_19935">
        <From>
          <StopPointRef>630063131</StopPointRef>
          <TimingStatus>OTH</TimingStatus>
        </From>
        <To>
          <StopPointRef>630060312</StopPointRef>
          <TimingStatus>PTP</TimingStatus>
        </To>
        <RouteLinkRef>ABAO219_003_19935</RouteLinkRef>
        <Direction>outbound</Direction>
        <RunTime>PT240S</RunTime>
      </JourneyPatternTimingLink>
      <JourneyPatternTimingLink id="JPS_ABAO219-3_19936">
        <From>
          <WaitTime>PT600S</WaitTime>
          <StopPointRef>630060312</StopPointRef>
          <TimingStatus>PTP</TimingStatus>
        </From>
        <To>
          <StopPointRef>630063241</StopPointRef>
          <TimingStatus>PTP</TimingStatus>
        </To>
        <RouteLinkRef>ABAO219_003_19936</RouteLinkRef>
        <Direction>outbound</Direction>
        <RunTime>PT360S</RunTime>
      </JourneyPatternTimingLink>
      <JourneyPatternTimingLink id="JPS_ABAO219-3_19937">
        <From>
          <StopPointRef>630063241</StopPointRef>
          <TimingStatus>PTP</TimingStatus>
        </From>
        <To>
          <StopPointRef>630032091</StopPointRef>
          <TimingStatus>OTH</TimingStatus>
        </To>
        <RouteLinkRef>ABAO219_003_19937</RouteLinkRef>
        <Direction>outbound</Direction>
        <RunTime>PT960S</RunTime>
      </JourneyPatternTimingLink>
      <JourneyPatternTimingLink id="JPS_ABAO219-3_19938">
        <From>
          <StopPointRef>630032091</StopPointRef>
          <TimingStatus>OTH</TimingStatus>
        </From>
        <To>
          <StopPointRef>630032071</StopPointRef>
          <TimingStatus>PTP</TimingStatus>
        </To>
        <RouteLinkRef>ABAO219_003_19938</RouteLinkRef>
        <Direction>outbound</Direction>
        <RunTime>PT60S</RunTime>
      </JourneyPatternTimingLink>
      <JourneyPatternTimingLink id="JPS_ABAO219-3_19939">
        <From>
          <StopPointRef>630032071</StopPointRef>
          <TimingStatus>PTP</TimingStatus>
        </From>
        <To>
          <StopPointRef>630066441</StopPointRef>
          <TimingStatus>PTP</TimingStatus>
        </To>
        <RouteLinkRef>ABAO219_003_19939</RouteLinkRef>
        <Direction>outbound</Direction>
        <RunTime>PT240S</RunTime>
      </JourneyPatternTimingLink>
      <JourneyPatternTimingLink id="JPS_ABAO219-3_19940">
        <From>
          <StopPointRef>630066441</StopPointRef>
          <TimingStatus>PTP</TimingStatus>
        </From>
        <To>
          <StopPointRef>630066451</StopPointRef>
          <TimingStatus>PTP</TimingStatus>
        </To>
        <RouteLinkRef>ABAO219_003_19940</RouteLinkRef>
        <Direction>outbound</Direction>
        <RunTime>PT240S</RunTime>
      </JourneyPatternTimingLink>
      <JourneyPatternTimingLink id="JPS_ABAO219-3_19941">
        <From>
          <StopPointRef>630066451</StopPointRef>
          <TimingStatus>PTP</TimingStatus>
        </From>
        <To>
          <StopPointRef>630060365</StopPointRef>
          <TimingStatus>OTH</TimingStatus>
        </To>
        <RouteLinkRef>ABAO219_003_19941</RouteLinkRef>
        <Direction>outbound</Direction>
        <RunTime>PT360S</RunTime>
      </JourneyPatternTimingLink>
      <JourneyPatternTimingLink id="JPS_ABAO219-3_19942">
        <From>
          <StopPointRef>630060365</StopPointRef>
          <TimingStatus>OTH</TimingStatus>
        </From>
        <To>
          <StopPointRef>630066461</StopPointRef>
          <TimingStatus>PTP</TimingStatus>
        </To>
        <RouteLinkRef>ABAO219_003_19942</RouteLinkRef>
        <Direction>outbound</Direction>
        <RunTime>PT240S</RunTime>
      </JourneyPatternTimingLink>
      <JourneyPatternTimingLink id="JPS_ABAO219-3_19943">
        <From>
          <StopPointRef>630066461</StopPointRef>
          <TimingStatus>PTP</TimingStatus>
        </From>
        <To>
          <StopPointRef>630067202</StopPointRef>
          <TimingStatus>OTH</TimingStatus>
        </To>
        <RouteLinkRef>ABAO219_003_19943</RouteLinkRef>
        <Direction>outbound</Direction>
        <RunTime>PT180S</RunTime>
      </JourneyPatternTimingLink>
      <JourneyPatternTimingLink id="JPS_ABAO219-3_19944">
        <From>
          <StopPointRef>630067202</StopPointRef>
          <TimingStatus>OTH</TimingStatus>
        </From>
        <To>
          <StopPointRef>630060363</StopPointRef>
          <TimingStatus>OTH</TimingStatus>
        </To>
        <RouteLinkRef>ABAO219_003_19944</RouteLinkRef>
        <Direction>outbound</Direction>
        <RunTime>PT240S</RunTime>
      </JourneyPatternTimingLink>
      <JourneyPatternTimingLink id="JPS_ABAO219-3_19945">
        <From>
          <StopPointRef>630060363</StopPointRef>
          <TimingStatus>OTH</TimingStatus>
        </From>
        <To>
          <StopPointRef>630060641</StopPointRef>
          <TimingStatus>PTP</TimingStatus>
        </To>
        <RouteLinkRef>ABAO219_003_19945</RouteLinkRef>
        <Direction>outbound</Direction>
        <RunTime>PT180S</RunTime>
      </JourneyPatternTimingLink>
    </JourneyPatternSection>
    <JourneyPatternSection id="JPS_ABAO219-4">
      <JourneyPatternTimingLink id="JPS_ABAO219-4_19915">
        <From>
          <StopPointRef>630035121</StopPointRef>
          <TimingStatus>PTP</TimingStatus>
        </From>
        <To>
          <StopPointRef>630060362</StopPointRef>
          <TimingStatus>OTH</TimingStatus>
        </To>
        <RouteLinkRef>ABAO219_002_19915</RouteLinkRef>
        <Direction>inbound</Direction>
        <RunTime>PT120S</RunTime>
      </JourneyPatternTimingLink>
      <JourneyPatternTimingLink id="JPS_ABAO219-4_19916">
        <From>
          <StopPointRef>630060362</StopPointRef>
          <TimingStatus>OTH</TimingStatus>
        </From>
        <To>
          <StopPointRef>630067201</StopPointRef>
          <TimingStatus>OTH</TimingStatus>
        </To>
        <RouteLinkRef>ABAO219_002_19916</RouteLinkRef>
        <Direction>inbound</Direction>
        <RunTime>PT240S</RunTime>
      </JourneyPatternTimingLink>
      <JourneyPatternTimingLink id="JPS_ABAO219-4_19917">
        <From>
          <StopPointRef>630067201</StopPointRef>
          <TimingStatus>OTH</TimingStatus>
        </From>
        <To>
          <StopPointRef>630035131</StopPointRef>
          <TimingStatus>PTP</TimingStatus>
        </To>
        <RouteLinkRef>ABAO219_002_19917</RouteLinkRef>
        <Direction>inbound</Direction>
        <RunTime>PT240S</RunTime>
      </JourneyPatternTimingLink>
      <JourneyPatternTimingLink id="JPS_ABAO219-4_19918">
        <From>
          <StopPointRef>630035131</StopPointRef>
          <TimingStatus>PTP</TimingStatus>
        </From>
        <To>
          <StopPointRef>630060364</StopPointRef>
          <TimingStatus>OTH</TimingStatus>
        </To>
        <RouteLinkRef>ABAO219_002_19918</RouteLinkRef>
        <Direction>inbound</Direction>
        <RunTime>PT180S</RunTime>
      </JourneyPatternTimingLink>
      <JourneyPatternTimingLink id="JPS_ABAO219-4_19919">
        <From>
          <StopPointRef>630060364</StopPointRef>
          <TimingStatus>OTH</TimingStatus>
        </From>
        <To>
          <StopPointRef>630032141</StopPointRef>
          <TimingStatus>PTP</TimingStatus>
        </To>
        <RouteLinkRef>ABAO219_002_19919</RouteLinkRef>
        <Direction>inbound</Direction>
        <RunTime>PT420S</RunTime>
      </JourneyPatternTimingLink>
      <JourneyPatternTimingLink id="JPS_ABAO219-4_19920">
        <From>
          <StopPointRef>630032141</StopPointRef>
          <TimingStatus>PTP</TimingStatus>
        </From>
        <To>
          <StopPointRef>630032151</StopPointRef>
          <TimingStatus>PTP</TimingStatus>
        </To>
        <RouteLinkRef>ABAO219_002_19920</RouteLinkRef>
        <Direction>inbound</Direction>
        <RunTime>PT240S</RunTime>
      </JourneyPatternTimingLink>
      <JourneyPatternTimingLink id="JPS_ABAO219-4_19921">
        <From>
          <StopPointRef>630032151</StopPointRef>
          <TimingStatus>PTP</TimingStatus>
        </From>
        <To>
          <StopPointRef>630032091</StopPointRef>
          <TimingStatus>OTH</TimingStatus>
        </To>
        <RouteLinkRef>ABAO219_002_19921</RouteLinkRef>
        <Direction>inbound</Direction>
        <RunTime>PT180S</RunTime>
      </JourneyPatternTimingLink>
      <JourneyPatternTimingLink id="JPS_ABAO219-4_19922">
        <From>
          <StopPointRef>630032091</StopPointRef>
          <TimingStatus>OTH</TimingStatus>
        </From>
        <To>
          <StopPointRef>630032071</StopPointRef>
          <TimingStatus>PTP</TimingStatus>
        </To>
        <RouteLinkRef>ABAO219_002_19922</RouteLinkRef>
        <Direction>inbound</Direction>
        <RunTime>PT60S</RunTime>
      </JourneyPatternTimingLink>
      <JourneyPatternTimingLink id="JPS_ABAO219-4_19923">
        <From>
          <StopPointRef>630032071</StopPointRef>
          <TimingStatus>PTP</TimingStatus>
        </From>
        <To>
          <StopPointRef>630066121</StopPointRef>
          <TimingStatus>OTH</TimingStatus>
        </To>
        <RouteLinkRef>ABAO219_002_19923</RouteLinkRef>
        <Direction>inbound</Direction>
        <RunTime>PT480S</RunTime>
      </JourneyPatternTimingLink>
      <JourneyPatternTimingLink id="JPS_ABAO219-4_19924">
        <From>
          <StopPointRef>630066121</StopPointRef>
          <TimingStatus>OTH</TimingStatus>
        </From>
        <To>
          <StopPointRef>630066180</StopPointRef>
          <TimingStatus>OTH</TimingStatus>
        </To>
        <RouteLinkRef>ABAO219_002_19924</RouteLinkRef>
        <Direction>inbound</Direction>
        <RunTime>PT360S</RunTime>
      </JourneyPatternTimingLink>
      <JourneyPatternTimingLink id="JPS_ABAO219-4_19925">
        <From>
          <StopPointRef>630066180</StopPointRef>
          <TimingStatus>OTH</TimingStatus>
        </From>
        <To>
          <StopPointRef>630063242</StopPointRef>
          <TimingStatus>PTP</TimingStatus>
        </To>
        <RouteLinkRef>ABAO219_002_19925</RouteLinkRef>
        <Direction>inbound</Direction>
        <RunTime>PT180S</RunTime>
      </JourneyPatternTimingLink>
      <JourneyPatternTimingLink id="JPS_ABAO219-4_19926">
        <From>
          <StopPointRef>630063242</StopPointRef>
          <TimingStatus>PTP</TimingStatus>
        </From>
        <To>
          <StopPointRef>630060312</StopPointRef>
          <TimingStatus>PTP</TimingStatus>
        </To>
        <RouteLinkRef>ABAO219_002_19926</RouteLinkRef>
        <Direction>inbound</Direction>
        <RunTime>PT300S</RunTime>
      </JourneyPatternTimingLink>
      <JourneyPatternTimingLink id="JPS_ABAO219-4_19927">
        <From>
          <StopPointRef>630060312</StopPointRef>
          <TimingStatus>PTP</TimingStatus>
        </From>
        <To>
          <StopPointRef>630066175</StopPointRef>
          <TimingStatus>OTH</TimingStatus>
        </To>
        <RouteLinkRef>ABAO219_002_19927</RouteLinkRef>
        <Direction>inbound</Direction>
        <RunTime>PT60S</RunTime>
      </JourneyPatternTimingLink>
      <JourneyPatternTimingLink id="JPS_ABAO219-4_19928">
        <From>
          <StopPointRef>630066175</StopPointRef>
          <TimingStatus>OTH</TimingStatus>
        </From>
        <To>
          <StopPointRef>630032062</StopPointRef>
          <TimingStatus>OTH</TimingStatus>
        </To>
        <RouteLinkRef>ABAO219_002_19928</RouteLinkRef>
        <Direction>inbound</Direction>
        <RunTime>PT120S</RunTime>
      </JourneyPatternTimingLink>
      <JourneyPatternTimingLink id="JPS_ABAO219-4_19929">
        <From>
          <StopPointRef>630032062</StopPointRef>
          <TimingStatus>OTH</TimingStatus>
        </From>
        <To>
          <StopPointRef>630032051</StopPointRef>
          <TimingStatus>OTH</TimingStatus>
        </To>
        <RouteLinkRef>ABAO219_002_19929</RouteLinkRef>
        <Direction>inbound</Direction>
        <RunTime>PT60S</RunTime>
      </JourneyPatternTimingLink>
      <JourneyPatternTimingLink id="JPS_ABAO219-4_19930">
        <From>
          <StopPointRef>630032051</StopPointRef>
          <TimingStatus>OTH</TimingStatus>
        </From>
        <To>
          <StopPointRef>630032041</StopPointRef>
          <TimingStatus>PTP</TimingStatus>
        </To>
        <RouteLinkRef>ABAO219_002_19930</RouteLinkRef>
        <Direction>inbound</Direction>
        <RunTime>PT60S</RunTime>
      </JourneyPatternTimingLink>
    </JourneyPatternSection>
  </JourneyPatternSections>
  <Operators>
    <Operator id="BLB">
      <NationalOperatorCode>SBLB</NationalOperatorCode>
      <OperatorCode>BLB</OperatorCode>
      <OperatorShortName>Stagecoach North Scotlan</OperatorShortName>
    </Operator>
  </Operators>
  <Services>
    <Service>
      <ServiceCode>ABAO219</ServiceCode>
      <Lines>
        <Line id="0">
          <LineName>219</LineName>
        </Line>
      </Lines>
      <OperatingPeriod>
        <StartDate>2018-05-07</StartDate>
        <EndDate>2020-05-07</EndDate>
      </OperatingPeriod>
      <RegisteredOperatorRef>BLB</RegisteredOperatorRef>
      <StopRequirements>
        <NoNewStopsRequired />
      </StopRequirements>
      <Mode>bus</Mode>
      <Description>Alford - Strathdon</Description>
      <StandardService>
        <Origin>Alford</Origin>
        <Destination>Strathdon</Destination>
        <JourneyPattern id="JPS_ABAO219-3">
          <Direction>outbound</Direction>
          <JourneyPatternSectionRefs>JPS_ABAO219-3</JourneyPatternSectionRefs>
        </JourneyPattern>
        <JourneyPattern id="JPS_ABAO219-4">
          <Direction>inbound</Direction>
          <JourneyPatternSectionRefs>JPS_ABAO219-4</JourneyPatternSectionRefs>
        </JourneyPattern>
      </StandardService>
    </Service>
  </Services>
  <VehicleJourneys>
    <VehicleJourney>
      <OperatorRef>BLB</OperatorRef>
      <OperatingProfile>
        <RegularDayType>
          <DaysOfWeek>
            <Thursday />
            <Friday />
          </DaysOfWeek>
        </RegularDayType>
        <ServicedOrganisationDayType>
          <DaysOfNonOperation>
            <WorkingDays>
              <ServicedOrganisationRef>93</ServicedOrganisationRef>
            </WorkingDays>
          </DaysOfNonOperation>
        </ServicedOrganisationDayType>
      </OperatingProfile>
      <VehicleJourneyCode>9211</VehicleJourneyCode>
      <ServiceRef>ABAO219</ServiceRef>
      <LineRef>0</LineRef>
      <JourneyPatternRef>JPS_ABAO219-3</JourneyPatternRef>
      <DepartureTime>14:40:00</DepartureTime>
    </VehicleJourney>
    <VehicleJourney>
      <OperatorRef>BLB</OperatorRef>
      <OperatingProfile>
        <RegularDayType>
          <DaysOfWeek>
            <Monday />
            <Tuesday />
            <Wednesday />
            <Thursday />
            <Friday />
          </DaysOfWeek>
        </RegularDayType>
        <ServicedOrganisationDayType>
          <DaysOfNonOperation>
            <WorkingDays>
              <ServicedOrganisationRef>91</ServicedOrganisationRef>
            </WorkingDays>
          </DaysOfNonOperation>
        </ServicedOrganisationDayType>
        <SpecialDaysOperation>
          <DaysOfNonOperation>
            <DateRange>
              <StartDate>2020-05-04</StartDate>
              <EndDate>2020-05-04</EndDate>
            </DateRange>
          </DaysOfNonOperation>
        </SpecialDaysOperation>
      </OperatingProfile>
      <VehicleJourneyCode>9209</VehicleJourneyCode>
      <ServiceRef>ABAO219</ServiceRef>
      <LineRef>0</LineRef>
      <JourneyPatternRef>JPS_ABAO219-4</JourneyPatternRef>
      <DepartureTime>07:40:00</DepartureTime>
    </VehicleJourney>
    <VehicleJourney>
      <OperatorRef>BLB</OperatorRef>
      <OperatingProfile>
        <RegularDayType>
          <DaysOfWeek>
            <Monday />
            <Tuesday />
            <Wednesday />
          </DaysOfWeek>
        </RegularDayType>
        <ServicedOrganisationDayType>
          <DaysOfNonOperation>
            <WorkingDays>
              <ServicedOrganisationRef>92</ServicedOrganisationRef>
            </WorkingDays>
          </DaysOfNonOperation>
        </ServicedOrganisationDayType>
        <SpecialDaysOperation>
          <DaysOfNonOperation>
            <DateRange>
              <StartDate>2020-05-04</StartDate>
              <EndDate>2020-05-04</EndDate>
            </DateRange>
          </DaysOfNonOperation>
        </SpecialDaysOperation>
      </OperatingProfile>
      <VehicleJourneyCode>9210</VehicleJourneyCode>
      <ServiceRef>ABAO219</ServiceRef>
      <LineRef>0</LineRef>
      <JourneyPatternRef>JPS_ABAO219-3</JourneyPatternRef>
      <DepartureTime>15:30:00</DepartureTime>
    </VehicleJourney>
  </VehicleJourneys>
</TransXChange>