<?xml version="1.0" encoding="utf-8"?>
<TransXChange xmlns:xsi="http://www.w3.org/2001/XMLSchema-instance" xmlns:xsd="http://www.w3.org/2001/XMLSchema" xsi:schemaLocation="http://www.transxchange.org.uk/ http://www.transxchange.org.uk/schema/2.1/TransXChange_general.xsd" CreationDateTime="2019-10-07T13:03:00-00:00" ModificationDateTime="2019-10-07T13:03:00-00:00" Modification="new" RevisionNumber="0" FileName="SVRAGDO116.xml" SchemaVersion="2.1" RegistrationDocument="false" xmlns="http://www.transxchange.org.uk/">
  <StopPoints>
    <AnnotatedStopPointRef>
      <StopPointRef>6490IM241</StopPointRef>
      <CommonName>Royal Bank of Scotland</CommonName>
    </AnnotatedStopPointRef>
    <AnnotatedStopPointRef>
      <StopPointRef>6490IM795</StopPointRef>
      <CommonName>Queen Street</CommonName>
    </AnnotatedStopPointRef>
    <AnnotatedStopPointRef>
      <StopPointRef>6490IM1289</StopPointRef>
      <CommonName>Nursery Street</CommonName>
    </AnnotatedStopPointRef>
    <AnnotatedStopPointRef>
      <StopPointRef>6490IM694</StopPointRef>
      <CommonName>Hornie Playpark</CommonName>
    </AnnotatedStopPointRef>
    <AnnotatedStopPointRef>
      <StopPointRef>6490IM985</StopPointRef>
      <CommonName>Toll Crescent</CommonName>
    </AnnotatedStopPointRef>
    <AnnotatedStopPointRef>
      <StopPointRef>6490IM783</StopPointRef>
      <CommonName>McCulloch Drive</CommonName>
    </AnnotatedStopPointRef>
    <AnnotatedStopPointRef>
      <StopPointRef>6490IM142</StopPointRef>
      <CommonName>Golf Course</CommonName>
    </AnnotatedStopPointRef>
    <AnnotatedStopPointRef>
      <StopPointRef>6490IM139</StopPointRef>
      <CommonName>Foresterseat Road End</CommonName>
    </AnnotatedStopPointRef>
    <AnnotatedStopPointRef>
      <StopPointRef>6490IM982</StopPointRef>
      <CommonName>Entrance</CommonName>
    </AnnotatedStopPointRef>
    <AnnotatedStopPointRef>
      <StopPointRef>6490IM1086</StopPointRef>
      <CommonName>Greenhead Road End</CommonName>
    </AnnotatedStopPointRef>
    <AnnotatedStopPointRef>
      <StopPointRef>6490IM983</StopPointRef>
      <CommonName>Road End</CommonName>
    </AnnotatedStopPointRef>
    <AnnotatedStopPointRef>
      <StopPointRef>6490IM934</StopPointRef>
      <CommonName>Milldens Road End</CommonName>
    </AnnotatedStopPointRef>
    <AnnotatedStopPointRef>
      <StopPointRef>6490IM1228</StopPointRef>
      <CommonName>Gardyne Road End</CommonName>
    </AnnotatedStopPointRef>
    <AnnotatedStopPointRef>
      <StopPointRef>6490IM260</StopPointRef>
      <CommonName>Guthrie Road End</CommonName>
    </AnnotatedStopPointRef>
    <AnnotatedStopPointRef>
      <StopPointRef>6490IM027</StopPointRef>
      <CommonName>Toll House</CommonName>
    </AnnotatedStopPointRef>
    <AnnotatedStopPointRef>
      <StopPointRef>6490IM1203</StopPointRef>
      <CommonName>Co-Op</CommonName>
    </AnnotatedStopPointRef>
    <AnnotatedStopPointRef>
      <StopPointRef>6490IM1205</StopPointRef>
      <CommonName>Middlegate</CommonName>
    </AnnotatedStopPointRef>
    <AnnotatedStopPointRef>
      <StopPointRef>6490IM1207</StopPointRef>
      <CommonName>Police Station</CommonName>
    </AnnotatedStopPointRef>
    <AnnotatedStopPointRef>
      <StopPointRef>6490IM257</StopPointRef>
      <CommonName>Bus Stance</CommonName>
    </AnnotatedStopPointRef>
    <AnnotatedStopPointRef>
      <StopPointRef>6490IM1958</StopPointRef>
      <CommonName>Primary School</CommonName>
    </AnnotatedStopPointRef>
    <AnnotatedStopPointRef>
      <StopPointRef>6490IM034</StopPointRef>
      <CommonName>Crossroads Cottage</CommonName>
    </AnnotatedStopPointRef>
    <AnnotatedStopPointRef>
      <StopPointRef>6490IM035</StopPointRef>
      <CommonName>Chance Inn</CommonName>
    </AnnotatedStopPointRef>
    <AnnotatedStopPointRef>
      <StopPointRef>6490IM637</StopPointRef>
      <CommonName>Ironshill Farm Cottages</CommonName>
    </AnnotatedStopPointRef>
    <AnnotatedStopPointRef>
      <StopPointRef>6490IM036</StopPointRef>
      <CommonName>Redcastle Road End</CommonName>
    </AnnotatedStopPointRef>
    <AnnotatedStopPointRef>
      <StopPointRef>6490IM1726</StopPointRef>
      <CommonName>Home Farm Road End</CommonName>
    </AnnotatedStopPointRef>
    <AnnotatedStopPointRef>
      <StopPointRef>6490IM037</StopPointRef>
      <CommonName>Imrie Crescent</CommonName>
    </AnnotatedStopPointRef>
    <AnnotatedStopPointRef>
      <StopPointRef>6490IM1890</StopPointRef>
      <CommonName>Dunninald</CommonName>
    </AnnotatedStopPointRef>
    <AnnotatedStopPointRef>
      <StopPointRef>6490IM038</StopPointRef>
      <CommonName>Barns of Craig</CommonName>
    </AnnotatedStopPointRef>
    <AnnotatedStopPointRef>
      <StopPointRef>6490IM1047</StopPointRef>
      <CommonName>Primary School</CommonName>
    </AnnotatedStopPointRef>
    <AnnotatedStopPointRef>
      <StopPointRef>6490IM1211</StopPointRef>
      <CommonName>Craig Road</CommonName>
    </AnnotatedStopPointRef>
    <AnnotatedStopPointRef>
      <StopPointRef>6490IM465</StopPointRef>
      <CommonName>Burnside Place Roundabout</CommonName>
    </AnnotatedStopPointRef>
    <AnnotatedStopPointRef>
      <StopPointRef>6490IM1213</StopPointRef>
      <CommonName>Inch Terrace</CommonName>
    </AnnotatedStopPointRef>
    <AnnotatedStopPointRef>
      <StopPointRef>6490IM126</StopPointRef>
      <CommonName>Old Bus Depot</CommonName>
    </AnnotatedStopPointRef>
    <AnnotatedStopPointRef>
      <StopPointRef>6490IM718</StopPointRef>
      <CommonName>Croft Road</CommonName>
    </AnnotatedStopPointRef>
    <AnnotatedStopPointRef>
      <StopPointRef>6490IM715</StopPointRef>
      <CommonName>Montrose Infirmary</CommonName>
    </AnnotatedStopPointRef>
    <AnnotatedStopPointRef>
      <StopPointRef>6490IM033</StopPointRef>
      <CommonName>Montrose Railway Station</CommonName>
    </AnnotatedStopPointRef>
    <AnnotatedStopPointRef>
      <StopPointRef>6490IM1887</StopPointRef>
      <CommonName>Western Road</CommonName>
    </AnnotatedStopPointRef>
    <AnnotatedStopPointRef>
      <StopPointRef>6490IM1800</StopPointRef>
      <CommonName>Lloyds Pharmacy</CommonName>
    </AnnotatedStopPointRef>
    <AnnotatedStopPointRef>
      <StopPointRef>6490IM707</StopPointRef>
      <CommonName>Redfield Crescent</CommonName>
    </AnnotatedStopPointRef>
    <AnnotatedStopPointRef>
      <StopPointRef>6490IM708</StopPointRef>
      <CommonName>North Street</CommonName>
    </AnnotatedStopPointRef>
    <AnnotatedStopPointRef>
      <StopPointRef>6490IM711</StopPointRef>
      <CommonName>Upper Hall Street</CommonName>
    </AnnotatedStopPointRef>
    <AnnotatedStopPointRef>
      <StopPointRef>6490IM025</StopPointRef>
      <CommonName>Co-op</CommonName>
    </AnnotatedStopPointRef>
    <AnnotatedStopPointRef>
      <StopPointRef>6490IM713</StopPointRef>
      <CommonName>Old Post Office</CommonName>
    </AnnotatedStopPointRef>
    <AnnotatedStopPointRef>
      <StopPointRef>6490IM716</StopPointRef>
      <CommonName>Montrose Infirmary</CommonName>
    </AnnotatedStopPointRef>
    <AnnotatedStopPointRef>
      <StopPointRef>6490IM717</StopPointRef>
      <CommonName>Riverside Road</CommonName>
    </AnnotatedStopPointRef>
    <AnnotatedStopPointRef>
      <StopPointRef>6490IM284</StopPointRef>
      <CommonName>Old Bus Depot</CommonName>
    </AnnotatedStopPointRef>
    <AnnotatedStopPointRef>
      <StopPointRef>6490IM1212</StopPointRef>
      <CommonName>Inch Terrace</CommonName>
    </AnnotatedStopPointRef>
    <AnnotatedStopPointRef>
      <StopPointRef>6490IM1209</StopPointRef>
      <CommonName>Burnside Place</CommonName>
    </AnnotatedStopPointRef>
    <AnnotatedStopPointRef>
      <StopPointRef>6490IM1210</StopPointRef>
      <CommonName>Craig Road</CommonName>
    </AnnotatedStopPointRef>
    <AnnotatedStopPointRef>
      <StopPointRef>6490IM1996</StopPointRef>
      <CommonName>Grampian View</CommonName>
    </AnnotatedStopPointRef>
    <AnnotatedStopPointRef>
      <StopPointRef>6490IM1995</StopPointRef>
      <CommonName>Barns of Craig</CommonName>
    </AnnotatedStopPointRef>
    <AnnotatedStopPointRef>
      <StopPointRef>6490IM1891</StopPointRef>
      <CommonName>Dunninald</CommonName>
    </AnnotatedStopPointRef>
    <AnnotatedStopPointRef>
      <StopPointRef>6490IM096</StopPointRef>
      <CommonName>Imrie Crescent</CommonName>
    </AnnotatedStopPointRef>
    <AnnotatedStopPointRef>
      <StopPointRef>6490IM9120</StopPointRef>
      <CommonName>Home Farm Road End</CommonName>
    </AnnotatedStopPointRef>
    <AnnotatedStopPointRef>
      <StopPointRef>6490IM267</StopPointRef>
      <CommonName>Redcastle Road End</CommonName>
    </AnnotatedStopPointRef>
    <AnnotatedStopPointRef>
      <StopPointRef>6490IM750</StopPointRef>
      <CommonName>Ironshill Farm Cottages</CommonName>
    </AnnotatedStopPointRef>
    <AnnotatedStopPointRef>
      <StopPointRef>6490IM456</StopPointRef>
      <CommonName>Chance Inn</CommonName>
    </AnnotatedStopPointRef>
    <AnnotatedStopPointRef>
      <StopPointRef>6490IM063</StopPointRef>
      <CommonName>Crossroads Cottage</CommonName>
    </AnnotatedStopPointRef>
    <AnnotatedStopPointRef>
      <StopPointRef>6490IM1208</StopPointRef>
      <CommonName>Police Station</CommonName>
    </AnnotatedStopPointRef>
    <AnnotatedStopPointRef>
      <StopPointRef>6490IM1206</StopPointRef>
      <CommonName>Middlegate</CommonName>
    </AnnotatedStopPointRef>
    <AnnotatedStopPointRef>
      <StopPointRef>6490IM1204</StopPointRef>
      <CommonName>Co-Op</CommonName>
    </AnnotatedStopPointRef>
    <AnnotatedStopPointRef>
      <StopPointRef>6490IM1437</StopPointRef>
      <CommonName>Toll House</CommonName>
    </AnnotatedStopPointRef>
    <AnnotatedStopPointRef>
      <StopPointRef>6490IM445</StopPointRef>
      <CommonName>Guthrie Road End</CommonName>
    </AnnotatedStopPointRef>
    <AnnotatedStopPointRef>
      <StopPointRef>6490IM1227</StopPointRef>
      <CommonName>Gardyne Road End</CommonName>
    </AnnotatedStopPointRef>
    <AnnotatedStopPointRef>
      <StopPointRef>6490IM1226</StopPointRef>
      <CommonName>Milldens Road End</CommonName>
    </AnnotatedStopPointRef>
    <AnnotatedStopPointRef>
      <StopPointRef>6490IM962</StopPointRef>
      <CommonName>Road End</CommonName>
    </AnnotatedStopPointRef>
    <AnnotatedStopPointRef>
      <StopPointRef>6490IM984</StopPointRef>
      <CommonName>Greenhead Road End</CommonName>
    </AnnotatedStopPointRef>
    <AnnotatedStopPointRef>
      <StopPointRef>6490IM1070</StopPointRef>
      <CommonName>Entrance</CommonName>
    </AnnotatedStopPointRef>
    <AnnotatedStopPointRef>
      <StopPointRef>6490IM986</StopPointRef>
      <CommonName>Foresterseat Road End</CommonName>
    </AnnotatedStopPointRef>
    <AnnotatedStopPointRef>
      <StopPointRef>6490IM981</StopPointRef>
      <CommonName>Golf Club</CommonName>
    </AnnotatedStopPointRef>
    <AnnotatedStopPointRef>
      <StopPointRef>6490IM784</StopPointRef>
      <CommonName>McCulloch Drive</CommonName>
    </AnnotatedStopPointRef>
    <AnnotatedStopPointRef>
      <StopPointRef>6490IM202</StopPointRef>
      <CommonName>Toll Crescent</CommonName>
    </AnnotatedStopPointRef>
    <AnnotatedStopPointRef>
      <StopPointRef>6490IM1231</StopPointRef>
      <CommonName>Hornie Playpark</CommonName>
    </AnnotatedStopPointRef>
    <AnnotatedStopPointRef>
      <StopPointRef>6490IM1290</StopPointRef>
      <CommonName>Nursery Street</CommonName>
    </AnnotatedStopPointRef>
    <AnnotatedStopPointRef>
      <StopPointRef>6490IM794</StopPointRef>
      <CommonName>Queen Street</CommonName>
    </AnnotatedStopPointRef>
    <AnnotatedStopPointRef>
      <StopPointRef>6490IM331</StopPointRef>
      <CommonName>St John's Church</CommonName>
    </AnnotatedStopPointRef>
  </StopPoints>
  <RouteSections>
    <RouteSection id="AGDO116_001">
      <RouteLink id="AGDO116_001_50929">
        <From>
          <StopPointRef>6490IM241</StopPointRef>
        </From>
        <To>
          <StopPointRef>6490IM795</StopPointRef>
        </To>
        <Direction>outbound</Direction>
      </RouteLink>
      <RouteLink id="AGDO116_001_50930">
        <From>
          <StopPointRef>6490IM795</StopPointRef>
        </From>
        <To>
          <StopPointRef>6490IM1289</StopPointRef>
        </To>
        <Direction>outbound</Direction>
      </RouteLink>
      <RouteLink id="AGDO116_001_50931">
        <From>
          <StopPointRef>6490IM1289</StopPointRef>
        </From>
        <To>
          <StopPointRef>6490IM694</StopPointRef>
        </To>
        <Direction>outbound</Direction>
      </RouteLink>
      <RouteLink id="AGDO116_001_50932">
        <From>
          <StopPointRef>6490IM694</StopPointRef>
        </From>
        <To>
          <StopPointRef>6490IM985</StopPointRef>
        </To>
        <Direction>outbound</Direction>
      </RouteLink>
      <RouteLink id="AGDO116_001_50933">
        <From>
          <StopPointRef>6490IM985</StopPointRef>
        </From>
        <To>
          <StopPointRef>6490IM783</StopPointRef>
        </To>
        <Direction>outbound</Direction>
      </RouteLink>
      <RouteLink id="AGDO116_001_50934">
        <From>
          <StopPointRef>6490IM783</StopPointRef>
        </From>
        <To>
          <StopPointRef>6490IM142</StopPointRef>
        </To>
        <Direction>outbound</Direction>
      </RouteLink>
      <RouteLink id="AGDO116_001_50935">
        <From>
          <StopPointRef>6490IM142</StopPointRef>
        </From>
        <To>
          <StopPointRef>6490IM139</StopPointRef>
        </To>
        <Direction>outbound</Direction>
      </RouteLink>
      <RouteLink id="AGDO116_001_50936">
        <From>
          <StopPointRef>6490IM139</StopPointRef>
        </From>
        <To>
          <StopPointRef>6490IM982</StopPointRef>
        </To>
        <Direction>outbound</Direction>
      </RouteLink>
      <RouteLink id="AGDO116_001_50937">
        <From>
          <StopPointRef>6490IM982</StopPointRef>
        </From>
        <To>
          <StopPointRef>6490IM1086</StopPointRef>
        </To>
        <Direction>outbound</Direction>
      </RouteLink>
      <RouteLink id="AGDO116_001_50938">
        <From>
          <StopPointRef>6490IM1086</StopPointRef>
        </From>
        <To>
          <StopPointRef>6490IM983</StopPointRef>
        </To>
        <Direction>outbound</Direction>
      </RouteLink>
      <RouteLink id="AGDO116_001_50939">
        <From>
          <StopPointRef>6490IM983</StopPointRef>
        </From>
        <To>
          <StopPointRef>6490IM934</StopPointRef>
        </To>
        <Direction>outbound</Direction>
      </RouteLink>
      <RouteLink id="AGDO116_001_50940">
        <From>
          <StopPointRef>6490IM934</StopPointRef>
        </From>
        <To>
          <StopPointRef>6490IM1228</StopPointRef>
        </To>
        <Direction>outbound</Direction>
      </RouteLink>
      <RouteLink id="AGDO116_001_50941">
        <From>
          <StopPointRef>6490IM1228</StopPointRef>
        </From>
        <To>
          <StopPointRef>6490IM260</StopPointRef>
        </To>
        <Direction>outbound</Direction>
      </RouteLink>
      <RouteLink id="AGDO116_001_50942">
        <From>
          <StopPointRef>6490IM260</StopPointRef>
        </From>
        <To>
          <StopPointRef>6490IM027</StopPointRef>
        </To>
        <Direction>outbound</Direction>
      </RouteLink>
      <RouteLink id="AGDO116_001_50943">
        <From>
          <StopPointRef>6490IM027</StopPointRef>
        </From>
        <To>
          <StopPointRef>6490IM1203</StopPointRef>
        </To>
        <Direction>outbound</Direction>
      </RouteLink>
      <RouteLink id="AGDO116_001_50944">
        <From>
          <StopPointRef>6490IM1203</StopPointRef>
        </From>
        <To>
          <StopPointRef>6490IM1205</StopPointRef>
        </To>
        <Direction>outbound</Direction>
      </RouteLink>
      <RouteLink id="AGDO116_001_50945">
        <From>
          <StopPointRef>6490IM1205</StopPointRef>
        </From>
        <To>
          <StopPointRef>6490IM1207</StopPointRef>
        </To>
        <Direction>outbound</Direction>
      </RouteLink>
      <RouteLink id="AGDO116_001_50946">
        <From>
          <StopPointRef>6490IM1207</StopPointRef>
        </From>
        <To>
          <StopPointRef>6490IM257</StopPointRef>
        </To>
        <Direction>outbound</Direction>
      </RouteLink>
      <RouteLink id="AGDO116_001_50947">
        <From>
          <StopPointRef>6490IM257</StopPointRef>
        </From>
        <To>
          <StopPointRef>6490IM1958</StopPointRef>
        </To>
        <Direction>outbound</Direction>
      </RouteLink>
      <RouteLink id="AGDO116_001_50948">
        <From>
          <StopPointRef>6490IM1958</StopPointRef>
        </From>
        <To>
          <StopPointRef>6490IM034</StopPointRef>
        </To>
        <Direction>outbound</Direction>
      </RouteLink>
      <RouteLink id="AGDO116_001_50949">
        <From>
          <StopPointRef>6490IM034</StopPointRef>
        </From>
        <To>
          <StopPointRef>6490IM035</StopPointRef>
        </To>
        <Direction>outbound</Direction>
      </RouteLink>
      <RouteLink id="AGDO116_001_50950">
        <From>
          <StopPointRef>6490IM035</StopPointRef>
        </From>
        <To>
          <StopPointRef>6490IM637</StopPointRef>
        </To>
        <Direction>outbound</Direction>
      </RouteLink>
      <RouteLink id="AGDO116_001_50951">
        <From>
          <StopPointRef>6490IM637</StopPointRef>
        </From>
        <To>
          <StopPointRef>6490IM036</StopPointRef>
        </To>
        <Direction>outbound</Direction>
      </RouteLink>
      <RouteLink id="AGDO116_001_50952">
        <From>
          <StopPointRef>6490IM036</StopPointRef>
        </From>
        <To>
          <StopPointRef>6490IM1726</StopPointRef>
        </To>
        <Direction>outbound</Direction>
      </RouteLink>
      <RouteLink id="AGDO116_001_50953">
        <From>
          <StopPointRef>6490IM1726</StopPointRef>
        </From>
        <To>
          <StopPointRef>6490IM037</StopPointRef>
        </To>
        <Direction>outbound</Direction>
      </RouteLink>
      <RouteLink id="AGDO116_001_50954">
        <From>
          <StopPointRef>6490IM037</StopPointRef>
        </From>
        <To>
          <StopPointRef>6490IM1890</StopPointRef>
        </To>
        <Direction>outbound</Direction>
      </RouteLink>
      <RouteLink id="AGDO116_001_50955">
        <From>
          <StopPointRef>6490IM1890</StopPointRef>
        </From>
        <To>
          <StopPointRef>6490IM038</StopPointRef>
        </To>
        <Direction>outbound</Direction>
      </RouteLink>
      <RouteLink id="AGDO116_001_50956">
        <From>
          <StopPointRef>6490IM038</StopPointRef>
        </From>
        <To>
          <StopPointRef>6490IM1047</StopPointRef>
        </To>
        <Direction>outbound</Direction>
      </RouteLink>
      <RouteLink id="AGDO116_001_50957">
        <From>
          <StopPointRef>6490IM1047</StopPointRef>
        </From>
        <To>
          <StopPointRef>6490IM1211</StopPointRef>
        </To>
        <Direction>outbound</Direction>
      </RouteLink>
      <RouteLink id="AGDO116_001_50958">
        <From>
          <StopPointRef>6490IM1211</StopPointRef>
        </From>
        <To>
          <StopPointRef>6490IM465</StopPointRef>
        </To>
        <Direction>outbound</Direction>
      </RouteLink>
      <RouteLink id="AGDO116_001_50959">
        <From>
          <StopPointRef>6490IM465</StopPointRef>
        </From>
        <To>
          <StopPointRef>6490IM1213</StopPointRef>
        </To>
        <Direction>outbound</Direction>
      </RouteLink>
      <RouteLink id="AGDO116_001_50960">
        <From>
          <StopPointRef>6490IM1213</StopPointRef>
        </From>
        <To>
          <StopPointRef>6490IM126</StopPointRef>
        </To>
        <Direction>outbound</Direction>
      </RouteLink>
      <RouteLink id="AGDO116_001_50961">
        <From>
          <StopPointRef>6490IM126</StopPointRef>
        </From>
        <To>
          <StopPointRef>6490IM718</StopPointRef>
        </To>
        <Direction>outbound</Direction>
      </RouteLink>
      <RouteLink id="AGDO116_001_50962">
        <From>
          <StopPointRef>6490IM718</StopPointRef>
        </From>
        <To>
          <StopPointRef>6490IM715</StopPointRef>
        </To>
        <Direction>outbound</Direction>
      </RouteLink>
      <RouteLink id="AGDO116_001_50963">
        <From>
          <StopPointRef>6490IM715</StopPointRef>
        </From>
        <To>
          <StopPointRef>6490IM033</StopPointRef>
        </To>
        <Direction>outbound</Direction>
      </RouteLink>
      <RouteLink id="AGDO116_001_50964">
        <From>
          <StopPointRef>6490IM033</StopPointRef>
        </From>
        <To>
          <StopPointRef>6490IM1887</StopPointRef>
        </To>
        <Direction>outbound</Direction>
      </RouteLink>
      <RouteLink id="AGDO116_001_50965">
        <From>
          <StopPointRef>6490IM1887</StopPointRef>
        </From>
        <To>
          <StopPointRef>6490IM1800</StopPointRef>
        </To>
        <Direction>outbound</Direction>
      </RouteLink>
    </RouteSection>
    <RouteSection id="AGDO116_002">
      <RouteLink id="AGDO116_002_50889">
        <From>
          <StopPointRef>6490IM033</StopPointRef>
        </From>
        <To>
          <StopPointRef>6490IM707</StopPointRef>
        </To>
        <Direction>inbound</Direction>
      </RouteLink>
      <RouteLink id="AGDO116_002_50890">
        <From>
          <StopPointRef>6490IM707</StopPointRef>
        </From>
        <To>
          <StopPointRef>6490IM708</StopPointRef>
        </To>
        <Direction>inbound</Direction>
      </RouteLink>
      <RouteLink id="AGDO116_002_50891">
        <From>
          <StopPointRef>6490IM708</StopPointRef>
        </From>
        <To>
          <StopPointRef>6490IM711</StopPointRef>
        </To>
        <Direction>inbound</Direction>
      </RouteLink>
      <RouteLink id="AGDO116_002_50892">
        <From>
          <StopPointRef>6490IM711</StopPointRef>
        </From>
        <To>
          <StopPointRef>6490IM025</StopPointRef>
        </To>
        <Direction>inbound</Direction>
      </RouteLink>
      <RouteLink id="AGDO116_002_50893">
        <From>
          <StopPointRef>6490IM025</StopPointRef>
        </From>
        <To>
          <StopPointRef>6490IM713</StopPointRef>
        </To>
        <Direction>inbound</Direction>
      </RouteLink>
      <RouteLink id="AGDO116_002_50894">
        <From>
          <StopPointRef>6490IM713</StopPointRef>
        </From>
        <To>
          <StopPointRef>6490IM716</StopPointRef>
        </To>
        <Direction>inbound</Direction>
      </RouteLink>
      <RouteLink id="AGDO116_002_50895">
        <From>
          <StopPointRef>6490IM716</StopPointRef>
        </From>
        <To>
          <StopPointRef>6490IM717</StopPointRef>
        </To>
        <Direction>inbound</Direction>
      </RouteLink>
      <RouteLink id="AGDO116_002_50896">
        <From>
          <StopPointRef>6490IM717</StopPointRef>
        </From>
        <To>
          <StopPointRef>6490IM284</StopPointRef>
        </To>
        <Direction>inbound</Direction>
      </RouteLink>
      <RouteLink id="AGDO116_002_50897">
        <From>
          <StopPointRef>6490IM284</StopPointRef>
        </From>
        <To>
          <StopPointRef>6490IM1212</StopPointRef>
        </To>
        <Direction>inbound</Direction>
      </RouteLink>
      <RouteLink id="AGDO116_002_50898">
        <From>
          <StopPointRef>6490IM1212</StopPointRef>
        </From>
        <To>
          <StopPointRef>6490IM1209</StopPointRef>
        </To>
        <Direction>inbound</Direction>
      </RouteLink>
      <RouteLink id="AGDO116_002_50899">
        <From>
          <StopPointRef>6490IM1209</StopPointRef>
        </From>
        <To>
          <StopPointRef>6490IM1210</StopPointRef>
        </To>
        <Direction>inbound</Direction>
      </RouteLink>
      <RouteLink id="AGDO116_002_50900">
        <From>
          <StopPointRef>6490IM1210</StopPointRef>
        </From>
        <To>
          <StopPointRef>6490IM1996</StopPointRef>
        </To>
        <Direction>inbound</Direction>
      </RouteLink>
      <RouteLink id="AGDO116_002_50901">
        <From>
          <StopPointRef>6490IM1996</StopPointRef>
        </From>
        <To>
          <StopPointRef>6490IM1995</StopPointRef>
        </To>
        <Direction>inbound</Direction>
      </RouteLink>
      <RouteLink id="AGDO116_002_50902">
        <From>
          <StopPointRef>6490IM1995</StopPointRef>
        </From>
        <To>
          <StopPointRef>6490IM1891</StopPointRef>
        </To>
        <Direction>inbound</Direction>
      </RouteLink>
      <RouteLink id="AGDO116_002_50903">
        <From>
          <StopPointRef>6490IM1891</StopPointRef>
        </From>
        <To>
          <StopPointRef>6490IM096</StopPointRef>
        </To>
        <Direction>inbound</Direction>
      </RouteLink>
      <RouteLink id="AGDO116_002_50904">
        <From>
          <StopPointRef>6490IM096</StopPointRef>
        </From>
        <To>
          <StopPointRef>6490IM9120</StopPointRef>
        </To>
        <Direction>inbound</Direction>
      </RouteLink>
      <RouteLink id="AGDO116_002_50905">
        <From>
          <StopPointRef>6490IM9120</StopPointRef>
        </From>
        <To>
          <StopPointRef>6490IM267</StopPointRef>
        </To>
        <Direction>inbound</Direction>
      </RouteLink>
      <RouteLink id="AGDO116_002_50906">
        <From>
          <StopPointRef>6490IM267</StopPointRef>
        </From>
        <To>
          <StopPointRef>6490IM750</StopPointRef>
        </To>
        <Direction>inbound</Direction>
      </RouteLink>
      <RouteLink id="AGDO116_002_50907">
        <From>
          <StopPointRef>6490IM750</StopPointRef>
        </From>
        <To>
          <StopPointRef>6490IM456</StopPointRef>
        </To>
        <Direction>inbound</Direction>
      </RouteLink>
      <RouteLink id="AGDO116_002_50908">
        <From>
          <StopPointRef>6490IM456</StopPointRef>
        </From>
        <To>
          <StopPointRef>6490IM063</StopPointRef>
        </To>
        <Direction>inbound</Direction>
      </RouteLink>
      <RouteLink id="AGDO116_002_50909">
        <From>
          <StopPointRef>6490IM063</StopPointRef>
        </From>
        <To>
          <StopPointRef>6490IM257</StopPointRef>
        </To>
        <Direction>inbound</Direction>
      </RouteLink>
      <RouteLink id="AGDO116_002_50910">
        <From>
          <StopPointRef>6490IM257</StopPointRef>
        </From>
        <To>
          <StopPointRef>6490IM1208</StopPointRef>
        </To>
        <Direction>inbound</Direction>
      </RouteLink>
      <RouteLink id="AGDO116_002_50911">
        <From>
          <StopPointRef>6490IM1208</StopPointRef>
        </From>
        <To>
          <StopPointRef>6490IM1206</StopPointRef>
        </To>
        <Direction>inbound</Direction>
      </RouteLink>
      <RouteLink id="AGDO116_002_50912">
        <From>
          <StopPointRef>6490IM1206</StopPointRef>
        </From>
        <To>
          <StopPointRef>6490IM1204</StopPointRef>
        </To>
        <Direction>inbound</Direction>
      </RouteLink>
      <RouteLink id="AGDO116_002_50913">
        <From>
          <StopPointRef>6490IM1204</StopPointRef>
        </From>
        <To>
          <StopPointRef>6490IM1437</StopPointRef>
        </To>
        <Direction>inbound</Direction>
      </RouteLink>
      <RouteLink id="AGDO116_002_50914">
        <From>
          <StopPointRef>6490IM1437</StopPointRef>
        </From>
        <To>
          <StopPointRef>6490IM445</StopPointRef>
        </To>
        <Direction>inbound</Direction>
      </RouteLink>
      <RouteLink id="AGDO116_002_50915">
        <From>
          <StopPointRef>6490IM445</StopPointRef>
        </From>
        <To>
          <StopPointRef>6490IM1227</StopPointRef>
        </To>
        <Direction>inbound</Direction>
      </RouteLink>
      <RouteLink id="AGDO116_002_50916">
        <From>
          <StopPointRef>6490IM1227</StopPointRef>
        </From>
        <To>
          <StopPointRef>6490IM1226</StopPointRef>
        </To>
        <Direction>inbound</Direction>
      </RouteLink>
      <RouteLink id="AGDO116_002_50917">
        <From>
          <StopPointRef>6490IM1226</StopPointRef>
        </From>
        <To>
          <StopPointRef>6490IM962</StopPointRef>
        </To>
        <Direction>inbound</Direction>
      </RouteLink>
      <RouteLink id="AGDO116_002_50918">
        <From>
          <StopPointRef>6490IM962</StopPointRef>
        </From>
        <To>
          <StopPointRef>6490IM984</StopPointRef>
        </To>
        <Direction>inbound</Direction>
      </RouteLink>
      <RouteLink id="AGDO116_002_50919">
        <From>
          <StopPointRef>6490IM984</StopPointRef>
        </From>
        <To>
          <StopPointRef>6490IM1070</StopPointRef>
        </To>
        <Direction>inbound</Direction>
      </RouteLink>
      <RouteLink id="AGDO116_002_50920">
        <From>
          <StopPointRef>6490IM1070</StopPointRef>
        </From>
        <To>
          <StopPointRef>6490IM986</StopPointRef>
        </To>
        <Direction>inbound</Direction>
      </RouteLink>
      <RouteLink id="AGDO116_002_50921">
        <From>
          <StopPointRef>6490IM986</StopPointRef>
        </From>
        <To>
          <StopPointRef>6490IM981</StopPointRef>
        </To>
        <Direction>inbound</Direction>
      </RouteLink>
      <RouteLink id="AGDO116_002_50922">
        <From>
          <StopPointRef>6490IM981</StopPointRef>
        </From>
        <To>
          <StopPointRef>6490IM784</StopPointRef>
        </To>
        <Direction>inbound</Direction>
      </RouteLink>
      <RouteLink id="AGDO116_002_50923">
        <From>
          <StopPointRef>6490IM784</StopPointRef>
        </From>
        <To>
          <StopPointRef>6490IM202</StopPointRef>
        </To>
        <Direction>inbound</Direction>
      </RouteLink>
      <RouteLink id="AGDO116_002_50924">
        <From>
          <StopPointRef>6490IM202</StopPointRef>
        </From>
        <To>
          <StopPointRef>6490IM1231</StopPointRef>
        </To>
        <Direction>inbound</Direction>
      </RouteLink>
      <RouteLink id="AGDO116_002_50925">
        <From>
          <StopPointRef>6490IM1231</StopPointRef>
        </From>
        <To>
          <StopPointRef>6490IM1290</StopPointRef>
        </To>
        <Direction>inbound</Direction>
      </RouteLink>
      <RouteLink id="AGDO116_002_50926">
        <From>
          <StopPointRef>6490IM1290</StopPointRef>
        </From>
        <To>
          <StopPointRef>6490IM794</StopPointRef>
        </To>
        <Direction>inbound</Direction>
      </RouteLink>
      <RouteLink id="AGDO116_002_50927">
        <From>
          <StopPointRef>6490IM794</StopPointRef>
        </From>
        <To>
          <StopPointRef>6490IM331</StopPointRef>
        </To>
        <Direction>inbound</Direction>
      </RouteLink>
    </RouteSection>
  </RouteSections>
  <Routes>
    <Route id="AGDO116_001">
      <Description>Forfar - Montrose
</Description>
      <RouteSectionRef>AGDO116_001</RouteSectionRef>
    </Route>
    <Route id="AGDO116_002">
      <Description>Montrose - Forfar
</Description>
      <RouteSectionRef>AGDO116_002</RouteSectionRef>
    </Route>
  </Routes>
  <JourneyPatternSections>
    <JourneyPatternSection id="JPS_AGDO116-3">
      <JourneyPatternTimingLink id="JPS_AGDO116-3_50929">
        <From>
          <StopPointRef>6490IM241</StopPointRef>
          <TimingStatus>PTP</TimingStatus>
        </From>
        <To>
          <StopPointRef>6490IM795</StopPointRef>
          <TimingStatus>OTH</TimingStatus>
        </To>
        <RouteLinkRef>AGDO116_001_50929</RouteLinkRef>
        <Direction>outbound</Direction>
        <RunTime>PT0S</RunTime>
      </JourneyPatternTimingLink>
      <JourneyPatternTimingLink id="JPS_AGDO116-3_50930">
        <From>
          <StopPointRef>6490IM795</StopPointRef>
          <TimingStatus>OTH</TimingStatus>
        </From>
        <To>
          <StopPointRef>6490IM1289</StopPointRef>
          <TimingStatus>OTH</TimingStatus>
        </To>
        <RouteLinkRef>AGDO116_001_50930</RouteLinkRef>
        <Direction>outbound</Direction>
        <RunTime>PT0S</RunTime>
      </JourneyPatternTimingLink>
      <JourneyPatternTimingLink id="JPS_AGDO116-3_50931">
        <From>
          <StopPointRef>6490IM1289</StopPointRef>
          <TimingStatus>OTH</TimingStatus>
        </From>
        <To>
          <StopPointRef>6490IM694</StopPointRef>
          <TimingStatus>OTH</TimingStatus>
        </To>
        <RouteLinkRef>AGDO116_001_50931</RouteLinkRef>
        <Direction>outbound</Direction>
        <RunTime>PT0S</RunTime>
      </JourneyPatternTimingLink>
      <JourneyPatternTimingLink id="JPS_AGDO116-3_50932">
        <From>
          <StopPointRef>6490IM694</StopPointRef>
          <TimingStatus>OTH</TimingStatus>
        </From>
        <To>
          <StopPointRef>6490IM985</StopPointRef>
          <TimingStatus>OTH</TimingStatus>
        </To>
        <RouteLinkRef>AGDO116_001_50932</RouteLinkRef>
        <Direction>outbound</Direction>
        <RunTime>PT0S</RunTime>
      </JourneyPatternTimingLink>
      <JourneyPatternTimingLink id="JPS_AGDO116-3_50933">
        <From>
          <StopPointRef>6490IM985</StopPointRef>
          <TimingStatus>OTH</TimingStatus>
        </From>
        <To>
          <StopPointRef>6490IM783</StopPointRef>
          <TimingStatus>OTH</TimingStatus>
        </To>
        <RouteLinkRef>AGDO116_001_50933</RouteLinkRef>
        <Direction>outbound</Direction>
        <RunTime>PT60S</RunTime>
      </JourneyPatternTimingLink>
      <JourneyPatternTimingLink id="JPS_AGDO116-3_50934">
        <From>
          <StopPointRef>6490IM783</StopPointRef>
          <TimingStatus>OTH</TimingStatus>
        </From>
        <To>
          <StopPointRef>6490IM142</StopPointRef>
          <TimingStatus>OTH</TimingStatus>
        </To>
        <RouteLinkRef>AGDO116_001_50934</RouteLinkRef>
        <Direction>outbound</Direction>
        <RunTime>PT60S</RunTime>
      </JourneyPatternTimingLink>
      <JourneyPatternTimingLink id="JPS_AGDO116-3_50935">
        <From>
          <StopPointRef>6490IM142</StopPointRef>
          <TimingStatus>OTH</TimingStatus>
        </From>
        <To>
          <StopPointRef>6490IM139</StopPointRef>
          <TimingStatus>OTH</TimingStatus>
        </To>
        <RouteLinkRef>AGDO116_001_50935</RouteLinkRef>
        <Direction>outbound</Direction>
        <RunTime>PT120S</RunTime>
      </JourneyPatternTimingLink>
      <JourneyPatternTimingLink id="JPS_AGDO116-3_50936">
        <From>
          <StopPointRef>6490IM139</StopPointRef>
          <TimingStatus>OTH</TimingStatus>
        </From>
        <To>
          <StopPointRef>6490IM982</StopPointRef>
          <TimingStatus>OTH</TimingStatus>
        </To>
        <RouteLinkRef>AGDO116_001_50936</RouteLinkRef>
        <Direction>outbound</Direction>
        <RunTime>PT60S</RunTime>
      </JourneyPatternTimingLink>
      <JourneyPatternTimingLink id="JPS_AGDO116-3_50937">
        <From>
          <StopPointRef>6490IM982</StopPointRef>
          <TimingStatus>OTH</TimingStatus>
        </From>
        <To>
          <StopPointRef>6490IM1086</StopPointRef>
          <TimingStatus>OTH</TimingStatus>
        </To>
        <RouteLinkRef>AGDO116_001_50937</RouteLinkRef>
        <Direction>outbound</Direction>
        <RunTime>PT0S</RunTime>
      </JourneyPatternTimingLink>
      <JourneyPatternTimingLink id="JPS_AGDO116-3_50938">
        <From>
          <StopPointRef>6490IM1086</StopPointRef>
          <TimingStatus>OTH</TimingStatus>
        </From>
        <To>
          <StopPointRef>6490IM983</StopPointRef>
          <TimingStatus>OTH</TimingStatus>
        </To>
        <RouteLinkRef>AGDO116_001_50938</RouteLinkRef>
        <Direction>outbound</Direction>
        <RunTime>PT180S</RunTime>
      </JourneyPatternTimingLink>
      <JourneyPatternTimingLink id="JPS_AGDO116-3_50939">
        <From>
          <StopPointRef>6490IM983</StopPointRef>
          <TimingStatus>OTH</TimingStatus>
        </From>
        <To>
          <StopPointRef>6490IM934</StopPointRef>
          <TimingStatus>OTH</TimingStatus>
        </To>
        <RouteLinkRef>AGDO116_001_50939</RouteLinkRef>
        <Direction>outbound</Direction>
        <RunTime>PT60S</RunTime>
      </JourneyPatternTimingLink>
      <JourneyPatternTimingLink id="JPS_AGDO116-3_50940">
        <From>
          <StopPointRef>6490IM934</StopPointRef>
          <TimingStatus>OTH</TimingStatus>
        </From>
        <To>
          <StopPointRef>6490IM1228</StopPointRef>
          <TimingStatus>OTH</TimingStatus>
        </To>
        <RouteLinkRef>AGDO116_001_50940</RouteLinkRef>
        <Direction>outbound</Direction>
        <RunTime>PT120S</RunTime>
      </JourneyPatternTimingLink>
      <JourneyPatternTimingLink id="JPS_AGDO116-3_50941">
        <From>
          <StopPointRef>6490IM1228</StopPointRef>
          <TimingStatus>OTH</TimingStatus>
        </From>
        <To>
          <StopPointRef>6490IM260</StopPointRef>
          <TimingStatus>PTP</TimingStatus>
        </To>
        <RouteLinkRef>AGDO116_001_50941</RouteLinkRef>
        <Direction>outbound</Direction>
        <RunTime>PT60S</RunTime>
      </JourneyPatternTimingLink>
      <JourneyPatternTimingLink id="JPS_AGDO116-3_50942">
        <From>
          <StopPointRef>6490IM260</StopPointRef>
          <TimingStatus>PTP</TimingStatus>
        </From>
        <To>
          <StopPointRef>6490IM027</StopPointRef>
          <TimingStatus>OTH</TimingStatus>
        </To>
        <RouteLinkRef>AGDO116_001_50942</RouteLinkRef>
        <Direction>outbound</Direction>
        <RunTime>PT180S</RunTime>
      </JourneyPatternTimingLink>
      <JourneyPatternTimingLink id="JPS_AGDO116-3_50943">
        <From>
          <StopPointRef>6490IM027</StopPointRef>
          <TimingStatus>OTH</TimingStatus>
        </From>
        <To>
          <StopPointRef>6490IM1203</StopPointRef>
          <TimingStatus>OTH</TimingStatus>
        </To>
        <RouteLinkRef>AGDO116_001_50943</RouteLinkRef>
        <Direction>outbound</Direction>
        <RunTime>PT0S</RunTime>
      </JourneyPatternTimingLink>
      <JourneyPatternTimingLink id="JPS_AGDO116-3_50944">
        <From>
          <StopPointRef>6490IM1203</StopPointRef>
          <TimingStatus>OTH</TimingStatus>
        </From>
        <To>
          <StopPointRef>6490IM1205</StopPointRef>
          <TimingStatus>OTH</TimingStatus>
        </To>
        <RouteLinkRef>AGDO116_001_50944</RouteLinkRef>
        <Direction>outbound</Direction>
        <RunTime>PT60S</RunTime>
      </JourneyPatternTimingLink>
      <JourneyPatternTimingLink id="JPS_AGDO116-3_50945">
        <From>
          <StopPointRef>6490IM1205</StopPointRef>
          <TimingStatus>OTH</TimingStatus>
        </From>
        <To>
          <StopPointRef>6490IM1207</StopPointRef>
          <TimingStatus>OTH</TimingStatus>
        </To>
        <RouteLinkRef>AGDO116_001_50945</RouteLinkRef>
        <Direction>outbound</Direction>
        <RunTime>PT0S</RunTime>
      </JourneyPatternTimingLink>
      <JourneyPatternTimingLink id="JPS_AGDO116-3_50946">
        <From>
          <StopPointRef>6490IM1207</StopPointRef>
          <TimingStatus>OTH</TimingStatus>
        </From>
        <To>
          <StopPointRef>6490IM257</StopPointRef>
          <TimingStatus>PTP</TimingStatus>
        </To>
        <RouteLinkRef>AGDO116_001_50946</RouteLinkRef>
        <Direction>outbound</Direction>
        <RunTime>PT60S</RunTime>
      </JourneyPatternTimingLink>
      <JourneyPatternTimingLink id="JPS_AGDO116-3_50947">
        <From>
          <StopPointRef>6490IM257</StopPointRef>
          <TimingStatus>PTP</TimingStatus>
        </From>
        <To>
          <StopPointRef>6490IM1958</StopPointRef>
          <TimingStatus>OTH</TimingStatus>
        </To>
        <RouteLinkRef>AGDO116_001_50947</RouteLinkRef>
        <Direction>outbound</Direction>
        <RunTime>PT0S</RunTime>
      </JourneyPatternTimingLink>
      <JourneyPatternTimingLink id="JPS_AGDO116-3_50948">
        <From>
          <StopPointRef>6490IM1958</StopPointRef>
          <TimingStatus>OTH</TimingStatus>
        </From>
        <To>
          <StopPointRef>6490IM034</StopPointRef>
          <TimingStatus>PTP</TimingStatus>
        </To>
        <RouteLinkRef>AGDO116_001_50948</RouteLinkRef>
        <Direction>outbound</Direction>
        <RunTime>PT300S</RunTime>
      </JourneyPatternTimingLink>
      <JourneyPatternTimingLink id="JPS_AGDO116-3_50949">
        <From>
          <StopPointRef>6490IM034</StopPointRef>
          <TimingStatus>PTP</TimingStatus>
        </From>
        <To>
          <StopPointRef>6490IM035</StopPointRef>
          <TimingStatus>PTP</TimingStatus>
        </To>
        <RouteLinkRef>AGDO116_001_50949</RouteLinkRef>
        <Direction>outbound</Direction>
        <RunTime>PT300S</RunTime>
      </JourneyPatternTimingLink>
      <JourneyPatternTimingLink id="JPS_AGDO116-3_50950">
        <From>
          <StopPointRef>6490IM035</StopPointRef>
          <TimingStatus>PTP</TimingStatus>
        </From>
        <To>
          <StopPointRef>6490IM637</StopPointRef>
          <TimingStatus>OTH</TimingStatus>
        </To>
        <RouteLinkRef>AGDO116_001_50950</RouteLinkRef>
        <Direction>outbound</Direction>
        <RunTime>PT60S</RunTime>
      </JourneyPatternTimingLink>
      <JourneyPatternTimingLink id="JPS_AGDO116-3_50951">
        <From>
          <StopPointRef>6490IM637</StopPointRef>
          <TimingStatus>OTH</TimingStatus>
        </From>
        <To>
          <StopPointRef>6490IM036</StopPointRef>
          <TimingStatus>PTP</TimingStatus>
        </To>
        <RouteLinkRef>AGDO116_001_50951</RouteLinkRef>
        <Direction>outbound</Direction>
        <RunTime>PT180S</RunTime>
      </JourneyPatternTimingLink>
      <JourneyPatternTimingLink id="JPS_AGDO116-3_50952">
        <From>
          <StopPointRef>6490IM036</StopPointRef>
          <TimingStatus>PTP</TimingStatus>
        </From>
        <To>
          <StopPointRef>6490IM1726</StopPointRef>
          <TimingStatus>OTH</TimingStatus>
        </To>
        <RouteLinkRef>AGDO116_001_50952</RouteLinkRef>
        <Direction>outbound</Direction>
        <RunTime>PT120S</RunTime>
      </JourneyPatternTimingLink>
      <JourneyPatternTimingLink id="JPS_AGDO116-3_50953">
        <From>
          <StopPointRef>6490IM1726</StopPointRef>
          <TimingStatus>OTH</TimingStatus>
        </From>
        <To>
          <StopPointRef>6490IM037</StopPointRef>
          <TimingStatus>PTP</TimingStatus>
        </To>
        <RouteLinkRef>AGDO116_001_50953</RouteLinkRef>
        <Direction>outbound</Direction>
        <RunTime>PT120S</RunTime>
      </JourneyPatternTimingLink>
      <JourneyPatternTimingLink id="JPS_AGDO116-3_50954">
        <From>
          <StopPointRef>6490IM037</StopPointRef>
          <TimingStatus>PTP</TimingStatus>
        </From>
        <To>
          <StopPointRef>6490IM1890</StopPointRef>
          <TimingStatus>OTH</TimingStatus>
        </To>
        <RouteLinkRef>AGDO116_001_50954</RouteLinkRef>
        <Direction>outbound</Direction>
        <RunTime>PT60S</RunTime>
      </JourneyPatternTimingLink>
      <JourneyPatternTimingLink id="JPS_AGDO116-3_50955">
        <From>
          <StopPointRef>6490IM1890</StopPointRef>
          <TimingStatus>OTH</TimingStatus>
        </From>
        <To>
          <StopPointRef>6490IM038</StopPointRef>
          <TimingStatus>PTP</TimingStatus>
        </To>
        <RouteLinkRef>AGDO116_001_50955</RouteLinkRef>
        <Direction>outbound</Direction>
        <RunTime>PT240S</RunTime>
      </JourneyPatternTimingLink>
      <JourneyPatternTimingLink id="JPS_AGDO116-3_50956">
        <From>
          <StopPointRef>6490IM038</StopPointRef>
          <TimingStatus>PTP</TimingStatus>
        </From>
        <To>
          <StopPointRef>6490IM1047</StopPointRef>
          <TimingStatus>PTP</TimingStatus>
        </To>
        <RouteLinkRef>AGDO116_001_50956</RouteLinkRef>
        <Direction>outbound</Direction>
        <RunTime>PT180S</RunTime>
      </JourneyPatternTimingLink>
      <JourneyPatternTimingLink id="JPS_AGDO116-3_50957">
        <From>
          <StopPointRef>6490IM1047</StopPointRef>
          <TimingStatus>PTP</TimingStatus>
        </From>
        <To>
          <StopPointRef>6490IM1211</StopPointRef>
          <TimingStatus>OTH</TimingStatus>
        </To>
        <RouteLinkRef>AGDO116_001_50957</RouteLinkRef>
        <Direction>outbound</Direction>
        <RunTime>PT0S</RunTime>
      </JourneyPatternTimingLink>
      <JourneyPatternTimingLink id="JPS_AGDO116-3_50958">
        <From>
          <StopPointRef>6490IM1211</StopPointRef>
          <TimingStatus>OTH</TimingStatus>
        </From>
        <To>
          <StopPointRef>6490IM465</StopPointRef>
          <TimingStatus>OTH</TimingStatus>
        </To>
        <RouteLinkRef>AGDO116_001_50958</RouteLinkRef>
        <Direction>outbound</Direction>
        <RunTime>PT60S</RunTime>
      </JourneyPatternTimingLink>
      <JourneyPatternTimingLink id="JPS_AGDO116-3_50959">
        <From>
          <StopPointRef>6490IM465</StopPointRef>
          <TimingStatus>OTH</TimingStatus>
        </From>
        <To>
          <StopPointRef>6490IM1213</StopPointRef>
          <TimingStatus>OTH</TimingStatus>
        </To>
        <RouteLinkRef>AGDO116_001_50959</RouteLinkRef>
        <Direction>outbound</Direction>
        <RunTime>PT0S</RunTime>
      </JourneyPatternTimingLink>
      <JourneyPatternTimingLink id="JPS_AGDO116-3_50960">
        <From>
          <StopPointRef>6490IM1213</StopPointRef>
          <TimingStatus>OTH</TimingStatus>
        </From>
        <To>
          <StopPointRef>6490IM126</StopPointRef>
          <TimingStatus>OTH</TimingStatus>
        </To>
        <RouteLinkRef>AGDO116_001_50960</RouteLinkRef>
        <Direction>outbound</Direction>
        <RunTime>PT0S</RunTime>
      </JourneyPatternTimingLink>
      <JourneyPatternTimingLink id="JPS_AGDO116-3_50961">
        <From>
          <StopPointRef>6490IM126</StopPointRef>
          <TimingStatus>OTH</TimingStatus>
        </From>
        <To>
          <StopPointRef>6490IM718</StopPointRef>
          <TimingStatus>OTH</TimingStatus>
        </To>
        <RouteLinkRef>AGDO116_001_50961</RouteLinkRef>
        <Direction>outbound</Direction>
        <RunTime>PT60S</RunTime>
      </JourneyPatternTimingLink>
      <JourneyPatternTimingLink id="JPS_AGDO116-3_50962">
        <From>
          <StopPointRef>6490IM718</StopPointRef>
          <TimingStatus>OTH</TimingStatus>
        </From>
        <To>
          <StopPointRef>6490IM715</StopPointRef>
          <TimingStatus>OTH</TimingStatus>
        </To>
        <RouteLinkRef>AGDO116_001_50962</RouteLinkRef>
        <Direction>outbound</Direction>
        <RunTime>PT0S</RunTime>
      </JourneyPatternTimingLink>
      <JourneyPatternTimingLink id="JPS_AGDO116-3_50963">
        <From>
          <StopPointRef>6490IM715</StopPointRef>
          <TimingStatus>OTH</TimingStatus>
        </From>
        <To>
          <StopPointRef>6490IM033</StopPointRef>
          <TimingStatus>PTP</TimingStatus>
        </To>
        <RouteLinkRef>AGDO116_001_50963</RouteLinkRef>
        <Direction>outbound</Direction>
        <RunTime>PT180S</RunTime>
      </JourneyPatternTimingLink>
      <JourneyPatternTimingLink id="JPS_AGDO116-3_50964">
        <From>
          <StopPointRef>6490IM033</StopPointRef>
          <TimingStatus>PTP</TimingStatus>
        </From>
        <To>
          <StopPointRef>6490IM1887</StopPointRef>
          <TimingStatus>OTH</TimingStatus>
        </To>
        <RouteLinkRef>AGDO116_001_50964</RouteLinkRef>
        <Direction>outbound</Direction>
        <RunTime>PT0S</RunTime>
      </JourneyPatternTimingLink>
      <JourneyPatternTimingLink id="JPS_AGDO116-3_50965">
        <From>
          <StopPointRef>6490IM1887</StopPointRef>
          <TimingStatus>OTH</TimingStatus>
        </From>
        <To>
          <StopPointRef>6490IM1800</StopPointRef>
          <TimingStatus>PTP</TimingStatus>
        </To>
        <RouteLinkRef>AGDO116_001_50965</RouteLinkRef>
        <Direction>outbound</Direction>
        <RunTime>PT120S</RunTime>
      </JourneyPatternTimingLink>
    </JourneyPatternSection>
    <JourneyPatternSection id="JPS_AGDO116-4">
      <JourneyPatternTimingLink id="JPS_AGDO116-4_50889">
        <From>
          <StopPointRef>6490IM033</StopPointRef>
          <TimingStatus>PTP</TimingStatus>
        </From>
        <To>
          <StopPointRef>6490IM707</StopPointRef>
          <TimingStatus>OTH</TimingStatus>
        </To>
        <RouteLinkRef>AGDO116_002_50889</RouteLinkRef>
        <Direction>inbound</Direction>
        <RunTime>PT60S</RunTime>
      </JourneyPatternTimingLink>
      <JourneyPatternTimingLink id="JPS_AGDO116-4_50890">
        <From>
          <StopPointRef>6490IM707</StopPointRef>
          <TimingStatus>OTH</TimingStatus>
        </From>
        <To>
          <StopPointRef>6490IM708</StopPointRef>
          <TimingStatus>OTH</TimingStatus>
        </To>
        <RouteLinkRef>AGDO116_002_50890</RouteLinkRef>
        <Direction>inbound</Direction>
        <RunTime>PT0S</RunTime>
      </JourneyPatternTimingLink>
      <JourneyPatternTimingLink id="JPS_AGDO116-4_50891">
        <From>
          <StopPointRef>6490IM708</StopPointRef>
          <TimingStatus>OTH</TimingStatus>
        </From>
        <To>
          <StopPointRef>6490IM711</StopPointRef>
          <TimingStatus>OTH</TimingStatus>
        </To>
        <RouteLinkRef>AGDO116_002_50891</RouteLinkRef>
        <Direction>inbound</Direction>
        <RunTime>PT0S</RunTime>
      </JourneyPatternTimingLink>
      <JourneyPatternTimingLink id="JPS_AGDO116-4_50892">
        <From>
          <StopPointRef>6490IM711</StopPointRef>
          <TimingStatus>OTH</TimingStatus>
        </From>
        <To>
          <StopPointRef>6490IM025</StopPointRef>
          <TimingStatus>PTP</TimingStatus>
        </To>
        <RouteLinkRef>AGDO116_002_50892</RouteLinkRef>
        <Direction>inbound</Direction>
        <RunTime>PT60S</RunTime>
      </JourneyPatternTimingLink>
      <JourneyPatternTimingLink id="JPS_AGDO116-4_50893">
        <From>
          <StopPointRef>6490IM025</StopPointRef>
          <TimingStatus>PTP</TimingStatus>
        </From>
        <To>
          <StopPointRef>6490IM713</StopPointRef>
          <TimingStatus>OTH</TimingStatus>
        </To>
        <RouteLinkRef>AGDO116_002_50893</RouteLinkRef>
        <Direction>inbound</Direction>
        <RunTime>PT0S</RunTime>
      </JourneyPatternTimingLink>
      <JourneyPatternTimingLink id="JPS_AGDO116-4_50894">
        <From>
          <StopPointRef>6490IM713</StopPointRef>
          <TimingStatus>OTH</TimingStatus>
        </From>
        <To>
          <StopPointRef>6490IM716</StopPointRef>
          <TimingStatus>OTH</TimingStatus>
        </To>
        <RouteLinkRef>AGDO116_002_50894</RouteLinkRef>
        <Direction>inbound</Direction>
        <RunTime>PT60S</RunTime>
      </JourneyPatternTimingLink>
      <JourneyPatternTimingLink id="JPS_AGDO116-4_50895">
        <From>
          <StopPointRef>6490IM716</StopPointRef>
          <TimingStatus>OTH</TimingStatus>
        </From>
        <To>
          <StopPointRef>6490IM717</StopPointRef>
          <TimingStatus>OTH</TimingStatus>
        </To>
        <RouteLinkRef>AGDO116_002_50895</RouteLinkRef>
        <Direction>inbound</Direction>
        <RunTime>PT60S</RunTime>
      </JourneyPatternTimingLink>
      <JourneyPatternTimingLink id="JPS_AGDO116-4_50896">
        <From>
          <StopPointRef>6490IM717</StopPointRef>
          <TimingStatus>OTH</TimingStatus>
        </From>
        <To>
          <StopPointRef>6490IM284</StopPointRef>
          <TimingStatus>OTH</TimingStatus>
        </To>
        <RouteLinkRef>AGDO116_002_50896</RouteLinkRef>
        <Direction>inbound</Direction>
        <RunTime>PT0S</RunTime>
      </JourneyPatternTimingLink>
      <JourneyPatternTimingLink id="JPS_AGDO116-4_50897">
        <From>
          <StopPointRef>6490IM284</StopPointRef>
          <TimingStatus>OTH</TimingStatus>
        </From>
        <To>
          <StopPointRef>6490IM1212</StopPointRef>
          <TimingStatus>OTH</TimingStatus>
        </To>
        <RouteLinkRef>AGDO116_002_50897</RouteLinkRef>
        <Direction>inbound</Direction>
        <RunTime>PT60S</RunTime>
      </JourneyPatternTimingLink>
      <JourneyPatternTimingLink id="JPS_AGDO116-4_50898">
        <From>
          <StopPointRef>6490IM1212</StopPointRef>
          <TimingStatus>OTH</TimingStatus>
        </From>
        <To>
          <StopPointRef>6490IM1209</StopPointRef>
          <TimingStatus>OTH</TimingStatus>
        </To>
        <RouteLinkRef>AGDO116_002_50898</RouteLinkRef>
        <Direction>inbound</Direction>
        <RunTime>PT0S</RunTime>
      </JourneyPatternTimingLink>
      <JourneyPatternTimingLink id="JPS_AGDO116-4_50899">
        <From>
          <StopPointRef>6490IM1209</StopPointRef>
          <TimingStatus>OTH</TimingStatus>
        </From>
        <To>
          <StopPointRef>6490IM1210</StopPointRef>
          <TimingStatus>OTH</TimingStatus>
        </To>
        <RouteLinkRef>AGDO116_002_50899</RouteLinkRef>
        <Direction>inbound</Direction>
        <RunTime>PT60S</RunTime>
      </JourneyPatternTimingLink>
      <JourneyPatternTimingLink id="JPS_AGDO116-4_50900">
        <From>
          <StopPointRef>6490IM1210</StopPointRef>
          <TimingStatus>OTH</TimingStatus>
        </From>
        <To>
          <StopPointRef>6490IM1996</StopPointRef>
          <TimingStatus>PTP</TimingStatus>
        </To>
        <RouteLinkRef>AGDO116_002_50900</RouteLinkRef>
        <Direction>inbound</Direction>
        <RunTime>PT60S</RunTime>
      </JourneyPatternTimingLink>
      <JourneyPatternTimingLink id="JPS_AGDO116-4_50901">
        <From>
          <StopPointRef>6490IM1996</StopPointRef>
          <TimingStatus>PTP</TimingStatus>
        </From>
        <To>
          <StopPointRef>6490IM1995</StopPointRef>
          <TimingStatus>PTP</TimingStatus>
        </To>
        <RouteLinkRef>AGDO116_002_50901</RouteLinkRef>
        <Direction>inbound</Direction>
        <RunTime>PT180S</RunTime>
      </JourneyPatternTimingLink>
      <JourneyPatternTimingLink id="JPS_AGDO116-4_50902">
        <From>
          <StopPointRef>6490IM1995</StopPointRef>
          <TimingStatus>PTP</TimingStatus>
        </From>
        <To>
          <StopPointRef>6490IM1891</StopPointRef>
          <TimingStatus>OTH</TimingStatus>
        </To>
        <RouteLinkRef>AGDO116_002_50902</RouteLinkRef>
        <Direction>inbound</Direction>
        <RunTime>PT180S</RunTime>
      </JourneyPatternTimingLink>
      <JourneyPatternTimingLink id="JPS_AGDO116-4_50903">
        <From>
          <StopPointRef>6490IM1891</StopPointRef>
          <TimingStatus>OTH</TimingStatus>
        </From>
        <To>
          <StopPointRef>6490IM096</StopPointRef>
          <TimingStatus>PTP</TimingStatus>
        </To>
        <RouteLinkRef>AGDO116_002_50903</RouteLinkRef>
        <Direction>inbound</Direction>
        <RunTime>PT120S</RunTime>
      </JourneyPatternTimingLink>
      <JourneyPatternTimingLink id="JPS_AGDO116-4_50904">
        <From>
          <StopPointRef>6490IM096</StopPointRef>
          <TimingStatus>PTP</TimingStatus>
        </From>
        <To>
          <StopPointRef>6490IM9120</StopPointRef>
          <TimingStatus>OTH</TimingStatus>
        </To>
        <RouteLinkRef>AGDO116_002_50904</RouteLinkRef>
        <Direction>inbound</Direction>
        <RunTime>PT60S</RunTime>
      </JourneyPatternTimingLink>
      <JourneyPatternTimingLink id="JPS_AGDO116-4_50905">
        <From>
          <StopPointRef>6490IM9120</StopPointRef>
          <TimingStatus>OTH</TimingStatus>
        </From>
        <To>
          <StopPointRef>6490IM267</StopPointRef>
          <TimingStatus>PTP</TimingStatus>
        </To>
        <RouteLinkRef>AGDO116_002_50905</RouteLinkRef>
        <Direction>inbound</Direction>
        <RunTime>PT180S</RunTime>
      </JourneyPatternTimingLink>
      <JourneyPatternTimingLink id="JPS_AGDO116-4_50906">
        <From>
          <StopPointRef>6490IM267</StopPointRef>
          <TimingStatus>PTP</TimingStatus>
        </From>
        <To>
          <StopPointRef>6490IM750</StopPointRef>
          <TimingStatus>OTH</TimingStatus>
        </To>
        <RouteLinkRef>AGDO116_002_50906</RouteLinkRef>
        <Direction>inbound</Direction>
        <RunTime>PT120S</RunTime>
      </JourneyPatternTimingLink>
      <JourneyPatternTimingLink id="JPS_AGDO116-4_50907">
        <From>
          <StopPointRef>6490IM750</StopPointRef>
          <TimingStatus>OTH</TimingStatus>
        </From>
        <To>
          <StopPointRef>6490IM456</StopPointRef>
          <TimingStatus>PTP</TimingStatus>
        </To>
        <RouteLinkRef>AGDO116_002_50907</RouteLinkRef>
        <Direction>inbound</Direction>
        <RunTime>PT120S</RunTime>
      </JourneyPatternTimingLink>
      <JourneyPatternTimingLink id="JPS_AGDO116-4_50908">
        <From>
          <StopPointRef>6490IM456</StopPointRef>
          <TimingStatus>PTP</TimingStatus>
        </From>
        <To>
          <StopPointRef>6490IM063</StopPointRef>
          <TimingStatus>PTP</TimingStatus>
        </To>
        <RouteLinkRef>AGDO116_002_50908</RouteLinkRef>
        <Direction>inbound</Direction>
        <RunTime>PT300S</RunTime>
      </JourneyPatternTimingLink>
      <JourneyPatternTimingLink id="JPS_AGDO116-4_50909">
        <From>
          <StopPointRef>6490IM063</StopPointRef>
          <TimingStatus>PTP</TimingStatus>
        </From>
        <To>
          <StopPointRef>6490IM257</StopPointRef>
          <TimingStatus>PTP</TimingStatus>
        </To>
        <RouteLinkRef>AGDO116_002_50909</RouteLinkRef>
        <Direction>inbound</Direction>
        <RunTime>PT300S</RunTime>
      </JourneyPatternTimingLink>
      <JourneyPatternTimingLink id="JPS_AGDO116-4_50910">
        <From>
          <StopPointRef>6490IM257</StopPointRef>
          <TimingStatus>PTP</TimingStatus>
        </From>
        <To>
          <StopPointRef>6490IM1208</StopPointRef>
          <TimingStatus>OTH</TimingStatus>
        </To>
        <RouteLinkRef>AGDO116_002_50910</RouteLinkRef>
        <Direction>inbound</Direction>
        <RunTime>PT0S</RunTime>
      </JourneyPatternTimingLink>
      <JourneyPatternTimingLink id="JPS_AGDO116-4_50911">
        <From>
          <StopPointRef>6490IM1208</StopPointRef>
          <TimingStatus>OTH</TimingStatus>
        </From>
        <To>
          <StopPointRef>6490IM1206</StopPointRef>
          <TimingStatus>OTH</TimingStatus>
        </To>
        <RouteLinkRef>AGDO116_002_50911</RouteLinkRef>
        <Direction>inbound</Direction>
        <RunTime>PT0S</RunTime>
      </JourneyPatternTimingLink>
      <JourneyPatternTimingLink id="JPS_AGDO116-4_50912">
        <From>
          <StopPointRef>6490IM1206</StopPointRef>
          <TimingStatus>OTH</TimingStatus>
        </From>
        <To>
          <StopPointRef>6490IM1204</StopPointRef>
          <TimingStatus>OTH</TimingStatus>
        </To>
        <RouteLinkRef>AGDO116_002_50912</RouteLinkRef>
        <Direction>inbound</Direction>
        <RunTime>PT60S</RunTime>
      </JourneyPatternTimingLink>
      <JourneyPatternTimingLink id="JPS_AGDO116-4_50913">
        <From>
          <StopPointRef>6490IM1204</StopPointRef>
          <TimingStatus>OTH</TimingStatus>
        </From>
        <To>
          <StopPointRef>6490IM1437</StopPointRef>
          <TimingStatus>OTH</TimingStatus>
        </To>
        <RouteLinkRef>AGDO116_002_50913</RouteLinkRef>
        <Direction>inbound</Direction>
        <RunTime>PT0S</RunTime>
      </JourneyPatternTimingLink>
      <JourneyPatternTimingLink id="JPS_AGDO116-4_50914">
        <From>
          <StopPointRef>6490IM1437</StopPointRef>
          <TimingStatus>OTH</TimingStatus>
        </From>
        <To>
          <StopPointRef>6490IM445</StopPointRef>
          <TimingStatus>PTP</TimingStatus>
        </To>
        <RouteLinkRef>AGDO116_002_50914</RouteLinkRef>
        <Direction>inbound</Direction>
        <RunTime>PT240S</RunTime>
      </JourneyPatternTimingLink>
      <JourneyPatternTimingLink id="JPS_AGDO116-4_50915">
        <From>
          <StopPointRef>6490IM445</StopPointRef>
          <TimingStatus>PTP</TimingStatus>
        </From>
        <To>
          <StopPointRef>6490IM1227</StopPointRef>
          <TimingStatus>OTH</TimingStatus>
        </To>
        <RouteLinkRef>AGDO116_002_50915</RouteLinkRef>
        <Direction>inbound</Direction>
        <RunTime>PT0S</RunTime>
      </JourneyPatternTimingLink>
      <JourneyPatternTimingLink id="JPS_AGDO116-4_50916">
        <From>
          <StopPointRef>6490IM1227</StopPointRef>
          <TimingStatus>OTH</TimingStatus>
        </From>
        <To>
          <StopPointRef>6490IM1226</StopPointRef>
          <TimingStatus>OTH</TimingStatus>
        </To>
        <RouteLinkRef>AGDO116_002_50916</RouteLinkRef>
        <Direction>inbound</Direction>
        <RunTime>PT120S</RunTime>
      </JourneyPatternTimingLink>
      <JourneyPatternTimingLink id="JPS_AGDO116-4_50917">
        <From>
          <StopPointRef>6490IM1226</StopPointRef>
          <TimingStatus>OTH</TimingStatus>
        </From>
        <To>
          <StopPointRef>6490IM962</StopPointRef>
          <TimingStatus>OTH</TimingStatus>
        </To>
        <RouteLinkRef>AGDO116_002_50917</RouteLinkRef>
        <Direction>inbound</Direction>
        <RunTime>PT60S</RunTime>
      </JourneyPatternTimingLink>
      <JourneyPatternTimingLink id="JPS_AGDO116-4_50918">
        <From>
          <StopPointRef>6490IM962</StopPointRef>
          <TimingStatus>OTH</TimingStatus>
        </From>
        <To>
          <StopPointRef>6490IM984</StopPointRef>
          <TimingStatus>OTH</TimingStatus>
        </To>
        <RouteLinkRef>AGDO116_002_50918</RouteLinkRef>
        <Direction>inbound</Direction>
        <RunTime>PT180S</RunTime>
      </JourneyPatternTimingLink>
      <JourneyPatternTimingLink id="JPS_AGDO116-4_50919">
        <From>
          <StopPointRef>6490IM984</StopPointRef>
          <TimingStatus>OTH</TimingStatus>
        </From>
        <To>
          <StopPointRef>6490IM1070</StopPointRef>
          <TimingStatus>OTH</TimingStatus>
        </To>
        <RouteLinkRef>AGDO116_002_50919</RouteLinkRef>
        <Direction>inbound</Direction>
        <RunTime>PT0S</RunTime>
      </JourneyPatternTimingLink>
      <JourneyPatternTimingLink id="JPS_AGDO116-4_50920">
        <From>
          <StopPointRef>6490IM1070</StopPointRef>
          <TimingStatus>OTH</TimingStatus>
        </From>
        <To>
          <StopPointRef>6490IM986</StopPointRef>
          <TimingStatus>OTH</TimingStatus>
        </To>
        <RouteLinkRef>AGDO116_002_50920</RouteLinkRef>
        <Direction>inbound</Direction>
        <RunTime>PT60S</RunTime>
      </JourneyPatternTimingLink>
      <JourneyPatternTimingLink id="JPS_AGDO116-4_50921">
        <From>
          <StopPointRef>6490IM986</StopPointRef>
          <TimingStatus>OTH</TimingStatus>
        </From>
        <To>
          <StopPointRef>6490IM981</StopPointRef>
          <TimingStatus>OTH</TimingStatus>
        </To>
        <RouteLinkRef>AGDO116_002_50921</RouteLinkRef>
        <Direction>inbound</Direction>
        <RunTime>PT120S</RunTime>
      </JourneyPatternTimingLink>
      <JourneyPatternTimingLink id="JPS_AGDO116-4_50922">
        <From>
          <StopPointRef>6490IM981</StopPointRef>
          <TimingStatus>OTH</TimingStatus>
        </From>
        <To>
          <StopPointRef>6490IM784</StopPointRef>
          <TimingStatus>OTH</TimingStatus>
        </To>
        <RouteLinkRef>AGDO116_002_50922</RouteLinkRef>
        <Direction>inbound</Direction>
        <RunTime>PT60S</RunTime>
      </JourneyPatternTimingLink>
      <JourneyPatternTimingLink id="JPS_AGDO116-4_50923">
        <From>
          <StopPointRef>6490IM784</StopPointRef>
          <TimingStatus>OTH</TimingStatus>
        </From>
        <To>
          <StopPointRef>6490IM202</StopPointRef>
          <TimingStatus>OTH</TimingStatus>
        </To>
        <RouteLinkRef>AGDO116_002_50923</RouteLinkRef>
        <Direction>inbound</Direction>
        <RunTime>PT60S</RunTime>
      </JourneyPatternTimingLink>
      <JourneyPatternTimingLink id="JPS_AGDO116-4_50924">
        <From>
          <StopPointRef>6490IM202</StopPointRef>
          <TimingStatus>OTH</TimingStatus>
        </From>
        <To>
          <StopPointRef>6490IM1231</StopPointRef>
          <TimingStatus>OTH</TimingStatus>
        </To>
        <RouteLinkRef>AGDO116_002_50924</RouteLinkRef>
        <Direction>inbound</Direction>
        <RunTime>PT0S</RunTime>
      </JourneyPatternTimingLink>
      <JourneyPatternTimingLink id="JPS_AGDO116-4_50925">
        <From>
          <StopPointRef>6490IM1231</StopPointRef>
          <TimingStatus>OTH</TimingStatus>
        </From>
        <To>
          <StopPointRef>6490IM1290</StopPointRef>
          <TimingStatus>OTH</TimingStatus>
        </To>
        <RouteLinkRef>AGDO116_002_50925</RouteLinkRef>
        <Direction>inbound</Direction>
        <RunTime>PT0S</RunTime>
      </JourneyPatternTimingLink>
      <JourneyPatternTimingLink id="JPS_AGDO116-4_50926">
        <From>
          <StopPointRef>6490IM1290</StopPointRef>
          <TimingStatus>OTH</TimingStatus>
        </From>
        <To>
          <StopPointRef>6490IM794</StopPointRef>
          <TimingStatus>OTH</TimingStatus>
        </To>
        <RouteLinkRef>AGDO116_002_50926</RouteLinkRef>
        <Direction>inbound</Direction>
        <RunTime>PT0S</RunTime>
      </JourneyPatternTimingLink>
      <JourneyPatternTimingLink id="JPS_AGDO116-4_50927">
        <From>
          <StopPointRef>6490IM794</StopPointRef>
          <TimingStatus>OTH</TimingStatus>
        </From>
        <To>
          <StopPointRef>6490IM331</StopPointRef>
          <TimingStatus>PTP</TimingStatus>
        </To>
        <RouteLinkRef>AGDO116_002_50927</RouteLinkRef>
        <Direction>inbound</Direction>
        <RunTime>PT60S</RunTime>
      </JourneyPatternTimingLink>
    </JourneyPatternSection>
  </JourneyPatternSections>
  <Operators>
    <Operator id="STY">
      <NationalOperatorCode>SSTY</NationalOperatorCode>
      <OperatorCode>STY</OperatorCode>
      <OperatorShortName>Stagecoach East Scotland</OperatorShortName>
    </Operator>
  </Operators>
  <Services>
    <Service>
      <ServiceCode>AGDO116</ServiceCode>
      <Lines>
        <Line id="0">
          <LineName>116</LineName>
        </Line>
      </Lines>
      <OperatingPeriod>
        <StartDate>2016-01-04</StartDate>
        <EndDate>2049-12-31</EndDate>
      </OperatingPeriod>
      <RegisteredOperatorRef>STY</RegisteredOperatorRef>
      <StopRequirements>
        <NoNewStopsRequired />
      </StopRequirements>
      <Mode>bus</Mode>
      <Description>Forfar - Montrose</Description>
      <StandardService>
        <Origin>Forfar</Origin>
        <Destination>Montrose</Destination>
        <JourneyPattern id="JPS_AGDO116-3">
          <Direction>outbound</Direction>
          <JourneyPatternSectionRefs>JPS_AGDO116-3</JourneyPatternSectionRefs>
        </JourneyPattern>
        <JourneyPattern id="JPS_AGDO116-4">
          <Direction>inbound</Direction>
          <JourneyPatternSectionRefs>JPS_AGDO116-4</JourneyPatternSectionRefs>
        </JourneyPattern>
      </StandardService>
    </Service>
  </Services>
  <VehicleJourneys>
    <VehicleJourney>
      <OperatorRef>STY</OperatorRef>
      <OperatingProfile>
        <RegularDayType>
          <DaysOfWeek>
            <Saturday />
          </DaysOfWeek>
        </RegularDayType>
      </OperatingProfile>
      <VehicleJourneyCode>14106</VehicleJourneyCode>
      <ServiceRef>AGDO116</ServiceRef>
      <LineRef>0</LineRef>
      <JourneyPatternRef>JPS_AGDO116-3</JourneyPatternRef>
      <DepartureTime>08:00:00</DepartureTime>
    </VehicleJourney>
    <VehicleJourney>
      <OperatorRef>STY</OperatorRef>
      <OperatingProfile>
        <RegularDayType>
          <DaysOfWeek>
            <Saturday />
          </DaysOfWeek>
        </RegularDayType>
      </OperatingProfile>
      <VehicleJourneyCode>14105</VehicleJourneyCode>
      <ServiceRef>AGDO116</ServiceRef>
      <LineRef>0</LineRef>
      <JourneyPatternRef>JPS_AGDO116-4</JourneyPatternRef>
      <DepartureTime>17:10:00</DepartureTime>
    </VehicleJourney>
  </VehicleJourneys>
</TransXChange>