<?xml version="1.0" encoding="utf-8"?>
<TransXChange xmlns:xsi="http://www.w3.org/2001/XMLSchema-instance" xmlns:xsd="http://www.w3.org/2001/XMLSchema" xsi:schemaLocation="http://www.transxchange.org.uk/ http://www.transxchange.org.uk/schema/2.1/TransXChange_general.xsd" CreationDateTime="2019-10-07T12:18:00-00:00" ModificationDateTime="2019-10-07T12:18:00-00:00" Modification="new" RevisionNumber="0" FileName="SVRAGAO020C.xml" SchemaVersion="2.1" RegistrationDocument="false" xmlns="http://www.transxchange.org.uk/">
  <StopPoints>
    <AnnotatedStopPointRef>
      <StopPointRef>6490IM332</StopPointRef>
      <CommonName>Glamis Castle</CommonName>
    </AnnotatedStopPointRef>
    <AnnotatedStopPointRef>
      <StopPointRef>6490IM333</StopPointRef>
      <CommonName>Primary School</CommonName>
    </AnnotatedStopPointRef>
    <AnnotatedStopPointRef>
      <StopPointRef>6490IM911</StopPointRef>
      <CommonName>Mains of Glamis Road End</CommonName>
    </AnnotatedStopPointRef>
    <AnnotatedStopPointRef>
      <StopPointRef>6490IM943</StopPointRef>
      <CommonName>Road End</CommonName>
    </AnnotatedStopPointRef>
    <AnnotatedStopPointRef>
      <StopPointRef>6490IM350</StopPointRef>
      <CommonName>Scroggerfield Road End</CommonName>
    </AnnotatedStopPointRef>
    <AnnotatedStopPointRef>
      <StopPointRef>6490IM1359</StopPointRef>
      <CommonName>East &amp; Mid Ingliston Road End</CommonName>
    </AnnotatedStopPointRef>
    <AnnotatedStopPointRef>
      <StopPointRef>6490IM1281</StopPointRef>
      <CommonName>North Leckaway Road End</CommonName>
    </AnnotatedStopPointRef>
    <AnnotatedStopPointRef>
      <StopPointRef>6490IM8829</StopPointRef>
      <CommonName>McDonalds</CommonName>
    </AnnotatedStopPointRef>
    <AnnotatedStopPointRef>
      <StopPointRef>6490IM11462</StopPointRef>
      <CommonName>Industrial Estate</CommonName>
    </AnnotatedStopPointRef>
    <AnnotatedStopPointRef>
      <StopPointRef>6490IM1410</StopPointRef>
      <CommonName>Benholm Gardens</CommonName>
    </AnnotatedStopPointRef>
    <AnnotatedStopPointRef>
      <StopPointRef>6490IM799</StopPointRef>
      <CommonName>Boyle Park</CommonName>
    </AnnotatedStopPointRef>
    <AnnotatedStopPointRef>
      <StopPointRef>6490IM797</StopPointRef>
      <CommonName>Grampian Park</CommonName>
    </AnnotatedStopPointRef>
    <AnnotatedStopPointRef>
      <StopPointRef>6490IM796</StopPointRef>
      <CommonName>Police Station</CommonName>
    </AnnotatedStopPointRef>
    <AnnotatedStopPointRef>
      <StopPointRef>6490IM134</StopPointRef>
      <CommonName>The Cross</CommonName>
    </AnnotatedStopPointRef>
    <AnnotatedStopPointRef>
      <StopPointRef>6490IM241</StopPointRef>
      <CommonName>Royal Bank of Scotland</CommonName>
    </AnnotatedStopPointRef>
    <AnnotatedStopPointRef>
      <StopPointRef>6490IM239</StopPointRef>
      <CommonName>Coutties Wynd</CommonName>
    </AnnotatedStopPointRef>
    <AnnotatedStopPointRef>
      <StopPointRef>6490IM1407</StopPointRef>
      <CommonName>Academy Court</CommonName>
    </AnnotatedStopPointRef>
    <AnnotatedStopPointRef>
      <StopPointRef>6490IM794</StopPointRef>
      <CommonName>Queen Street</CommonName>
    </AnnotatedStopPointRef>
    <AnnotatedStopPointRef>
      <StopPointRef>6490IM331</StopPointRef>
      <CommonName>St John's Church</CommonName>
    </AnnotatedStopPointRef>
    <AnnotatedStopPointRef>
      <StopPointRef>6490IM253</StopPointRef>
      <CommonName>Council Offices</CommonName>
    </AnnotatedStopPointRef>
    <AnnotatedStopPointRef>
      <StopPointRef>6490IM510</StopPointRef>
      <CommonName>Police Station</CommonName>
    </AnnotatedStopPointRef>
    <AnnotatedStopPointRef>
      <StopPointRef>6490IM526</StopPointRef>
      <CommonName>Lentlands Road</CommonName>
    </AnnotatedStopPointRef>
    <AnnotatedStopPointRef>
      <StopPointRef>6490IM1384</StopPointRef>
      <CommonName>Seat Car Showroom</CommonName>
    </AnnotatedStopPointRef>
    <AnnotatedStopPointRef>
      <StopPointRef>6490IM553</StopPointRef>
      <CommonName>Old Guide Dog Centre</CommonName>
    </AnnotatedStopPointRef>
    <AnnotatedStopPointRef>
      <StopPointRef>6490IM554</StopPointRef>
      <CommonName>Westfield Loan</CommonName>
    </AnnotatedStopPointRef>
    <AnnotatedStopPointRef>
      <StopPointRef>649017958</StopPointRef>
      <CommonName>Halkerton Farm Road End</CommonName>
    </AnnotatedStopPointRef>
    <AnnotatedStopPointRef>
      <StopPointRef>6490IM1100</StopPointRef>
      <CommonName>Lochlands Junction</CommonName>
    </AnnotatedStopPointRef>
    <AnnotatedStopPointRef>
      <StopPointRef>6490IM347</StopPointRef>
      <CommonName>Kinnettles Road End</CommonName>
    </AnnotatedStopPointRef>
    <AnnotatedStopPointRef>
      <StopPointRef>6490IM200</StopPointRef>
      <CommonName>Gateside Village</CommonName>
    </AnnotatedStopPointRef>
    <AnnotatedStopPointRef>
      <StopPointRef>6490IM1147</StopPointRef>
      <CommonName>AM Philip</CommonName>
    </AnnotatedStopPointRef>
    <AnnotatedStopPointRef>
      <StopPointRef>6490IM1145</StopPointRef>
      <CommonName>Tarbrax Road End</CommonName>
    </AnnotatedStopPointRef>
    <AnnotatedStopPointRef>
      <StopPointRef>6490IM1142</StopPointRef>
      <CommonName>Happas Road End</CommonName>
    </AnnotatedStopPointRef>
    <AnnotatedStopPointRef>
      <StopPointRef>6490IM1121</StopPointRef>
      <CommonName>Tinkletap Farm</CommonName>
    </AnnotatedStopPointRef>
    <AnnotatedStopPointRef>
      <StopPointRef>6490IM648</StopPointRef>
      <CommonName>Tealing Road End</CommonName>
    </AnnotatedStopPointRef>
    <AnnotatedStopPointRef>
      <StopPointRef>6490IM646</StopPointRef>
      <CommonName>Inveraldie Village</CommonName>
    </AnnotatedStopPointRef>
    <AnnotatedStopPointRef>
      <StopPointRef>6490IM1120</StopPointRef>
      <CommonName>Shielhill Road End</CommonName>
    </AnnotatedStopPointRef>
    <AnnotatedStopPointRef>
      <StopPointRef>6490IM2205</StopPointRef>
      <CommonName>Emmock Flyover</CommonName>
    </AnnotatedStopPointRef>
    <AnnotatedStopPointRef>
      <StopPointRef>6400PT1900</StopPointRef>
      <CommonName>Fintry Drive</CommonName>
    </AnnotatedStopPointRef>
    <AnnotatedStopPointRef>
      <StopPointRef>6400PT1706</StopPointRef>
      <CommonName>Mill O Mains</CommonName>
    </AnnotatedStopPointRef>
    <AnnotatedStopPointRef>
      <StopPointRef>6400S248</StopPointRef>
      <CommonName>Morrisons</CommonName>
    </AnnotatedStopPointRef>
    <AnnotatedStopPointRef>
      <StopPointRef>6400S262</StopPointRef>
      <CommonName>Kingsway East</CommonName>
    </AnnotatedStopPointRef>
    <AnnotatedStopPointRef>
      <StopPointRef>6400A97</StopPointRef>
      <CommonName>Walrond Street</CommonName>
    </AnnotatedStopPointRef>
    <AnnotatedStopPointRef>
      <StopPointRef>6400PT1707</StopPointRef>
      <CommonName>Morgan Academy</CommonName>
    </AnnotatedStopPointRef>
    <AnnotatedStopPointRef>
      <StopPointRef>6400PT1239</StopPointRef>
      <CommonName>Maitland Street</CommonName>
    </AnnotatedStopPointRef>
    <AnnotatedStopPointRef>
      <StopPointRef>6400A110</StopPointRef>
      <CommonName>Brown Constable Street</CommonName>
    </AnnotatedStopPointRef>
    <AnnotatedStopPointRef>
      <StopPointRef>6400PT1679</StopPointRef>
      <CommonName>Cowan Street</CommonName>
    </AnnotatedStopPointRef>
    <AnnotatedStopPointRef>
      <StopPointRef>6400PT1734</StopPointRef>
      <CommonName>Victoria Street</CommonName>
    </AnnotatedStopPointRef>
    <AnnotatedStopPointRef>
      <StopPointRef>6400PT1662</StopPointRef>
      <CommonName>Wellgate Steps</CommonName>
    </AnnotatedStopPointRef>
    <AnnotatedStopPointRef>
      <StopPointRef>6400PT1169</StopPointRef>
      <CommonName>Murraygate</CommonName>
    </AnnotatedStopPointRef>
    <AnnotatedStopPointRef>
      <StopPointRef>6400PT1448</StopPointRef>
      <CommonName>Marks and Spencer</CommonName>
    </AnnotatedStopPointRef>
    <AnnotatedStopPointRef>
      <StopPointRef>6400L00040</StopPointRef>
      <CommonName>Bus Station</CommonName>
    </AnnotatedStopPointRef>
    <AnnotatedStopPointRef>
      <StopPointRef>640012246</StopPointRef>
      <CommonName>Seagate Bus Station</CommonName>
    </AnnotatedStopPointRef>
    <AnnotatedStopPointRef>
      <StopPointRef>6400A02</StopPointRef>
      <CommonName>Forum Centre</CommonName>
    </AnnotatedStopPointRef>
    <AnnotatedStopPointRef>
      <StopPointRef>6400S507</StopPointRef>
      <CommonName>Wellgate</CommonName>
    </AnnotatedStopPointRef>
    <AnnotatedStopPointRef>
      <StopPointRef>6400PT1501</StopPointRef>
      <CommonName>Nelson Street</CommonName>
    </AnnotatedStopPointRef>
    <AnnotatedStopPointRef>
      <StopPointRef>6400S518</StopPointRef>
      <CommonName>West Lyon Street</CommonName>
    </AnnotatedStopPointRef>
    <AnnotatedStopPointRef>
      <StopPointRef>6400PT1742</StopPointRef>
      <CommonName>Dens Road</CommonName>
    </AnnotatedStopPointRef>
    <AnnotatedStopPointRef>
      <StopPointRef>6400PT1240</StopPointRef>
      <CommonName>Stobswell Road</CommonName>
    </AnnotatedStopPointRef>
    <AnnotatedStopPointRef>
      <StopPointRef>6400PT1263</StopPointRef>
      <CommonName>Morgan Academy</CommonName>
    </AnnotatedStopPointRef>
    <AnnotatedStopPointRef>
      <StopPointRef>6400PT1264</StopPointRef>
      <CommonName>Walrond Street</CommonName>
    </AnnotatedStopPointRef>
    <AnnotatedStopPointRef>
      <StopPointRef>6400PT1705</StopPointRef>
      <CommonName>Lammerton Terrace</CommonName>
    </AnnotatedStopPointRef>
    <AnnotatedStopPointRef>
      <StopPointRef>6400PT1260</StopPointRef>
      <CommonName>Kingsway East</CommonName>
    </AnnotatedStopPointRef>
    <AnnotatedStopPointRef>
      <StopPointRef>6400S249</StopPointRef>
      <CommonName>Claverhouse Road</CommonName>
    </AnnotatedStopPointRef>
    <AnnotatedStopPointRef>
      <StopPointRef>6400S255</StopPointRef>
      <CommonName>Hebrides Drive</CommonName>
    </AnnotatedStopPointRef>
    <AnnotatedStopPointRef>
      <StopPointRef>6490IM2206</StopPointRef>
      <CommonName>Emmock Flyover</CommonName>
    </AnnotatedStopPointRef>
    <AnnotatedStopPointRef>
      <StopPointRef>6490IM1124</StopPointRef>
      <CommonName>Shielhill Road End</CommonName>
    </AnnotatedStopPointRef>
    <AnnotatedStopPointRef>
      <StopPointRef>6490IM645</StopPointRef>
      <CommonName>Inveraldie Village</CommonName>
    </AnnotatedStopPointRef>
    <AnnotatedStopPointRef>
      <StopPointRef>6490IM1102</StopPointRef>
      <CommonName>Balmuir</CommonName>
    </AnnotatedStopPointRef>
    <AnnotatedStopPointRef>
      <StopPointRef>6490IM647</StopPointRef>
      <CommonName>Tealing Road End</CommonName>
    </AnnotatedStopPointRef>
    <AnnotatedStopPointRef>
      <StopPointRef>6490IM1122</StopPointRef>
      <CommonName>Tinkletap Farm</CommonName>
    </AnnotatedStopPointRef>
    <AnnotatedStopPointRef>
      <StopPointRef>6490IM1143</StopPointRef>
      <CommonName>Happas Road End</CommonName>
    </AnnotatedStopPointRef>
    <AnnotatedStopPointRef>
      <StopPointRef>6490IM1144</StopPointRef>
      <CommonName>Tarbrax Road End</CommonName>
    </AnnotatedStopPointRef>
    <AnnotatedStopPointRef>
      <StopPointRef>6490IM1146</StopPointRef>
      <CommonName>AM Philip</CommonName>
    </AnnotatedStopPointRef>
    <AnnotatedStopPointRef>
      <StopPointRef>6490IM448</StopPointRef>
      <CommonName>Gateside Village</CommonName>
    </AnnotatedStopPointRef>
    <AnnotatedStopPointRef>
      <StopPointRef>6490IM201</StopPointRef>
      <CommonName>Kinnettles Road End</CommonName>
    </AnnotatedStopPointRef>
    <AnnotatedStopPointRef>
      <StopPointRef>6490IM1101</StopPointRef>
      <CommonName>Lochlands Junction</CommonName>
    </AnnotatedStopPointRef>
    <AnnotatedStopPointRef>
      <StopPointRef>649017956</StopPointRef>
      <CommonName>Halkerton Farm Road End</CommonName>
    </AnnotatedStopPointRef>
    <AnnotatedStopPointRef>
      <StopPointRef>6490IM555</StopPointRef>
      <CommonName>Westfield Loan</CommonName>
    </AnnotatedStopPointRef>
    <AnnotatedStopPointRef>
      <StopPointRef>6490IM959</StopPointRef>
      <CommonName>Old Guide Dog Centre</CommonName>
    </AnnotatedStopPointRef>
    <AnnotatedStopPointRef>
      <StopPointRef>6490IM523</StopPointRef>
      <CommonName>Lentlands Road</CommonName>
    </AnnotatedStopPointRef>
    <AnnotatedStopPointRef>
      <StopPointRef>6490IM960</StopPointRef>
      <CommonName>West Sunnyside</CommonName>
    </AnnotatedStopPointRef>
    <AnnotatedStopPointRef>
      <StopPointRef>6490IM798</StopPointRef>
      <CommonName>Grampian Park</CommonName>
    </AnnotatedStopPointRef>
    <AnnotatedStopPointRef>
      <StopPointRef>6490IM1974</StopPointRef>
      <CommonName>Langlands Primary School</CommonName>
    </AnnotatedStopPointRef>
    <AnnotatedStopPointRef>
      <StopPointRef>6490IM511</StopPointRef>
      <CommonName>Boyle Park</CommonName>
    </AnnotatedStopPointRef>
    <AnnotatedStopPointRef>
      <StopPointRef>6490IM800</StopPointRef>
      <CommonName>Benholm Gardens</CommonName>
    </AnnotatedStopPointRef>
    <AnnotatedStopPointRef>
      <StopPointRef>6490IM11464</StopPointRef>
      <CommonName>Industrial Estate</CommonName>
    </AnnotatedStopPointRef>
    <AnnotatedStopPointRef>
      <StopPointRef>6490IM1282</StopPointRef>
      <CommonName>North Leckaway Road End</CommonName>
    </AnnotatedStopPointRef>
    <AnnotatedStopPointRef>
      <StopPointRef>6490IM1285</StopPointRef>
      <CommonName>East &amp; Mid Ingliston Road End</CommonName>
    </AnnotatedStopPointRef>
    <AnnotatedStopPointRef>
      <StopPointRef>6490IM1286</StopPointRef>
      <CommonName>Scroggerfield Road End</CommonName>
    </AnnotatedStopPointRef>
    <AnnotatedStopPointRef>
      <StopPointRef>6490IM938</StopPointRef>
      <CommonName>Road End</CommonName>
    </AnnotatedStopPointRef>
    <AnnotatedStopPointRef>
      <StopPointRef>6490IM884</StopPointRef>
      <CommonName>Mains of Glamis Road End</CommonName>
    </AnnotatedStopPointRef>
    <AnnotatedStopPointRef>
      <StopPointRef>6490IM910</StopPointRef>
      <CommonName>Mary Countess Way</CommonName>
    </AnnotatedStopPointRef>
  </StopPoints>
  <RouteSections>
    <RouteSection id="AGAO020C006">
      <RouteLink id="AGAO020C006_31050">
        <From>
          <StopPointRef>6490IM332</StopPointRef>
        </From>
        <To>
          <StopPointRef>6490IM333</StopPointRef>
        </To>
        <Direction>inbound</Direction>
      </RouteLink>
      <RouteLink id="AGAO020C006_31051">
        <From>
          <StopPointRef>6490IM333</StopPointRef>
        </From>
        <To>
          <StopPointRef>6490IM911</StopPointRef>
        </To>
        <Direction>inbound</Direction>
      </RouteLink>
      <RouteLink id="AGAO020C006_31052">
        <From>
          <StopPointRef>6490IM911</StopPointRef>
        </From>
        <To>
          <StopPointRef>6490IM943</StopPointRef>
        </To>
        <Direction>inbound</Direction>
      </RouteLink>
      <RouteLink id="AGAO020C006_31053">
        <From>
          <StopPointRef>6490IM943</StopPointRef>
        </From>
        <To>
          <StopPointRef>6490IM350</StopPointRef>
        </To>
        <Direction>inbound</Direction>
      </RouteLink>
      <RouteLink id="AGAO020C006_31054">
        <From>
          <StopPointRef>6490IM350</StopPointRef>
        </From>
        <To>
          <StopPointRef>6490IM1359</StopPointRef>
        </To>
        <Direction>inbound</Direction>
      </RouteLink>
      <RouteLink id="AGAO020C006_31055">
        <From>
          <StopPointRef>6490IM1359</StopPointRef>
        </From>
        <To>
          <StopPointRef>6490IM1281</StopPointRef>
        </To>
        <Direction>inbound</Direction>
      </RouteLink>
      <RouteLink id="AGAO020C006_31056">
        <From>
          <StopPointRef>6490IM1281</StopPointRef>
        </From>
        <To>
          <StopPointRef>6490IM8829</StopPointRef>
        </To>
        <Direction>inbound</Direction>
      </RouteLink>
      <RouteLink id="AGAO020C006_31057">
        <From>
          <StopPointRef>6490IM8829</StopPointRef>
        </From>
        <To>
          <StopPointRef>6490IM11462</StopPointRef>
        </To>
        <Direction>inbound</Direction>
      </RouteLink>
      <RouteLink id="AGAO020C006_31058">
        <From>
          <StopPointRef>6490IM11462</StopPointRef>
        </From>
        <To>
          <StopPointRef>6490IM1410</StopPointRef>
        </To>
        <Direction>inbound</Direction>
      </RouteLink>
      <RouteLink id="AGAO020C006_31059">
        <From>
          <StopPointRef>6490IM1410</StopPointRef>
        </From>
        <To>
          <StopPointRef>6490IM799</StopPointRef>
        </To>
        <Direction>inbound</Direction>
      </RouteLink>
      <RouteLink id="AGAO020C006_31060">
        <From>
          <StopPointRef>6490IM799</StopPointRef>
        </From>
        <To>
          <StopPointRef>6490IM797</StopPointRef>
        </To>
        <Direction>inbound</Direction>
      </RouteLink>
      <RouteLink id="AGAO020C006_31061">
        <From>
          <StopPointRef>6490IM797</StopPointRef>
        </From>
        <To>
          <StopPointRef>6490IM796</StopPointRef>
        </To>
        <Direction>inbound</Direction>
      </RouteLink>
      <RouteLink id="AGAO020C006_31062">
        <From>
          <StopPointRef>6490IM796</StopPointRef>
        </From>
        <To>
          <StopPointRef>6490IM134</StopPointRef>
        </To>
        <Direction>inbound</Direction>
      </RouteLink>
      <RouteLink id="AGAO020C006_31063">
        <From>
          <StopPointRef>6490IM134</StopPointRef>
        </From>
        <To>
          <StopPointRef>6490IM241</StopPointRef>
        </To>
        <Direction>inbound</Direction>
      </RouteLink>
      <RouteLink id="AGAO020C006_31064">
        <From>
          <StopPointRef>6490IM241</StopPointRef>
        </From>
        <To>
          <StopPointRef>6490IM239</StopPointRef>
        </To>
        <Direction>inbound</Direction>
      </RouteLink>
      <RouteLink id="AGAO020C006_31065">
        <From>
          <StopPointRef>6490IM239</StopPointRef>
        </From>
        <To>
          <StopPointRef>6490IM1407</StopPointRef>
        </To>
        <Direction>inbound</Direction>
      </RouteLink>
      <RouteLink id="AGAO020C006_31066">
        <From>
          <StopPointRef>6490IM1407</StopPointRef>
        </From>
        <To>
          <StopPointRef>6490IM794</StopPointRef>
        </To>
        <Direction>inbound</Direction>
      </RouteLink>
      <RouteLink id="AGAO020C006_31067">
        <From>
          <StopPointRef>6490IM794</StopPointRef>
        </From>
        <To>
          <StopPointRef>6490IM331</StopPointRef>
        </To>
        <Direction>inbound</Direction>
      </RouteLink>
      <RouteLink id="AGAO020C006_31068">
        <From>
          <StopPointRef>6490IM331</StopPointRef>
        </From>
        <To>
          <StopPointRef>6490IM253</StopPointRef>
        </To>
        <Direction>inbound</Direction>
      </RouteLink>
      <RouteLink id="AGAO020C006_31069">
        <From>
          <StopPointRef>6490IM253</StopPointRef>
        </From>
        <To>
          <StopPointRef>6490IM510</StopPointRef>
        </To>
        <Direction>inbound</Direction>
      </RouteLink>
      <RouteLink id="AGAO020C006_31070">
        <From>
          <StopPointRef>6490IM510</StopPointRef>
        </From>
        <To>
          <StopPointRef>6490IM526</StopPointRef>
        </To>
        <Direction>inbound</Direction>
      </RouteLink>
      <RouteLink id="AGAO020C006_31071">
        <From>
          <StopPointRef>6490IM526</StopPointRef>
        </From>
        <To>
          <StopPointRef>6490IM1384</StopPointRef>
        </To>
        <Direction>inbound</Direction>
      </RouteLink>
      <RouteLink id="AGAO020C006_31072">
        <From>
          <StopPointRef>6490IM1384</StopPointRef>
        </From>
        <To>
          <StopPointRef>6490IM553</StopPointRef>
        </To>
        <Direction>inbound</Direction>
      </RouteLink>
      <RouteLink id="AGAO020C006_31073">
        <From>
          <StopPointRef>6490IM553</StopPointRef>
        </From>
        <To>
          <StopPointRef>6490IM554</StopPointRef>
        </To>
        <Direction>inbound</Direction>
      </RouteLink>
      <RouteLink id="AGAO020C006_31074">
        <From>
          <StopPointRef>6490IM554</StopPointRef>
        </From>
        <To>
          <StopPointRef>649017958</StopPointRef>
        </To>
        <Direction>inbound</Direction>
      </RouteLink>
      <RouteLink id="AGAO020C006_31075">
        <From>
          <StopPointRef>649017958</StopPointRef>
        </From>
        <To>
          <StopPointRef>6490IM1100</StopPointRef>
        </To>
        <Direction>inbound</Direction>
      </RouteLink>
      <RouteLink id="AGAO020C006_31076">
        <From>
          <StopPointRef>6490IM1100</StopPointRef>
        </From>
        <To>
          <StopPointRef>6490IM347</StopPointRef>
        </To>
        <Direction>inbound</Direction>
      </RouteLink>
      <RouteLink id="AGAO020C006_31077">
        <From>
          <StopPointRef>6490IM347</StopPointRef>
        </From>
        <To>
          <StopPointRef>6490IM200</StopPointRef>
        </To>
        <Direction>inbound</Direction>
      </RouteLink>
      <RouteLink id="AGAO020C006_31078">
        <From>
          <StopPointRef>6490IM200</StopPointRef>
        </From>
        <To>
          <StopPointRef>6490IM1147</StopPointRef>
        </To>
        <Direction>inbound</Direction>
      </RouteLink>
      <RouteLink id="AGAO020C006_31079">
        <From>
          <StopPointRef>6490IM1147</StopPointRef>
        </From>
        <To>
          <StopPointRef>6490IM1145</StopPointRef>
        </To>
        <Direction>inbound</Direction>
      </RouteLink>
      <RouteLink id="AGAO020C006_31080">
        <From>
          <StopPointRef>6490IM1145</StopPointRef>
        </From>
        <To>
          <StopPointRef>6490IM1142</StopPointRef>
        </To>
        <Direction>inbound</Direction>
      </RouteLink>
      <RouteLink id="AGAO020C006_31081">
        <From>
          <StopPointRef>6490IM1142</StopPointRef>
        </From>
        <To>
          <StopPointRef>6490IM1121</StopPointRef>
        </To>
        <Direction>inbound</Direction>
      </RouteLink>
      <RouteLink id="AGAO020C006_31082">
        <From>
          <StopPointRef>6490IM1121</StopPointRef>
        </From>
        <To>
          <StopPointRef>6490IM648</StopPointRef>
        </To>
        <Direction>inbound</Direction>
      </RouteLink>
      <RouteLink id="AGAO020C006_31083">
        <From>
          <StopPointRef>6490IM648</StopPointRef>
        </From>
        <To>
          <StopPointRef>6490IM646</StopPointRef>
        </To>
        <Direction>inbound</Direction>
      </RouteLink>
      <RouteLink id="AGAO020C006_31084">
        <From>
          <StopPointRef>6490IM646</StopPointRef>
        </From>
        <To>
          <StopPointRef>6490IM1120</StopPointRef>
        </To>
        <Direction>inbound</Direction>
      </RouteLink>
      <RouteLink id="AGAO020C006_31085">
        <From>
          <StopPointRef>6490IM1120</StopPointRef>
        </From>
        <To>
          <StopPointRef>6490IM2205</StopPointRef>
        </To>
        <Direction>inbound</Direction>
      </RouteLink>
      <RouteLink id="AGAO020C006_31086">
        <From>
          <StopPointRef>6490IM2205</StopPointRef>
        </From>
        <To>
          <StopPointRef>6400PT1900</StopPointRef>
        </To>
        <Direction>inbound</Direction>
      </RouteLink>
      <RouteLink id="AGAO020C006_31087">
        <From>
          <StopPointRef>6400PT1900</StopPointRef>
        </From>
        <To>
          <StopPointRef>6400PT1706</StopPointRef>
        </To>
        <Direction>inbound</Direction>
      </RouteLink>
      <RouteLink id="AGAO020C006_31088">
        <From>
          <StopPointRef>6400PT1706</StopPointRef>
        </From>
        <To>
          <StopPointRef>6400S248</StopPointRef>
        </To>
        <Direction>inbound</Direction>
      </RouteLink>
      <RouteLink id="AGAO020C006_31089">
        <From>
          <StopPointRef>6400S248</StopPointRef>
        </From>
        <To>
          <StopPointRef>6400S262</StopPointRef>
        </To>
        <Direction>inbound</Direction>
      </RouteLink>
      <RouteLink id="AGAO020C006_31090">
        <From>
          <StopPointRef>6400S262</StopPointRef>
        </From>
        <To>
          <StopPointRef>6400A97</StopPointRef>
        </To>
        <Direction>inbound</Direction>
      </RouteLink>
      <RouteLink id="AGAO020C006_31091">
        <From>
          <StopPointRef>6400A97</StopPointRef>
        </From>
        <To>
          <StopPointRef>6400PT1707</StopPointRef>
        </To>
        <Direction>inbound</Direction>
      </RouteLink>
      <RouteLink id="AGAO020C006_31092">
        <From>
          <StopPointRef>6400PT1707</StopPointRef>
        </From>
        <To>
          <StopPointRef>6400PT1239</StopPointRef>
        </To>
        <Direction>inbound</Direction>
      </RouteLink>
      <RouteLink id="AGAO020C006_31093">
        <From>
          <StopPointRef>6400PT1239</StopPointRef>
        </From>
        <To>
          <StopPointRef>6400A110</StopPointRef>
        </To>
        <Direction>inbound</Direction>
      </RouteLink>
      <RouteLink id="AGAO020C006_31094">
        <From>
          <StopPointRef>6400A110</StopPointRef>
        </From>
        <To>
          <StopPointRef>6400PT1679</StopPointRef>
        </To>
        <Direction>inbound</Direction>
      </RouteLink>
      <RouteLink id="AGAO020C006_31095">
        <From>
          <StopPointRef>6400PT1679</StopPointRef>
        </From>
        <To>
          <StopPointRef>6400PT1734</StopPointRef>
        </To>
        <Direction>inbound</Direction>
      </RouteLink>
      <RouteLink id="AGAO020C006_31096">
        <From>
          <StopPointRef>6400PT1734</StopPointRef>
        </From>
        <To>
          <StopPointRef>6400PT1662</StopPointRef>
        </To>
        <Direction>inbound</Direction>
      </RouteLink>
      <RouteLink id="AGAO020C006_31097">
        <From>
          <StopPointRef>6400PT1662</StopPointRef>
        </From>
        <To>
          <StopPointRef>6400PT1169</StopPointRef>
        </To>
        <Direction>inbound</Direction>
      </RouteLink>
      <RouteLink id="AGAO020C006_31098">
        <From>
          <StopPointRef>6400PT1169</StopPointRef>
        </From>
        <To>
          <StopPointRef>6400PT1448</StopPointRef>
        </To>
        <Direction>inbound</Direction>
      </RouteLink>
      <RouteLink id="AGAO020C006_31099">
        <From>
          <StopPointRef>6400PT1448</StopPointRef>
        </From>
        <To>
          <StopPointRef>6400L00040</StopPointRef>
        </To>
        <Direction>inbound</Direction>
      </RouteLink>
    </RouteSection>
    <RouteSection id="AGAO020C003">
      <RouteLink id="AGAO020C003_31101">
        <From>
          <StopPointRef>640012246</StopPointRef>
        </From>
        <To>
          <StopPointRef>6400A02</StopPointRef>
        </To>
        <Direction>outbound</Direction>
      </RouteLink>
      <RouteLink id="AGAO020C003_31102">
        <From>
          <StopPointRef>6400A02</StopPointRef>
        </From>
        <To>
          <StopPointRef>6400S507</StopPointRef>
        </To>
        <Direction>outbound</Direction>
      </RouteLink>
      <RouteLink id="AGAO020C003_31103">
        <From>
          <StopPointRef>6400S507</StopPointRef>
        </From>
        <To>
          <StopPointRef>6400PT1501</StopPointRef>
        </To>
        <Direction>outbound</Direction>
      </RouteLink>
      <RouteLink id="AGAO020C003_31104">
        <From>
          <StopPointRef>6400PT1501</StopPointRef>
        </From>
        <To>
          <StopPointRef>6400S518</StopPointRef>
        </To>
        <Direction>outbound</Direction>
      </RouteLink>
      <RouteLink id="AGAO020C003_31105">
        <From>
          <StopPointRef>6400S518</StopPointRef>
        </From>
        <To>
          <StopPointRef>6400PT1742</StopPointRef>
        </To>
        <Direction>outbound</Direction>
      </RouteLink>
      <RouteLink id="AGAO020C003_31106">
        <From>
          <StopPointRef>6400PT1742</StopPointRef>
        </From>
        <To>
          <StopPointRef>6400PT1240</StopPointRef>
        </To>
        <Direction>outbound</Direction>
      </RouteLink>
      <RouteLink id="AGAO020C003_31107">
        <From>
          <StopPointRef>6400PT1240</StopPointRef>
        </From>
        <To>
          <StopPointRef>6400PT1263</StopPointRef>
        </To>
        <Direction>outbound</Direction>
      </RouteLink>
      <RouteLink id="AGAO020C003_31108">
        <From>
          <StopPointRef>6400PT1263</StopPointRef>
        </From>
        <To>
          <StopPointRef>6400PT1264</StopPointRef>
        </To>
        <Direction>outbound</Direction>
      </RouteLink>
      <RouteLink id="AGAO020C003_31109">
        <From>
          <StopPointRef>6400PT1264</StopPointRef>
        </From>
        <To>
          <StopPointRef>6400PT1705</StopPointRef>
        </To>
        <Direction>outbound</Direction>
      </RouteLink>
      <RouteLink id="AGAO020C003_31110">
        <From>
          <StopPointRef>6400PT1705</StopPointRef>
        </From>
        <To>
          <StopPointRef>6400PT1260</StopPointRef>
        </To>
        <Direction>outbound</Direction>
      </RouteLink>
      <RouteLink id="AGAO020C003_31111">
        <From>
          <StopPointRef>6400PT1260</StopPointRef>
        </From>
        <To>
          <StopPointRef>6400S249</StopPointRef>
        </To>
        <Direction>outbound</Direction>
      </RouteLink>
      <RouteLink id="AGAO020C003_31112">
        <From>
          <StopPointRef>6400S249</StopPointRef>
        </From>
        <To>
          <StopPointRef>6400S255</StopPointRef>
        </To>
        <Direction>outbound</Direction>
      </RouteLink>
      <RouteLink id="AGAO020C003_31113">
        <From>
          <StopPointRef>6400S255</StopPointRef>
        </From>
        <To>
          <StopPointRef>6490IM2206</StopPointRef>
        </To>
        <Direction>outbound</Direction>
      </RouteLink>
      <RouteLink id="AGAO020C003_31114">
        <From>
          <StopPointRef>6490IM2206</StopPointRef>
        </From>
        <To>
          <StopPointRef>6490IM1124</StopPointRef>
        </To>
        <Direction>outbound</Direction>
      </RouteLink>
      <RouteLink id="AGAO020C003_31115">
        <From>
          <StopPointRef>6490IM1124</StopPointRef>
        </From>
        <To>
          <StopPointRef>6490IM645</StopPointRef>
        </To>
        <Direction>outbound</Direction>
      </RouteLink>
      <RouteLink id="AGAO020C003_31116">
        <From>
          <StopPointRef>6490IM645</StopPointRef>
        </From>
        <To>
          <StopPointRef>6490IM1102</StopPointRef>
        </To>
        <Direction>outbound</Direction>
      </RouteLink>
      <RouteLink id="AGAO020C003_31117">
        <From>
          <StopPointRef>6490IM1102</StopPointRef>
        </From>
        <To>
          <StopPointRef>6490IM647</StopPointRef>
        </To>
        <Direction>outbound</Direction>
      </RouteLink>
      <RouteLink id="AGAO020C003_31118">
        <From>
          <StopPointRef>6490IM647</StopPointRef>
        </From>
        <To>
          <StopPointRef>6490IM1122</StopPointRef>
        </To>
        <Direction>outbound</Direction>
      </RouteLink>
      <RouteLink id="AGAO020C003_31119">
        <From>
          <StopPointRef>6490IM1122</StopPointRef>
        </From>
        <To>
          <StopPointRef>6490IM1143</StopPointRef>
        </To>
        <Direction>outbound</Direction>
      </RouteLink>
      <RouteLink id="AGAO020C003_31120">
        <From>
          <StopPointRef>6490IM1143</StopPointRef>
        </From>
        <To>
          <StopPointRef>6490IM1144</StopPointRef>
        </To>
        <Direction>outbound</Direction>
      </RouteLink>
      <RouteLink id="AGAO020C003_31121">
        <From>
          <StopPointRef>6490IM1144</StopPointRef>
        </From>
        <To>
          <StopPointRef>6490IM1146</StopPointRef>
        </To>
        <Direction>outbound</Direction>
      </RouteLink>
      <RouteLink id="AGAO020C003_31122">
        <From>
          <StopPointRef>6490IM1146</StopPointRef>
        </From>
        <To>
          <StopPointRef>6490IM448</StopPointRef>
        </To>
        <Direction>outbound</Direction>
      </RouteLink>
      <RouteLink id="AGAO020C003_31123">
        <From>
          <StopPointRef>6490IM448</StopPointRef>
        </From>
        <To>
          <StopPointRef>6490IM201</StopPointRef>
        </To>
        <Direction>outbound</Direction>
      </RouteLink>
      <RouteLink id="AGAO020C003_31124">
        <From>
          <StopPointRef>6490IM201</StopPointRef>
        </From>
        <To>
          <StopPointRef>6490IM1101</StopPointRef>
        </To>
        <Direction>outbound</Direction>
      </RouteLink>
      <RouteLink id="AGAO020C003_31125">
        <From>
          <StopPointRef>6490IM1101</StopPointRef>
        </From>
        <To>
          <StopPointRef>649017956</StopPointRef>
        </To>
        <Direction>outbound</Direction>
      </RouteLink>
      <RouteLink id="AGAO020C003_31126">
        <From>
          <StopPointRef>649017956</StopPointRef>
        </From>
        <To>
          <StopPointRef>6490IM555</StopPointRef>
        </To>
        <Direction>outbound</Direction>
      </RouteLink>
      <RouteLink id="AGAO020C003_31127">
        <From>
          <StopPointRef>6490IM555</StopPointRef>
        </From>
        <To>
          <StopPointRef>6490IM959</StopPointRef>
        </To>
        <Direction>outbound</Direction>
      </RouteLink>
      <RouteLink id="AGAO020C003_31128">
        <From>
          <StopPointRef>6490IM959</StopPointRef>
        </From>
        <To>
          <StopPointRef>6490IM523</StopPointRef>
        </To>
        <Direction>outbound</Direction>
      </RouteLink>
      <RouteLink id="AGAO020C003_31129">
        <From>
          <StopPointRef>6490IM523</StopPointRef>
        </From>
        <To>
          <StopPointRef>6490IM960</StopPointRef>
        </To>
        <Direction>outbound</Direction>
      </RouteLink>
      <RouteLink id="AGAO020C003_31130">
        <From>
          <StopPointRef>6490IM960</StopPointRef>
        </From>
        <To>
          <StopPointRef>6490IM796</StopPointRef>
        </To>
        <Direction>outbound</Direction>
      </RouteLink>
      <RouteLink id="AGAO020C003_31131">
        <From>
          <StopPointRef>6490IM796</StopPointRef>
        </From>
        <To>
          <StopPointRef>6490IM134</StopPointRef>
        </To>
        <Direction>outbound</Direction>
      </RouteLink>
      <RouteLink id="AGAO020C003_31132">
        <From>
          <StopPointRef>6490IM134</StopPointRef>
        </From>
        <To>
          <StopPointRef>6490IM241</StopPointRef>
        </To>
        <Direction>outbound</Direction>
      </RouteLink>
      <RouteLink id="AGAO020C003_31133">
        <From>
          <StopPointRef>6490IM241</StopPointRef>
        </From>
        <To>
          <StopPointRef>6490IM239</StopPointRef>
        </To>
        <Direction>outbound</Direction>
      </RouteLink>
      <RouteLink id="AGAO020C003_31134">
        <From>
          <StopPointRef>6490IM239</StopPointRef>
        </From>
        <To>
          <StopPointRef>6490IM1407</StopPointRef>
        </To>
        <Direction>outbound</Direction>
      </RouteLink>
      <RouteLink id="AGAO020C003_31135">
        <From>
          <StopPointRef>6490IM1407</StopPointRef>
        </From>
        <To>
          <StopPointRef>6490IM794</StopPointRef>
        </To>
        <Direction>outbound</Direction>
      </RouteLink>
      <RouteLink id="AGAO020C003_31136">
        <From>
          <StopPointRef>6490IM794</StopPointRef>
        </From>
        <To>
          <StopPointRef>6490IM331</StopPointRef>
        </To>
        <Direction>outbound</Direction>
      </RouteLink>
      <RouteLink id="AGAO020C003_31137">
        <From>
          <StopPointRef>6490IM331</StopPointRef>
        </From>
        <To>
          <StopPointRef>6490IM253</StopPointRef>
        </To>
        <Direction>outbound</Direction>
      </RouteLink>
      <RouteLink id="AGAO020C003_31138">
        <From>
          <StopPointRef>6490IM253</StopPointRef>
        </From>
        <To>
          <StopPointRef>6490IM510</StopPointRef>
        </To>
        <Direction>outbound</Direction>
      </RouteLink>
      <RouteLink id="AGAO020C003_31139">
        <From>
          <StopPointRef>6490IM510</StopPointRef>
        </From>
        <To>
          <StopPointRef>6490IM798</StopPointRef>
        </To>
        <Direction>outbound</Direction>
      </RouteLink>
      <RouteLink id="AGAO020C003_31140">
        <From>
          <StopPointRef>6490IM798</StopPointRef>
        </From>
        <To>
          <StopPointRef>6490IM1974</StopPointRef>
        </To>
        <Direction>outbound</Direction>
      </RouteLink>
      <RouteLink id="AGAO020C003_31141">
        <From>
          <StopPointRef>6490IM1974</StopPointRef>
        </From>
        <To>
          <StopPointRef>6490IM511</StopPointRef>
        </To>
        <Direction>outbound</Direction>
      </RouteLink>
      <RouteLink id="AGAO020C003_31142">
        <From>
          <StopPointRef>6490IM511</StopPointRef>
        </From>
        <To>
          <StopPointRef>6490IM800</StopPointRef>
        </To>
        <Direction>outbound</Direction>
      </RouteLink>
      <RouteLink id="AGAO020C003_31143">
        <From>
          <StopPointRef>6490IM800</StopPointRef>
        </From>
        <To>
          <StopPointRef>6490IM11464</StopPointRef>
        </To>
        <Direction>outbound</Direction>
      </RouteLink>
      <RouteLink id="AGAO020C003_31144">
        <From>
          <StopPointRef>6490IM11464</StopPointRef>
        </From>
        <To>
          <StopPointRef>6490IM1282</StopPointRef>
        </To>
        <Direction>outbound</Direction>
      </RouteLink>
      <RouteLink id="AGAO020C003_31145">
        <From>
          <StopPointRef>6490IM1282</StopPointRef>
        </From>
        <To>
          <StopPointRef>6490IM1285</StopPointRef>
        </To>
        <Direction>outbound</Direction>
      </RouteLink>
      <RouteLink id="AGAO020C003_31146">
        <From>
          <StopPointRef>6490IM1285</StopPointRef>
        </From>
        <To>
          <StopPointRef>6490IM1286</StopPointRef>
        </To>
        <Direction>outbound</Direction>
      </RouteLink>
      <RouteLink id="AGAO020C003_31147">
        <From>
          <StopPointRef>6490IM1286</StopPointRef>
        </From>
        <To>
          <StopPointRef>6490IM938</StopPointRef>
        </To>
        <Direction>outbound</Direction>
      </RouteLink>
      <RouteLink id="AGAO020C003_31148">
        <From>
          <StopPointRef>6490IM938</StopPointRef>
        </From>
        <To>
          <StopPointRef>6490IM884</StopPointRef>
        </To>
        <Direction>outbound</Direction>
      </RouteLink>
      <RouteLink id="AGAO020C003_31149">
        <From>
          <StopPointRef>6490IM884</StopPointRef>
        </From>
        <To>
          <StopPointRef>6490IM910</StopPointRef>
        </To>
        <Direction>outbound</Direction>
      </RouteLink>
      <RouteLink id="AGAO020C003_31150">
        <From>
          <StopPointRef>6490IM910</StopPointRef>
        </From>
        <To>
          <StopPointRef>6490IM332</StopPointRef>
        </To>
        <Direction>outbound</Direction>
      </RouteLink>
    </RouteSection>
  </RouteSections>
  <Routes>
    <Route id="AGAO020C006">
      <Description>Glamis  - Dundee
</Description>
      <RouteSectionRef>AGAO020C006</RouteSectionRef>
    </Route>
    <Route id="AGAO020C003">
      <Description>Dundee - Glamis
</Description>
      <RouteSectionRef>AGAO020C003</RouteSectionRef>
    </Route>
  </Routes>
  <JourneyPatternSections>
    <JourneyPatternSection id="JPS_AGAO020C-3">
      <JourneyPatternTimingLink id="JPS_AGAO020C-3_31050">
        <From>
          <StopPointRef>6490IM332</StopPointRef>
          <TimingStatus>PTP</TimingStatus>
        </From>
        <To>
          <StopPointRef>6490IM333</StopPointRef>
          <TimingStatus>PTP</TimingStatus>
        </To>
        <RouteLinkRef>AGAO020C006_31050</RouteLinkRef>
        <Direction>inbound</Direction>
        <RunTime>PT240S</RunTime>
      </JourneyPatternTimingLink>
      <JourneyPatternTimingLink id="JPS_AGAO020C-3_31051">
        <From>
          <StopPointRef>6490IM333</StopPointRef>
          <TimingStatus>PTP</TimingStatus>
        </From>
        <To>
          <StopPointRef>6490IM911</StopPointRef>
          <TimingStatus>OTH</TimingStatus>
        </To>
        <RouteLinkRef>AGAO020C006_31051</RouteLinkRef>
        <Direction>inbound</Direction>
        <RunTime>PT60S</RunTime>
      </JourneyPatternTimingLink>
      <JourneyPatternTimingLink id="JPS_AGAO020C-3_31052">
        <From>
          <StopPointRef>6490IM911</StopPointRef>
          <TimingStatus>OTH</TimingStatus>
        </From>
        <To>
          <StopPointRef>6490IM943</StopPointRef>
          <TimingStatus>OTH</TimingStatus>
        </To>
        <RouteLinkRef>AGAO020C006_31052</RouteLinkRef>
        <Direction>inbound</Direction>
        <RunTime>PT120S</RunTime>
      </JourneyPatternTimingLink>
      <JourneyPatternTimingLink id="JPS_AGAO020C-3_31053">
        <From>
          <StopPointRef>6490IM943</StopPointRef>
          <TimingStatus>OTH</TimingStatus>
        </From>
        <To>
          <StopPointRef>6490IM350</StopPointRef>
          <TimingStatus>OTH</TimingStatus>
        </To>
        <RouteLinkRef>AGAO020C006_31053</RouteLinkRef>
        <Direction>inbound</Direction>
        <RunTime>PT60S</RunTime>
      </JourneyPatternTimingLink>
      <JourneyPatternTimingLink id="JPS_AGAO020C-3_31054">
        <From>
          <StopPointRef>6490IM350</StopPointRef>
          <TimingStatus>OTH</TimingStatus>
        </From>
        <To>
          <StopPointRef>6490IM1359</StopPointRef>
          <TimingStatus>OTH</TimingStatus>
        </To>
        <RouteLinkRef>AGAO020C006_31054</RouteLinkRef>
        <Direction>inbound</Direction>
        <RunTime>PT60S</RunTime>
      </JourneyPatternTimingLink>
      <JourneyPatternTimingLink id="JPS_AGAO020C-3_31055">
        <From>
          <StopPointRef>6490IM1359</StopPointRef>
          <TimingStatus>OTH</TimingStatus>
        </From>
        <To>
          <StopPointRef>6490IM1281</StopPointRef>
          <TimingStatus>OTH</TimingStatus>
        </To>
        <RouteLinkRef>AGAO020C006_31055</RouteLinkRef>
        <Direction>inbound</Direction>
        <RunTime>PT120S</RunTime>
      </JourneyPatternTimingLink>
      <JourneyPatternTimingLink id="JPS_AGAO020C-3_31056">
        <From>
          <StopPointRef>6490IM1281</StopPointRef>
          <TimingStatus>OTH</TimingStatus>
        </From>
        <To>
          <StopPointRef>6490IM8829</StopPointRef>
          <TimingStatus>OTH</TimingStatus>
        </To>
        <RouteLinkRef>AGAO020C006_31056</RouteLinkRef>
        <Direction>inbound</Direction>
        <RunTime>PT60S</RunTime>
      </JourneyPatternTimingLink>
      <JourneyPatternTimingLink id="JPS_AGAO020C-3_31057">
        <From>
          <StopPointRef>6490IM8829</StopPointRef>
          <TimingStatus>OTH</TimingStatus>
        </From>
        <To>
          <StopPointRef>6490IM11462</StopPointRef>
          <TimingStatus>OTH</TimingStatus>
        </To>
        <RouteLinkRef>AGAO020C006_31057</RouteLinkRef>
        <Direction>inbound</Direction>
        <RunTime>PT0S</RunTime>
      </JourneyPatternTimingLink>
      <JourneyPatternTimingLink id="JPS_AGAO020C-3_31058">
        <From>
          <StopPointRef>6490IM11462</StopPointRef>
          <TimingStatus>OTH</TimingStatus>
        </From>
        <To>
          <StopPointRef>6490IM1410</StopPointRef>
          <TimingStatus>OTH</TimingStatus>
        </To>
        <RouteLinkRef>AGAO020C006_31058</RouteLinkRef>
        <Direction>inbound</Direction>
        <RunTime>PT60S</RunTime>
      </JourneyPatternTimingLink>
      <JourneyPatternTimingLink id="JPS_AGAO020C-3_31059">
        <From>
          <StopPointRef>6490IM1410</StopPointRef>
          <TimingStatus>OTH</TimingStatus>
        </From>
        <To>
          <StopPointRef>6490IM799</StopPointRef>
          <TimingStatus>OTH</TimingStatus>
        </To>
        <RouteLinkRef>AGAO020C006_31059</RouteLinkRef>
        <Direction>inbound</Direction>
        <RunTime>PT0S</RunTime>
      </JourneyPatternTimingLink>
      <JourneyPatternTimingLink id="JPS_AGAO020C-3_31060">
        <From>
          <StopPointRef>6490IM799</StopPointRef>
          <TimingStatus>OTH</TimingStatus>
        </From>
        <To>
          <StopPointRef>6490IM797</StopPointRef>
          <TimingStatus>OTH</TimingStatus>
        </To>
        <RouteLinkRef>AGAO020C006_31060</RouteLinkRef>
        <Direction>inbound</Direction>
        <RunTime>PT60S</RunTime>
      </JourneyPatternTimingLink>
      <JourneyPatternTimingLink id="JPS_AGAO020C-3_31061">
        <From>
          <StopPointRef>6490IM797</StopPointRef>
          <TimingStatus>OTH</TimingStatus>
        </From>
        <To>
          <StopPointRef>6490IM796</StopPointRef>
          <TimingStatus>OTH</TimingStatus>
        </To>
        <RouteLinkRef>AGAO020C006_31061</RouteLinkRef>
        <Direction>inbound</Direction>
        <RunTime>PT0S</RunTime>
      </JourneyPatternTimingLink>
      <JourneyPatternTimingLink id="JPS_AGAO020C-3_31062">
        <From>
          <StopPointRef>6490IM796</StopPointRef>
          <TimingStatus>OTH</TimingStatus>
        </From>
        <To>
          <StopPointRef>6490IM134</StopPointRef>
          <TimingStatus>OTH</TimingStatus>
        </To>
        <RouteLinkRef>AGAO020C006_31062</RouteLinkRef>
        <Direction>inbound</Direction>
        <RunTime>PT0S</RunTime>
      </JourneyPatternTimingLink>
      <JourneyPatternTimingLink id="JPS_AGAO020C-3_31063">
        <From>
          <StopPointRef>6490IM134</StopPointRef>
          <TimingStatus>OTH</TimingStatus>
        </From>
        <To>
          <StopPointRef>6490IM241</StopPointRef>
          <TimingStatus>PTP</TimingStatus>
        </To>
        <RouteLinkRef>AGAO020C006_31063</RouteLinkRef>
        <Direction>inbound</Direction>
        <RunTime>PT60S</RunTime>
      </JourneyPatternTimingLink>
      <JourneyPatternTimingLink id="JPS_AGAO020C-3_31064">
        <From>
          <StopPointRef>6490IM241</StopPointRef>
          <TimingStatus>PTP</TimingStatus>
        </From>
        <To>
          <StopPointRef>6490IM239</StopPointRef>
          <TimingStatus>OTH</TimingStatus>
        </To>
        <RouteLinkRef>AGAO020C006_31064</RouteLinkRef>
        <Direction>inbound</Direction>
        <RunTime>PT0S</RunTime>
      </JourneyPatternTimingLink>
      <JourneyPatternTimingLink id="JPS_AGAO020C-3_31065">
        <From>
          <StopPointRef>6490IM239</StopPointRef>
          <TimingStatus>OTH</TimingStatus>
        </From>
        <To>
          <StopPointRef>6490IM1407</StopPointRef>
          <TimingStatus>OTH</TimingStatus>
        </To>
        <RouteLinkRef>AGAO020C006_31065</RouteLinkRef>
        <Direction>inbound</Direction>
        <RunTime>PT0S</RunTime>
      </JourneyPatternTimingLink>
      <JourneyPatternTimingLink id="JPS_AGAO020C-3_31066">
        <From>
          <StopPointRef>6490IM1407</StopPointRef>
          <TimingStatus>OTH</TimingStatus>
        </From>
        <To>
          <StopPointRef>6490IM794</StopPointRef>
          <TimingStatus>OTH</TimingStatus>
        </To>
        <RouteLinkRef>AGAO020C006_31066</RouteLinkRef>
        <Direction>inbound</Direction>
        <RunTime>PT120S</RunTime>
      </JourneyPatternTimingLink>
      <JourneyPatternTimingLink id="JPS_AGAO020C-3_31067">
        <From>
          <StopPointRef>6490IM794</StopPointRef>
          <TimingStatus>OTH</TimingStatus>
        </From>
        <To>
          <StopPointRef>6490IM331</StopPointRef>
          <TimingStatus>PTP</TimingStatus>
        </To>
        <RouteLinkRef>AGAO020C006_31067</RouteLinkRef>
        <Direction>inbound</Direction>
        <RunTime>PT60S</RunTime>
      </JourneyPatternTimingLink>
      <JourneyPatternTimingLink id="JPS_AGAO020C-3_31068">
        <From>
          <WaitTime>PT120S</WaitTime>
          <StopPointRef>6490IM331</StopPointRef>
          <TimingStatus>PTP</TimingStatus>
        </From>
        <To>
          <StopPointRef>6490IM253</StopPointRef>
          <TimingStatus>OTH</TimingStatus>
        </To>
        <RouteLinkRef>AGAO020C006_31068</RouteLinkRef>
        <Direction>inbound</Direction>
        <RunTime>PT0S</RunTime>
      </JourneyPatternTimingLink>
      <JourneyPatternTimingLink id="JPS_AGAO020C-3_31069">
        <From>
          <StopPointRef>6490IM253</StopPointRef>
          <TimingStatus>OTH</TimingStatus>
        </From>
        <To>
          <StopPointRef>6490IM510</StopPointRef>
          <TimingStatus>OTH</TimingStatus>
        </To>
        <RouteLinkRef>AGAO020C006_31069</RouteLinkRef>
        <Direction>inbound</Direction>
        <RunTime>PT0S</RunTime>
      </JourneyPatternTimingLink>
      <JourneyPatternTimingLink id="JPS_AGAO020C-3_31070">
        <From>
          <StopPointRef>6490IM510</StopPointRef>
          <TimingStatus>OTH</TimingStatus>
        </From>
        <To>
          <StopPointRef>6490IM526</StopPointRef>
          <TimingStatus>OTH</TimingStatus>
        </To>
        <RouteLinkRef>AGAO020C006_31070</RouteLinkRef>
        <Direction>inbound</Direction>
        <RunTime>PT60S</RunTime>
      </JourneyPatternTimingLink>
      <JourneyPatternTimingLink id="JPS_AGAO020C-3_31071">
        <From>
          <StopPointRef>6490IM526</StopPointRef>
          <TimingStatus>OTH</TimingStatus>
        </From>
        <To>
          <StopPointRef>6490IM1384</StopPointRef>
          <TimingStatus>OTH</TimingStatus>
        </To>
        <RouteLinkRef>AGAO020C006_31071</RouteLinkRef>
        <Direction>inbound</Direction>
        <RunTime>PT60S</RunTime>
      </JourneyPatternTimingLink>
      <JourneyPatternTimingLink id="JPS_AGAO020C-3_31072">
        <From>
          <StopPointRef>6490IM1384</StopPointRef>
          <TimingStatus>OTH</TimingStatus>
        </From>
        <To>
          <StopPointRef>6490IM553</StopPointRef>
          <TimingStatus>OTH</TimingStatus>
        </To>
        <RouteLinkRef>AGAO020C006_31072</RouteLinkRef>
        <Direction>inbound</Direction>
        <RunTime>PT0S</RunTime>
      </JourneyPatternTimingLink>
      <JourneyPatternTimingLink id="JPS_AGAO020C-3_31073">
        <From>
          <StopPointRef>6490IM553</StopPointRef>
          <TimingStatus>OTH</TimingStatus>
        </From>
        <To>
          <StopPointRef>6490IM554</StopPointRef>
          <TimingStatus>OTH</TimingStatus>
        </To>
        <RouteLinkRef>AGAO020C006_31073</RouteLinkRef>
        <Direction>inbound</Direction>
        <RunTime>PT60S</RunTime>
      </JourneyPatternTimingLink>
      <JourneyPatternTimingLink id="JPS_AGAO020C-3_31074">
        <From>
          <StopPointRef>6490IM554</StopPointRef>
          <TimingStatus>OTH</TimingStatus>
        </From>
        <To>
          <StopPointRef>649017958</StopPointRef>
          <TimingStatus>OTH</TimingStatus>
        </To>
        <RouteLinkRef>AGAO020C006_31074</RouteLinkRef>
        <Direction>inbound</Direction>
        <RunTime>PT60S</RunTime>
      </JourneyPatternTimingLink>
      <JourneyPatternTimingLink id="JPS_AGAO020C-3_31075">
        <From>
          <StopPointRef>649017958</StopPointRef>
          <TimingStatus>OTH</TimingStatus>
        </From>
        <To>
          <StopPointRef>6490IM1100</StopPointRef>
          <TimingStatus>OTH</TimingStatus>
        </To>
        <RouteLinkRef>AGAO020C006_31075</RouteLinkRef>
        <Direction>inbound</Direction>
        <RunTime>PT120S</RunTime>
      </JourneyPatternTimingLink>
      <JourneyPatternTimingLink id="JPS_AGAO020C-3_31076">
        <From>
          <StopPointRef>6490IM1100</StopPointRef>
          <TimingStatus>OTH</TimingStatus>
        </From>
        <To>
          <StopPointRef>6490IM347</StopPointRef>
          <TimingStatus>PTP</TimingStatus>
        </To>
        <RouteLinkRef>AGAO020C006_31076</RouteLinkRef>
        <Direction>inbound</Direction>
        <RunTime>PT180S</RunTime>
      </JourneyPatternTimingLink>
      <JourneyPatternTimingLink id="JPS_AGAO020C-3_31077">
        <From>
          <StopPointRef>6490IM347</StopPointRef>
          <TimingStatus>PTP</TimingStatus>
        </From>
        <To>
          <StopPointRef>6490IM200</StopPointRef>
          <TimingStatus>OTH</TimingStatus>
        </To>
        <RouteLinkRef>AGAO020C006_31077</RouteLinkRef>
        <Direction>inbound</Direction>
        <RunTime>PT60S</RunTime>
      </JourneyPatternTimingLink>
      <JourneyPatternTimingLink id="JPS_AGAO020C-3_31078">
        <From>
          <StopPointRef>6490IM200</StopPointRef>
          <TimingStatus>OTH</TimingStatus>
        </From>
        <To>
          <StopPointRef>6490IM1147</StopPointRef>
          <TimingStatus>OTH</TimingStatus>
        </To>
        <RouteLinkRef>AGAO020C006_31078</RouteLinkRef>
        <Direction>inbound</Direction>
        <RunTime>PT60S</RunTime>
      </JourneyPatternTimingLink>
      <JourneyPatternTimingLink id="JPS_AGAO020C-3_31079">
        <From>
          <StopPointRef>6490IM1147</StopPointRef>
          <TimingStatus>OTH</TimingStatus>
        </From>
        <To>
          <StopPointRef>6490IM1145</StopPointRef>
          <TimingStatus>OTH</TimingStatus>
        </To>
        <RouteLinkRef>AGAO020C006_31079</RouteLinkRef>
        <Direction>inbound</Direction>
        <RunTime>PT60S</RunTime>
      </JourneyPatternTimingLink>
      <JourneyPatternTimingLink id="JPS_AGAO020C-3_31080">
        <From>
          <StopPointRef>6490IM1145</StopPointRef>
          <TimingStatus>OTH</TimingStatus>
        </From>
        <To>
          <StopPointRef>6490IM1142</StopPointRef>
          <TimingStatus>OTH</TimingStatus>
        </To>
        <RouteLinkRef>AGAO020C006_31080</RouteLinkRef>
        <Direction>inbound</Direction>
        <RunTime>PT60S</RunTime>
      </JourneyPatternTimingLink>
      <JourneyPatternTimingLink id="JPS_AGAO020C-3_31081">
        <From>
          <StopPointRef>6490IM1142</StopPointRef>
          <TimingStatus>OTH</TimingStatus>
        </From>
        <To>
          <StopPointRef>6490IM1121</StopPointRef>
          <TimingStatus>OTH</TimingStatus>
        </To>
        <RouteLinkRef>AGAO020C006_31081</RouteLinkRef>
        <Direction>inbound</Direction>
        <RunTime>PT120S</RunTime>
      </JourneyPatternTimingLink>
      <JourneyPatternTimingLink id="JPS_AGAO020C-3_31082">
        <From>
          <StopPointRef>6490IM1121</StopPointRef>
          <TimingStatus>OTH</TimingStatus>
        </From>
        <To>
          <StopPointRef>6490IM648</StopPointRef>
          <TimingStatus>PTP</TimingStatus>
        </To>
        <RouteLinkRef>AGAO020C006_31082</RouteLinkRef>
        <Direction>inbound</Direction>
        <RunTime>PT60S</RunTime>
      </JourneyPatternTimingLink>
      <JourneyPatternTimingLink id="JPS_AGAO020C-3_31083">
        <From>
          <StopPointRef>6490IM648</StopPointRef>
          <TimingStatus>PTP</TimingStatus>
        </From>
        <To>
          <StopPointRef>6490IM646</StopPointRef>
          <TimingStatus>OTH</TimingStatus>
        </To>
        <RouteLinkRef>AGAO020C006_31083</RouteLinkRef>
        <Direction>inbound</Direction>
        <RunTime>PT60S</RunTime>
      </JourneyPatternTimingLink>
      <JourneyPatternTimingLink id="JPS_AGAO020C-3_31084">
        <From>
          <StopPointRef>6490IM646</StopPointRef>
          <TimingStatus>OTH</TimingStatus>
        </From>
        <To>
          <StopPointRef>6490IM1120</StopPointRef>
          <TimingStatus>OTH</TimingStatus>
        </To>
        <RouteLinkRef>AGAO020C006_31084</RouteLinkRef>
        <Direction>inbound</Direction>
        <RunTime>PT60S</RunTime>
      </JourneyPatternTimingLink>
      <JourneyPatternTimingLink id="JPS_AGAO020C-3_31085">
        <From>
          <StopPointRef>6490IM1120</StopPointRef>
          <TimingStatus>OTH</TimingStatus>
        </From>
        <To>
          <StopPointRef>6490IM2205</StopPointRef>
          <TimingStatus>OTH</TimingStatus>
        </To>
        <RouteLinkRef>AGAO020C006_31085</RouteLinkRef>
        <Direction>inbound</Direction>
        <RunTime>PT120S</RunTime>
      </JourneyPatternTimingLink>
      <JourneyPatternTimingLink id="JPS_AGAO020C-3_31086">
        <From>
          <StopPointRef>6490IM2205</StopPointRef>
          <TimingStatus>OTH</TimingStatus>
        </From>
        <To>
          <StopPointRef>6400PT1900</StopPointRef>
          <TimingStatus>OTH</TimingStatus>
        </To>
        <RouteLinkRef>AGAO020C006_31086</RouteLinkRef>
        <Direction>inbound</Direction>
        <RunTime>PT120S</RunTime>
      </JourneyPatternTimingLink>
      <JourneyPatternTimingLink id="JPS_AGAO020C-3_31087">
        <From>
          <StopPointRef>6400PT1900</StopPointRef>
          <TimingStatus>OTH</TimingStatus>
        </From>
        <To>
          <StopPointRef>6400PT1706</StopPointRef>
          <TimingStatus>OTH</TimingStatus>
        </To>
        <RouteLinkRef>AGAO020C006_31087</RouteLinkRef>
        <Direction>inbound</Direction>
        <RunTime>PT60S</RunTime>
      </JourneyPatternTimingLink>
      <JourneyPatternTimingLink id="JPS_AGAO020C-3_31088">
        <From>
          <StopPointRef>6400PT1706</StopPointRef>
          <TimingStatus>OTH</TimingStatus>
        </From>
        <To>
          <StopPointRef>6400S248</StopPointRef>
          <TimingStatus>OTH</TimingStatus>
        </To>
        <RouteLinkRef>AGAO020C006_31088</RouteLinkRef>
        <Direction>inbound</Direction>
        <RunTime>PT0S</RunTime>
      </JourneyPatternTimingLink>
      <JourneyPatternTimingLink id="JPS_AGAO020C-3_31089">
        <From>
          <StopPointRef>6400S248</StopPointRef>
          <TimingStatus>OTH</TimingStatus>
        </From>
        <To>
          <StopPointRef>6400S262</StopPointRef>
          <TimingStatus>OTH</TimingStatus>
        </To>
        <RouteLinkRef>AGAO020C006_31089</RouteLinkRef>
        <Direction>inbound</Direction>
        <RunTime>PT60S</RunTime>
      </JourneyPatternTimingLink>
      <JourneyPatternTimingLink id="JPS_AGAO020C-3_31090">
        <From>
          <StopPointRef>6400S262</StopPointRef>
          <TimingStatus>OTH</TimingStatus>
        </From>
        <To>
          <StopPointRef>6400A97</StopPointRef>
          <TimingStatus>OTH</TimingStatus>
        </To>
        <RouteLinkRef>AGAO020C006_31090</RouteLinkRef>
        <Direction>inbound</Direction>
        <RunTime>PT60S</RunTime>
      </JourneyPatternTimingLink>
      <JourneyPatternTimingLink id="JPS_AGAO020C-3_31091">
        <From>
          <StopPointRef>6400A97</StopPointRef>
          <TimingStatus>OTH</TimingStatus>
        </From>
        <To>
          <StopPointRef>6400PT1707</StopPointRef>
          <TimingStatus>OTH</TimingStatus>
        </To>
        <RouteLinkRef>AGAO020C006_31091</RouteLinkRef>
        <Direction>inbound</Direction>
        <RunTime>PT0S</RunTime>
      </JourneyPatternTimingLink>
      <JourneyPatternTimingLink id="JPS_AGAO020C-3_31092">
        <From>
          <StopPointRef>6400PT1707</StopPointRef>
          <TimingStatus>OTH</TimingStatus>
        </From>
        <To>
          <StopPointRef>6400PT1239</StopPointRef>
          <TimingStatus>OTH</TimingStatus>
        </To>
        <RouteLinkRef>AGAO020C006_31092</RouteLinkRef>
        <Direction>inbound</Direction>
        <RunTime>PT60S</RunTime>
      </JourneyPatternTimingLink>
      <JourneyPatternTimingLink id="JPS_AGAO020C-3_31093">
        <From>
          <StopPointRef>6400PT1239</StopPointRef>
          <TimingStatus>OTH</TimingStatus>
        </From>
        <To>
          <StopPointRef>6400A110</StopPointRef>
          <TimingStatus>OTH</TimingStatus>
        </To>
        <RouteLinkRef>AGAO020C006_31093</RouteLinkRef>
        <Direction>inbound</Direction>
        <RunTime>PT0S</RunTime>
      </JourneyPatternTimingLink>
      <JourneyPatternTimingLink id="JPS_AGAO020C-3_31094">
        <From>
          <StopPointRef>6400A110</StopPointRef>
          <TimingStatus>OTH</TimingStatus>
        </From>
        <To>
          <StopPointRef>6400PT1679</StopPointRef>
          <TimingStatus>OTH</TimingStatus>
        </To>
        <RouteLinkRef>AGAO020C006_31094</RouteLinkRef>
        <Direction>inbound</Direction>
        <RunTime>PT60S</RunTime>
      </JourneyPatternTimingLink>
      <JourneyPatternTimingLink id="JPS_AGAO020C-3_31095">
        <From>
          <StopPointRef>6400PT1679</StopPointRef>
          <TimingStatus>OTH</TimingStatus>
        </From>
        <To>
          <StopPointRef>6400PT1734</StopPointRef>
          <TimingStatus>OTH</TimingStatus>
        </To>
        <RouteLinkRef>AGAO020C006_31095</RouteLinkRef>
        <Direction>inbound</Direction>
        <RunTime>PT0S</RunTime>
      </JourneyPatternTimingLink>
      <JourneyPatternTimingLink id="JPS_AGAO020C-3_31096">
        <From>
          <StopPointRef>6400PT1734</StopPointRef>
          <TimingStatus>OTH</TimingStatus>
        </From>
        <To>
          <StopPointRef>6400PT1662</StopPointRef>
          <TimingStatus>OTH</TimingStatus>
        </To>
        <RouteLinkRef>AGAO020C006_31096</RouteLinkRef>
        <Direction>inbound</Direction>
        <RunTime>PT60S</RunTime>
      </JourneyPatternTimingLink>
      <JourneyPatternTimingLink id="JPS_AGAO020C-3_31097">
        <From>
          <StopPointRef>6400PT1662</StopPointRef>
          <TimingStatus>OTH</TimingStatus>
        </From>
        <To>
          <StopPointRef>6400PT1169</StopPointRef>
          <TimingStatus>PTP</TimingStatus>
        </To>
        <RouteLinkRef>AGAO020C006_31097</RouteLinkRef>
        <Direction>inbound</Direction>
        <RunTime>PT60S</RunTime>
      </JourneyPatternTimingLink>
      <JourneyPatternTimingLink id="JPS_AGAO020C-3_31098">
        <From>
          <StopPointRef>6400PT1169</StopPointRef>
          <TimingStatus>PTP</TimingStatus>
        </From>
        <To>
          <StopPointRef>6400PT1448</StopPointRef>
          <TimingStatus>OTH</TimingStatus>
        </To>
        <RouteLinkRef>AGAO020C006_31098</RouteLinkRef>
        <Direction>inbound</Direction>
        <RunTime>PT60S</RunTime>
      </JourneyPatternTimingLink>
      <JourneyPatternTimingLink id="JPS_AGAO020C-3_31099">
        <From>
          <StopPointRef>6400PT1448</StopPointRef>
          <TimingStatus>OTH</TimingStatus>
        </From>
        <To>
          <StopPointRef>6400L00040</StopPointRef>
          <TimingStatus>PTP</TimingStatus>
        </To>
        <RouteLinkRef>AGAO020C006_31099</RouteLinkRef>
        <Direction>inbound</Direction>
        <RunTime>PT120S</RunTime>
      </JourneyPatternTimingLink>
    </JourneyPatternSection>
    <JourneyPatternSection id="JPS_AGAO020C-4">
      <JourneyPatternTimingLink id="JPS_AGAO020C-4_31101">
        <From>
          <StopPointRef>640012246</StopPointRef>
          <TimingStatus>PTP</TimingStatus>
        </From>
        <To>
          <StopPointRef>6400A02</StopPointRef>
          <TimingStatus>PTP</TimingStatus>
        </To>
        <RouteLinkRef>AGAO020C003_31101</RouteLinkRef>
        <Direction>outbound</Direction>
        <RunTime>PT180S</RunTime>
      </JourneyPatternTimingLink>
      <JourneyPatternTimingLink id="JPS_AGAO020C-4_31102">
        <From>
          <StopPointRef>6400A02</StopPointRef>
          <TimingStatus>PTP</TimingStatus>
        </From>
        <To>
          <StopPointRef>6400S507</StopPointRef>
          <TimingStatus>OTH</TimingStatus>
        </To>
        <RouteLinkRef>AGAO020C003_31102</RouteLinkRef>
        <Direction>outbound</Direction>
        <RunTime>PT0S</RunTime>
      </JourneyPatternTimingLink>
      <JourneyPatternTimingLink id="JPS_AGAO020C-4_31103">
        <From>
          <StopPointRef>6400S507</StopPointRef>
          <TimingStatus>OTH</TimingStatus>
        </From>
        <To>
          <StopPointRef>6400PT1501</StopPointRef>
          <TimingStatus>OTH</TimingStatus>
        </To>
        <RouteLinkRef>AGAO020C003_31103</RouteLinkRef>
        <Direction>outbound</Direction>
        <RunTime>PT0S</RunTime>
      </JourneyPatternTimingLink>
      <JourneyPatternTimingLink id="JPS_AGAO020C-4_31104">
        <From>
          <StopPointRef>6400PT1501</StopPointRef>
          <TimingStatus>OTH</TimingStatus>
        </From>
        <To>
          <StopPointRef>6400S518</StopPointRef>
          <TimingStatus>OTH</TimingStatus>
        </To>
        <RouteLinkRef>AGAO020C003_31104</RouteLinkRef>
        <Direction>outbound</Direction>
        <RunTime>PT60S</RunTime>
      </JourneyPatternTimingLink>
      <JourneyPatternTimingLink id="JPS_AGAO020C-4_31105">
        <From>
          <StopPointRef>6400S518</StopPointRef>
          <TimingStatus>OTH</TimingStatus>
        </From>
        <To>
          <StopPointRef>6400PT1742</StopPointRef>
          <TimingStatus>OTH</TimingStatus>
        </To>
        <RouteLinkRef>AGAO020C003_31105</RouteLinkRef>
        <Direction>outbound</Direction>
        <RunTime>PT0S</RunTime>
      </JourneyPatternTimingLink>
      <JourneyPatternTimingLink id="JPS_AGAO020C-4_31106">
        <From>
          <StopPointRef>6400PT1742</StopPointRef>
          <TimingStatus>OTH</TimingStatus>
        </From>
        <To>
          <StopPointRef>6400PT1240</StopPointRef>
          <TimingStatus>OTH</TimingStatus>
        </To>
        <RouteLinkRef>AGAO020C003_31106</RouteLinkRef>
        <Direction>outbound</Direction>
        <RunTime>PT60S</RunTime>
      </JourneyPatternTimingLink>
      <JourneyPatternTimingLink id="JPS_AGAO020C-4_31107">
        <From>
          <StopPointRef>6400PT1240</StopPointRef>
          <TimingStatus>OTH</TimingStatus>
        </From>
        <To>
          <StopPointRef>6400PT1263</StopPointRef>
          <TimingStatus>OTH</TimingStatus>
        </To>
        <RouteLinkRef>AGAO020C003_31107</RouteLinkRef>
        <Direction>outbound</Direction>
        <RunTime>PT60S</RunTime>
      </JourneyPatternTimingLink>
      <JourneyPatternTimingLink id="JPS_AGAO020C-4_31108">
        <From>
          <StopPointRef>6400PT1263</StopPointRef>
          <TimingStatus>OTH</TimingStatus>
        </From>
        <To>
          <StopPointRef>6400PT1264</StopPointRef>
          <TimingStatus>OTH</TimingStatus>
        </To>
        <RouteLinkRef>AGAO020C003_31108</RouteLinkRef>
        <Direction>outbound</Direction>
        <RunTime>PT0S</RunTime>
      </JourneyPatternTimingLink>
      <JourneyPatternTimingLink id="JPS_AGAO020C-4_31109">
        <From>
          <StopPointRef>6400PT1264</StopPointRef>
          <TimingStatus>OTH</TimingStatus>
        </From>
        <To>
          <StopPointRef>6400PT1705</StopPointRef>
          <TimingStatus>OTH</TimingStatus>
        </To>
        <RouteLinkRef>AGAO020C003_31109</RouteLinkRef>
        <Direction>outbound</Direction>
        <RunTime>PT0S</RunTime>
      </JourneyPatternTimingLink>
      <JourneyPatternTimingLink id="JPS_AGAO020C-4_31110">
        <From>
          <StopPointRef>6400PT1705</StopPointRef>
          <TimingStatus>OTH</TimingStatus>
        </From>
        <To>
          <StopPointRef>6400PT1260</StopPointRef>
          <TimingStatus>OTH</TimingStatus>
        </To>
        <RouteLinkRef>AGAO020C003_31110</RouteLinkRef>
        <Direction>outbound</Direction>
        <RunTime>PT60S</RunTime>
      </JourneyPatternTimingLink>
      <JourneyPatternTimingLink id="JPS_AGAO020C-4_31111">
        <From>
          <StopPointRef>6400PT1260</StopPointRef>
          <TimingStatus>OTH</TimingStatus>
        </From>
        <To>
          <StopPointRef>6400S249</StopPointRef>
          <TimingStatus>OTH</TimingStatus>
        </To>
        <RouteLinkRef>AGAO020C003_31111</RouteLinkRef>
        <Direction>outbound</Direction>
        <RunTime>PT0S</RunTime>
      </JourneyPatternTimingLink>
      <JourneyPatternTimingLink id="JPS_AGAO020C-4_31112">
        <From>
          <StopPointRef>6400S249</StopPointRef>
          <TimingStatus>OTH</TimingStatus>
        </From>
        <To>
          <StopPointRef>6400S255</StopPointRef>
          <TimingStatus>OTH</TimingStatus>
        </To>
        <RouteLinkRef>AGAO020C003_31112</RouteLinkRef>
        <Direction>outbound</Direction>
        <RunTime>PT60S</RunTime>
      </JourneyPatternTimingLink>
      <JourneyPatternTimingLink id="JPS_AGAO020C-4_31113">
        <From>
          <StopPointRef>6400S255</StopPointRef>
          <TimingStatus>OTH</TimingStatus>
        </From>
        <To>
          <StopPointRef>6490IM2206</StopPointRef>
          <TimingStatus>OTH</TimingStatus>
        </To>
        <RouteLinkRef>AGAO020C003_31113</RouteLinkRef>
        <Direction>outbound</Direction>
        <RunTime>PT180S</RunTime>
      </JourneyPatternTimingLink>
      <JourneyPatternTimingLink id="JPS_AGAO020C-4_31114">
        <From>
          <StopPointRef>6490IM2206</StopPointRef>
          <TimingStatus>OTH</TimingStatus>
        </From>
        <To>
          <StopPointRef>6490IM1124</StopPointRef>
          <TimingStatus>OTH</TimingStatus>
        </To>
        <RouteLinkRef>AGAO020C003_31114</RouteLinkRef>
        <Direction>outbound</Direction>
        <RunTime>PT120S</RunTime>
      </JourneyPatternTimingLink>
      <JourneyPatternTimingLink id="JPS_AGAO020C-4_31115">
        <From>
          <StopPointRef>6490IM1124</StopPointRef>
          <TimingStatus>OTH</TimingStatus>
        </From>
        <To>
          <StopPointRef>6490IM645</StopPointRef>
          <TimingStatus>OTH</TimingStatus>
        </To>
        <RouteLinkRef>AGAO020C003_31115</RouteLinkRef>
        <Direction>outbound</Direction>
        <RunTime>PT60S</RunTime>
      </JourneyPatternTimingLink>
      <JourneyPatternTimingLink id="JPS_AGAO020C-4_31116">
        <From>
          <StopPointRef>6490IM645</StopPointRef>
          <TimingStatus>OTH</TimingStatus>
        </From>
        <To>
          <StopPointRef>6490IM1102</StopPointRef>
          <TimingStatus>OTH</TimingStatus>
        </To>
        <RouteLinkRef>AGAO020C003_31116</RouteLinkRef>
        <Direction>outbound</Direction>
        <RunTime>PT60S</RunTime>
      </JourneyPatternTimingLink>
      <JourneyPatternTimingLink id="JPS_AGAO020C-4_31117">
        <From>
          <StopPointRef>6490IM1102</StopPointRef>
          <TimingStatus>OTH</TimingStatus>
        </From>
        <To>
          <StopPointRef>6490IM647</StopPointRef>
          <TimingStatus>PTP</TimingStatus>
        </To>
        <RouteLinkRef>AGAO020C003_31117</RouteLinkRef>
        <Direction>outbound</Direction>
        <RunTime>PT60S</RunTime>
      </JourneyPatternTimingLink>
      <JourneyPatternTimingLink id="JPS_AGAO020C-4_31118">
        <From>
          <StopPointRef>6490IM647</StopPointRef>
          <TimingStatus>PTP</TimingStatus>
        </From>
        <To>
          <StopPointRef>6490IM1122</StopPointRef>
          <TimingStatus>OTH</TimingStatus>
        </To>
        <RouteLinkRef>AGAO020C003_31118</RouteLinkRef>
        <Direction>outbound</Direction>
        <RunTime>PT60S</RunTime>
      </JourneyPatternTimingLink>
      <JourneyPatternTimingLink id="JPS_AGAO020C-4_31119">
        <From>
          <StopPointRef>6490IM1122</StopPointRef>
          <TimingStatus>OTH</TimingStatus>
        </From>
        <To>
          <StopPointRef>6490IM1143</StopPointRef>
          <TimingStatus>OTH</TimingStatus>
        </To>
        <RouteLinkRef>AGAO020C003_31119</RouteLinkRef>
        <Direction>outbound</Direction>
        <RunTime>PT60S</RunTime>
      </JourneyPatternTimingLink>
      <JourneyPatternTimingLink id="JPS_AGAO020C-4_31120">
        <From>
          <StopPointRef>6490IM1143</StopPointRef>
          <TimingStatus>OTH</TimingStatus>
        </From>
        <To>
          <StopPointRef>6490IM1144</StopPointRef>
          <TimingStatus>OTH</TimingStatus>
        </To>
        <RouteLinkRef>AGAO020C003_31120</RouteLinkRef>
        <Direction>outbound</Direction>
        <RunTime>PT60S</RunTime>
      </JourneyPatternTimingLink>
      <JourneyPatternTimingLink id="JPS_AGAO020C-4_31121">
        <From>
          <StopPointRef>6490IM1144</StopPointRef>
          <TimingStatus>OTH</TimingStatus>
        </From>
        <To>
          <StopPointRef>6490IM1146</StopPointRef>
          <TimingStatus>OTH</TimingStatus>
        </To>
        <RouteLinkRef>AGAO020C003_31121</RouteLinkRef>
        <Direction>outbound</Direction>
        <RunTime>PT60S</RunTime>
      </JourneyPatternTimingLink>
      <JourneyPatternTimingLink id="JPS_AGAO020C-4_31122">
        <From>
          <StopPointRef>6490IM1146</StopPointRef>
          <TimingStatus>OTH</TimingStatus>
        </From>
        <To>
          <StopPointRef>6490IM448</StopPointRef>
          <TimingStatus>OTH</TimingStatus>
        </To>
        <RouteLinkRef>AGAO020C003_31122</RouteLinkRef>
        <Direction>outbound</Direction>
        <RunTime>PT60S</RunTime>
      </JourneyPatternTimingLink>
      <JourneyPatternTimingLink id="JPS_AGAO020C-4_31123">
        <From>
          <StopPointRef>6490IM448</StopPointRef>
          <TimingStatus>OTH</TimingStatus>
        </From>
        <To>
          <StopPointRef>6490IM201</StopPointRef>
          <TimingStatus>PTP</TimingStatus>
        </To>
        <RouteLinkRef>AGAO020C003_31123</RouteLinkRef>
        <Direction>outbound</Direction>
        <RunTime>PT120S</RunTime>
      </JourneyPatternTimingLink>
      <JourneyPatternTimingLink id="JPS_AGAO020C-4_31124">
        <From>
          <StopPointRef>6490IM201</StopPointRef>
          <TimingStatus>PTP</TimingStatus>
        </From>
        <To>
          <StopPointRef>6490IM1101</StopPointRef>
          <TimingStatus>OTH</TimingStatus>
        </To>
        <RouteLinkRef>AGAO020C003_31124</RouteLinkRef>
        <Direction>outbound</Direction>
        <RunTime>PT180S</RunTime>
      </JourneyPatternTimingLink>
      <JourneyPatternTimingLink id="JPS_AGAO020C-4_31125">
        <From>
          <StopPointRef>6490IM1101</StopPointRef>
          <TimingStatus>OTH</TimingStatus>
        </From>
        <To>
          <StopPointRef>649017956</StopPointRef>
          <TimingStatus>OTH</TimingStatus>
        </To>
        <RouteLinkRef>AGAO020C003_31125</RouteLinkRef>
        <Direction>outbound</Direction>
        <RunTime>PT120S</RunTime>
      </JourneyPatternTimingLink>
      <JourneyPatternTimingLink id="JPS_AGAO020C-4_31126">
        <From>
          <StopPointRef>649017956</StopPointRef>
          <TimingStatus>OTH</TimingStatus>
        </From>
        <To>
          <StopPointRef>6490IM555</StopPointRef>
          <TimingStatus>OTH</TimingStatus>
        </To>
        <RouteLinkRef>AGAO020C003_31126</RouteLinkRef>
        <Direction>outbound</Direction>
        <RunTime>PT60S</RunTime>
      </JourneyPatternTimingLink>
      <JourneyPatternTimingLink id="JPS_AGAO020C-4_31127">
        <From>
          <StopPointRef>6490IM555</StopPointRef>
          <TimingStatus>OTH</TimingStatus>
        </From>
        <To>
          <StopPointRef>6490IM959</StopPointRef>
          <TimingStatus>OTH</TimingStatus>
        </To>
        <RouteLinkRef>AGAO020C003_31127</RouteLinkRef>
        <Direction>outbound</Direction>
        <RunTime>PT60S</RunTime>
      </JourneyPatternTimingLink>
      <JourneyPatternTimingLink id="JPS_AGAO020C-4_31128">
        <From>
          <StopPointRef>6490IM959</StopPointRef>
          <TimingStatus>OTH</TimingStatus>
        </From>
        <To>
          <StopPointRef>6490IM523</StopPointRef>
          <TimingStatus>OTH</TimingStatus>
        </To>
        <RouteLinkRef>AGAO020C003_31128</RouteLinkRef>
        <Direction>outbound</Direction>
        <RunTime>PT0S</RunTime>
      </JourneyPatternTimingLink>
      <JourneyPatternTimingLink id="JPS_AGAO020C-4_31129">
        <From>
          <StopPointRef>6490IM523</StopPointRef>
          <TimingStatus>OTH</TimingStatus>
        </From>
        <To>
          <StopPointRef>6490IM960</StopPointRef>
          <TimingStatus>OTH</TimingStatus>
        </To>
        <RouteLinkRef>AGAO020C003_31129</RouteLinkRef>
        <Direction>outbound</Direction>
        <RunTime>PT60S</RunTime>
      </JourneyPatternTimingLink>
      <JourneyPatternTimingLink id="JPS_AGAO020C-4_31130">
        <From>
          <StopPointRef>6490IM960</StopPointRef>
          <TimingStatus>OTH</TimingStatus>
        </From>
        <To>
          <StopPointRef>6490IM796</StopPointRef>
          <TimingStatus>OTH</TimingStatus>
        </To>
        <RouteLinkRef>AGAO020C003_31130</RouteLinkRef>
        <Direction>outbound</Direction>
        <RunTime>PT60S</RunTime>
      </JourneyPatternTimingLink>
      <JourneyPatternTimingLink id="JPS_AGAO020C-4_31131">
        <From>
          <StopPointRef>6490IM796</StopPointRef>
          <TimingStatus>OTH</TimingStatus>
        </From>
        <To>
          <StopPointRef>6490IM134</StopPointRef>
          <TimingStatus>OTH</TimingStatus>
        </To>
        <RouteLinkRef>AGAO020C003_31131</RouteLinkRef>
        <Direction>outbound</Direction>
        <RunTime>PT0S</RunTime>
      </JourneyPatternTimingLink>
      <JourneyPatternTimingLink id="JPS_AGAO020C-4_31132">
        <From>
          <StopPointRef>6490IM134</StopPointRef>
          <TimingStatus>OTH</TimingStatus>
        </From>
        <To>
          <StopPointRef>6490IM241</StopPointRef>
          <TimingStatus>PTP</TimingStatus>
        </To>
        <RouteLinkRef>AGAO020C003_31132</RouteLinkRef>
        <Direction>outbound</Direction>
        <RunTime>PT60S</RunTime>
      </JourneyPatternTimingLink>
      <JourneyPatternTimingLink id="JPS_AGAO020C-4_31133">
        <From>
          <WaitTime>PT120S</WaitTime>
          <StopPointRef>6490IM241</StopPointRef>
          <TimingStatus>PTP</TimingStatus>
        </From>
        <To>
          <StopPointRef>6490IM239</StopPointRef>
          <TimingStatus>OTH</TimingStatus>
        </To>
        <RouteLinkRef>AGAO020C003_31133</RouteLinkRef>
        <Direction>outbound</Direction>
        <RunTime>PT0S</RunTime>
      </JourneyPatternTimingLink>
      <JourneyPatternTimingLink id="JPS_AGAO020C-4_31134">
        <From>
          <StopPointRef>6490IM239</StopPointRef>
          <TimingStatus>OTH</TimingStatus>
        </From>
        <To>
          <StopPointRef>6490IM1407</StopPointRef>
          <TimingStatus>OTH</TimingStatus>
        </To>
        <RouteLinkRef>AGAO020C003_31134</RouteLinkRef>
        <Direction>outbound</Direction>
        <RunTime>PT0S</RunTime>
      </JourneyPatternTimingLink>
      <JourneyPatternTimingLink id="JPS_AGAO020C-4_31135">
        <From>
          <StopPointRef>6490IM1407</StopPointRef>
          <TimingStatus>OTH</TimingStatus>
        </From>
        <To>
          <StopPointRef>6490IM794</StopPointRef>
          <TimingStatus>OTH</TimingStatus>
        </To>
        <RouteLinkRef>AGAO020C003_31135</RouteLinkRef>
        <Direction>outbound</Direction>
        <RunTime>PT0S</RunTime>
      </JourneyPatternTimingLink>
      <JourneyPatternTimingLink id="JPS_AGAO020C-4_31136">
        <From>
          <StopPointRef>6490IM794</StopPointRef>
          <TimingStatus>OTH</TimingStatus>
        </From>
        <To>
          <StopPointRef>6490IM331</StopPointRef>
          <TimingStatus>PTP</TimingStatus>
        </To>
        <RouteLinkRef>AGAO020C003_31136</RouteLinkRef>
        <Direction>outbound</Direction>
        <RunTime>PT60S</RunTime>
      </JourneyPatternTimingLink>
      <JourneyPatternTimingLink id="JPS_AGAO020C-4_31137">
        <From>
          <StopPointRef>6490IM331</StopPointRef>
          <TimingStatus>PTP</TimingStatus>
        </From>
        <To>
          <StopPointRef>6490IM253</StopPointRef>
          <TimingStatus>OTH</TimingStatus>
        </To>
        <RouteLinkRef>AGAO020C003_31137</RouteLinkRef>
        <Direction>outbound</Direction>
        <RunTime>PT0S</RunTime>
      </JourneyPatternTimingLink>
      <JourneyPatternTimingLink id="JPS_AGAO020C-4_31138">
        <From>
          <StopPointRef>6490IM253</StopPointRef>
          <TimingStatus>OTH</TimingStatus>
        </From>
        <To>
          <StopPointRef>6490IM510</StopPointRef>
          <TimingStatus>OTH</TimingStatus>
        </To>
        <RouteLinkRef>AGAO020C003_31138</RouteLinkRef>
        <Direction>outbound</Direction>
        <RunTime>PT0S</RunTime>
      </JourneyPatternTimingLink>
      <JourneyPatternTimingLink id="JPS_AGAO020C-4_31139">
        <From>
          <StopPointRef>6490IM510</StopPointRef>
          <TimingStatus>OTH</TimingStatus>
        </From>
        <To>
          <StopPointRef>6490IM798</StopPointRef>
          <TimingStatus>OTH</TimingStatus>
        </To>
        <RouteLinkRef>AGAO020C003_31139</RouteLinkRef>
        <Direction>outbound</Direction>
        <RunTime>PT0S</RunTime>
      </JourneyPatternTimingLink>
      <JourneyPatternTimingLink id="JPS_AGAO020C-4_31140">
        <From>
          <StopPointRef>6490IM798</StopPointRef>
          <TimingStatus>OTH</TimingStatus>
        </From>
        <To>
          <StopPointRef>6490IM1974</StopPointRef>
          <TimingStatus>OTH</TimingStatus>
        </To>
        <RouteLinkRef>AGAO020C003_31140</RouteLinkRef>
        <Direction>outbound</Direction>
        <RunTime>PT0S</RunTime>
      </JourneyPatternTimingLink>
      <JourneyPatternTimingLink id="JPS_AGAO020C-4_31141">
        <From>
          <StopPointRef>6490IM1974</StopPointRef>
          <TimingStatus>OTH</TimingStatus>
        </From>
        <To>
          <StopPointRef>6490IM511</StopPointRef>
          <TimingStatus>OTH</TimingStatus>
        </To>
        <RouteLinkRef>AGAO020C003_31141</RouteLinkRef>
        <Direction>outbound</Direction>
        <RunTime>PT60S</RunTime>
      </JourneyPatternTimingLink>
      <JourneyPatternTimingLink id="JPS_AGAO020C-4_31142">
        <From>
          <StopPointRef>6490IM511</StopPointRef>
          <TimingStatus>OTH</TimingStatus>
        </From>
        <To>
          <StopPointRef>6490IM800</StopPointRef>
          <TimingStatus>OTH</TimingStatus>
        </To>
        <RouteLinkRef>AGAO020C003_31142</RouteLinkRef>
        <Direction>outbound</Direction>
        <RunTime>PT0S</RunTime>
      </JourneyPatternTimingLink>
      <JourneyPatternTimingLink id="JPS_AGAO020C-4_31143">
        <From>
          <StopPointRef>6490IM800</StopPointRef>
          <TimingStatus>OTH</TimingStatus>
        </From>
        <To>
          <StopPointRef>6490IM11464</StopPointRef>
          <TimingStatus>OTH</TimingStatus>
        </To>
        <RouteLinkRef>AGAO020C003_31143</RouteLinkRef>
        <Direction>outbound</Direction>
        <RunTime>PT60S</RunTime>
      </JourneyPatternTimingLink>
      <JourneyPatternTimingLink id="JPS_AGAO020C-4_31144">
        <From>
          <StopPointRef>6490IM11464</StopPointRef>
          <TimingStatus>OTH</TimingStatus>
        </From>
        <To>
          <StopPointRef>6490IM1282</StopPointRef>
          <TimingStatus>OTH</TimingStatus>
        </To>
        <RouteLinkRef>AGAO020C003_31144</RouteLinkRef>
        <Direction>outbound</Direction>
        <RunTime>PT60S</RunTime>
      </JourneyPatternTimingLink>
      <JourneyPatternTimingLink id="JPS_AGAO020C-4_31145">
        <From>
          <StopPointRef>6490IM1282</StopPointRef>
          <TimingStatus>OTH</TimingStatus>
        </From>
        <To>
          <StopPointRef>6490IM1285</StopPointRef>
          <TimingStatus>OTH</TimingStatus>
        </To>
        <RouteLinkRef>AGAO020C003_31145</RouteLinkRef>
        <Direction>outbound</Direction>
        <RunTime>PT60S</RunTime>
      </JourneyPatternTimingLink>
      <JourneyPatternTimingLink id="JPS_AGAO020C-4_31146">
        <From>
          <StopPointRef>6490IM1285</StopPointRef>
          <TimingStatus>OTH</TimingStatus>
        </From>
        <To>
          <StopPointRef>6490IM1286</StopPointRef>
          <TimingStatus>OTH</TimingStatus>
        </To>
        <RouteLinkRef>AGAO020C003_31146</RouteLinkRef>
        <Direction>outbound</Direction>
        <RunTime>PT120S</RunTime>
      </JourneyPatternTimingLink>
      <JourneyPatternTimingLink id="JPS_AGAO020C-4_31147">
        <From>
          <StopPointRef>6490IM1286</StopPointRef>
          <TimingStatus>OTH</TimingStatus>
        </From>
        <To>
          <StopPointRef>6490IM938</StopPointRef>
          <TimingStatus>OTH</TimingStatus>
        </To>
        <RouteLinkRef>AGAO020C003_31147</RouteLinkRef>
        <Direction>outbound</Direction>
        <RunTime>PT0S</RunTime>
      </JourneyPatternTimingLink>
      <JourneyPatternTimingLink id="JPS_AGAO020C-4_31148">
        <From>
          <StopPointRef>6490IM938</StopPointRef>
          <TimingStatus>OTH</TimingStatus>
        </From>
        <To>
          <StopPointRef>6490IM884</StopPointRef>
          <TimingStatus>OTH</TimingStatus>
        </To>
        <RouteLinkRef>AGAO020C003_31148</RouteLinkRef>
        <Direction>outbound</Direction>
        <RunTime>PT120S</RunTime>
      </JourneyPatternTimingLink>
      <JourneyPatternTimingLink id="JPS_AGAO020C-4_31149">
        <From>
          <StopPointRef>6490IM884</StopPointRef>
          <TimingStatus>OTH</TimingStatus>
        </From>
        <To>
          <StopPointRef>6490IM910</StopPointRef>
          <TimingStatus>PTP</TimingStatus>
        </To>
        <RouteLinkRef>AGAO020C003_31149</RouteLinkRef>
        <Direction>outbound</Direction>
        <RunTime>PT120S</RunTime>
      </JourneyPatternTimingLink>
      <JourneyPatternTimingLink id="JPS_AGAO020C-4_31150">
        <From>
          <StopPointRef>6490IM910</StopPointRef>
          <TimingStatus>PTP</TimingStatus>
        </From>
        <To>
          <StopPointRef>6490IM332</StopPointRef>
          <TimingStatus>PTP</TimingStatus>
        </To>
        <RouteLinkRef>AGAO020C003_31150</RouteLinkRef>
        <Direction>outbound</Direction>
        <RunTime>PT300S</RunTime>
      </JourneyPatternTimingLink>
    </JourneyPatternSection>
  </JourneyPatternSections>
  <Operators>
    <Operator id="STY">
      <NationalOperatorCode>SSTY</NationalOperatorCode>
      <OperatorCode>STY</OperatorCode>
      <OperatorShortName>Stagecoach East Scotland</OperatorShortName>
    </Operator>
  </Operators>
  <Services>
    <Service>
      <ServiceCode>AGAO020C</ServiceCode>
      <Lines>
        <Line id="0">
          <LineName>20C</LineName>
        </Line>
      </Lines>
      <OperatingPeriod>
        <StartDate>2018-05-14</StartDate>
        <EndDate>2049-12-31</EndDate>
      </OperatingPeriod>
      <RegisteredOperatorRef>STY</RegisteredOperatorRef>
      <StopRequirements>
        <NoNewStopsRequired />
      </StopRequirements>
      <Mode>bus</Mode>
      <Description>Dundee - Glamis</Description>
      <StandardService>
        <Origin>Dundee</Origin>
        <Destination>Glamis</Destination>
        <JourneyPattern id="JPS_AGAO020C-3">
          <Direction>inbound</Direction>
          <JourneyPatternSectionRefs>JPS_AGAO020C-3</JourneyPatternSectionRefs>
        </JourneyPattern>
        <JourneyPattern id="JPS_AGAO020C-4">
          <Direction>outbound</Direction>
          <JourneyPatternSectionRefs>JPS_AGAO020C-4</JourneyPatternSectionRefs>
        </JourneyPattern>
      </StandardService>
    </Service>
  </Services>
  <VehicleJourneys>
    <VehicleJourney>
      <OperatorRef>STY</OperatorRef>
      <OperatingProfile>
        <RegularDayType>
          <DaysOfWeek>
            <Sunday />
          </DaysOfWeek>
        </RegularDayType>
      </OperatingProfile>
      <VehicleJourneyCode>12462</VehicleJourneyCode>
      <ServiceRef>AGAO020C</ServiceRef>
      <LineRef>0</LineRef>
      <JourneyPatternRef>JPS_AGAO020C-3</JourneyPatternRef>
      <DepartureTime>12:05:00</DepartureTime>
    </VehicleJourney>
    <VehicleJourney>
      <OperatorRef>STY</OperatorRef>
      <OperatingProfile>
        <RegularDayType>
          <DaysOfWeek>
            <Sunday />
          </DaysOfWeek>
        </RegularDayType>
      </OperatingProfile>
      <VehicleJourneyCode>12463</VehicleJourneyCode>
      <ServiceRef>AGAO020C</ServiceRef>
      <LineRef>0</LineRef>
      <JourneyPatternRef>JPS_AGAO020C-3</JourneyPatternRef>
      <DepartureTime>14:05:00</DepartureTime>
    </VehicleJourney>
    <VehicleJourney>
      <OperatorRef>STY</OperatorRef>
      <OperatingProfile>
        <RegularDayType>
          <DaysOfWeek>
            <Sunday />
          </DaysOfWeek>
        </RegularDayType>
      </OperatingProfile>
      <VehicleJourneyCode>12464</VehicleJourneyCode>
      <ServiceRef>AGAO020C</ServiceRef>
      <LineRef>0</LineRef>
      <JourneyPatternRef>JPS_AGAO020C-3</JourneyPatternRef>
      <DepartureTime>16:05:00</DepartureTime>
    </VehicleJourney>
    <VehicleJourney>
      <OperatorRef>STY</OperatorRef>
      <OperatingProfile>
        <RegularDayType>
          <DaysOfWeek>
            <Sunday />
          </DaysOfWeek>
        </RegularDayType>
      </OperatingProfile>
      <VehicleJourneyCode>12465</VehicleJourneyCode>
      <ServiceRef>AGAO020C</ServiceRef>
      <LineRef>0</LineRef>
      <JourneyPatternRef>JPS_AGAO020C-4</JourneyPatternRef>
      <DepartureTime>11:00:00</DepartureTime>
    </VehicleJourney>
    <VehicleJourney>
      <OperatorRef>STY</OperatorRef>
      <OperatingProfile>
        <RegularDayType>
          <DaysOfWeek>
            <Sunday />
          </DaysOfWeek>
        </RegularDayType>
      </OperatingProfile>
      <VehicleJourneyCode>12466</VehicleJourneyCode>
      <ServiceRef>AGAO020C</ServiceRef>
      <LineRef>0</LineRef>
      <JourneyPatternRef>JPS_AGAO020C-4</JourneyPatternRef>
      <DepartureTime>13:00:00</DepartureTime>
    </VehicleJourney>
    <VehicleJourney>
      <OperatorRef>STY</OperatorRef>
      <OperatingProfile>
        <RegularDayType>
          <DaysOfWeek>
            <Sunday />
          </DaysOfWeek>
        </RegularDayType>
      </OperatingProfile>
      <VehicleJourneyCode>12467</VehicleJourneyCode>
      <ServiceRef>AGAO020C</ServiceRef>
      <LineRef>0</LineRef>
      <JourneyPatternRef>JPS_AGAO020C-4</JourneyPatternRef>
      <DepartureTime>15:00:00</DepartureTime>
    </VehicleJourney>
  </VehicleJourneys>
</TransXChange>