<?xml version="1.0" encoding="utf-8"?>
<TransXChange xmlns:xsi="http://www.w3.org/2001/XMLSchema-instance" xmlns:xsd="http://www.w3.org/2001/XMLSchema" xsi:schemaLocation="http://www.transxchange.org.uk/ http://www.transxchange.org.uk/schema/2.1/TransXChange_general.xsd" CreationDateTime="2019-10-07T13:22:00-00:00" ModificationDateTime="2019-10-07T13:22:00-00:00" Modification="new" RevisionNumber="0" FileName="SVRABAN001.xml" SchemaVersion="2.1" RegistrationDocument="false" xmlns="http://www.transxchange.org.uk/">
  <StopPoints>
    <AnnotatedStopPointRef>
      <StopPointRef>639003463</StopPointRef>
      <CommonName>Laurel Grove</CommonName>
    </AnnotatedStopPointRef>
    <AnnotatedStopPointRef>
      <StopPointRef>639002794</StopPointRef>
      <CommonName>Grandholm Drive</CommonName>
    </AnnotatedStopPointRef>
    <AnnotatedStopPointRef>
      <StopPointRef>639002791</StopPointRef>
      <CommonName>Meadow Place</CommonName>
    </AnnotatedStopPointRef>
    <AnnotatedStopPointRef>
      <StopPointRef>639002801</StopPointRef>
      <CommonName>Gort Road</CommonName>
    </AnnotatedStopPointRef>
    <AnnotatedStopPointRef>
      <StopPointRef>639002722</StopPointRef>
      <CommonName>Coningham Terrace</CommonName>
    </AnnotatedStopPointRef>
    <AnnotatedStopPointRef>
      <StopPointRef>639002712</StopPointRef>
      <CommonName>Harris Drive</CommonName>
    </AnnotatedStopPointRef>
    <AnnotatedStopPointRef>
      <StopPointRef>639002702</StopPointRef>
      <CommonName>Wingate Road</CommonName>
    </AnnotatedStopPointRef>
    <AnnotatedStopPointRef>
      <StopPointRef>639002692</StopPointRef>
      <CommonName>Sir Duncan Rice Library</CommonName>
    </AnnotatedStopPointRef>
    <AnnotatedStopPointRef>
      <StopPointRef>639002682</StopPointRef>
      <CommonName>Meston Walk</CommonName>
    </AnnotatedStopPointRef>
    <AnnotatedStopPointRef>
      <StopPointRef>639006061</StopPointRef>
      <CommonName>Bedford Avenue</CommonName>
    </AnnotatedStopPointRef>
    <AnnotatedStopPointRef>
      <StopPointRef>639001992</StopPointRef>
      <CommonName>Belmont Road</CommonName>
    </AnnotatedStopPointRef>
    <AnnotatedStopPointRef>
      <StopPointRef>639001982</StopPointRef>
      <CommonName>Chestnut Row</CommonName>
    </AnnotatedStopPointRef>
    <AnnotatedStopPointRef>
      <StopPointRef>639001972</StopPointRef>
      <CommonName>Berryden Retail Park</CommonName>
    </AnnotatedStopPointRef>
    <AnnotatedStopPointRef>
      <StopPointRef>639001961</StopPointRef>
      <CommonName>Hutcheon Street</CommonName>
    </AnnotatedStopPointRef>
    <AnnotatedStopPointRef>
      <StopPointRef>639004212</StopPointRef>
      <CommonName>Maberly Street</CommonName>
    </AnnotatedStopPointRef>
    <AnnotatedStopPointRef>
      <StopPointRef>639000622</StopPointRef>
      <CommonName>Carden Place</CommonName>
    </AnnotatedStopPointRef>
    <AnnotatedStopPointRef>
      <StopPointRef>639006355</StopPointRef>
      <CommonName>Holburn Junction</CommonName>
    </AnnotatedStopPointRef>
    <AnnotatedStopPointRef>
      <StopPointRef>639006362</StopPointRef>
      <CommonName>Langstane Kirk</CommonName>
    </AnnotatedStopPointRef>
    <AnnotatedStopPointRef>
      <StopPointRef>639006372</StopPointRef>
      <CommonName>Music Hall</CommonName>
    </AnnotatedStopPointRef>
    <AnnotatedStopPointRef>
      <StopPointRef>639006432</StopPointRef>
      <CommonName>St Nicholas Kirk</CommonName>
    </AnnotatedStopPointRef>
    <AnnotatedStopPointRef>
      <StopPointRef>639006442</StopPointRef>
      <CommonName>Adelphi</CommonName>
    </AnnotatedStopPointRef>
    <AnnotatedStopPointRef>
      <StopPointRef>639006402</StopPointRef>
      <CommonName>Castle Street</CommonName>
    </AnnotatedStopPointRef>
    <AnnotatedStopPointRef>
      <StopPointRef>639003591</StopPointRef>
      <CommonName>Mealmarket Street</CommonName>
    </AnnotatedStopPointRef>
    <AnnotatedStopPointRef>
      <StopPointRef>639003601</StopPointRef>
      <CommonName>Jasmine Terrace</CommonName>
    </AnnotatedStopPointRef>
    <AnnotatedStopPointRef>
      <StopPointRef>639003611</StopPointRef>
      <CommonName>Mary Elmslie Court</CommonName>
    </AnnotatedStopPointRef>
    <AnnotatedStopPointRef>
      <StopPointRef>639003622</StopPointRef>
      <CommonName>Errol Street</CommonName>
    </AnnotatedStopPointRef>
    <AnnotatedStopPointRef>
      <StopPointRef>639003641</StopPointRef>
      <CommonName>Linksfield Road</CommonName>
    </AnnotatedStopPointRef>
    <AnnotatedStopPointRef>
      <StopPointRef>639003651</StopPointRef>
      <CommonName>University Road</CommonName>
    </AnnotatedStopPointRef>
    <AnnotatedStopPointRef>
      <StopPointRef>639003653</StopPointRef>
      <CommonName>School Drive</CommonName>
    </AnnotatedStopPointRef>
    <AnnotatedStopPointRef>
      <StopPointRef>639003661</StopPointRef>
      <CommonName>St Machar Drive</CommonName>
    </AnnotatedStopPointRef>
    <AnnotatedStopPointRef>
      <StopPointRef>639003681</StopPointRef>
      <CommonName>Seaton Place</CommonName>
    </AnnotatedStopPointRef>
    <AnnotatedStopPointRef>
      <StopPointRef>639004851</StopPointRef>
      <CommonName>Lord Hay's Road</CommonName>
    </AnnotatedStopPointRef>
    <AnnotatedStopPointRef>
      <StopPointRef>639004861</StopPointRef>
      <CommonName>Beach Esplanade</CommonName>
    </AnnotatedStopPointRef>
    <AnnotatedStopPointRef>
      <StopPointRef>639004871</StopPointRef>
      <CommonName>Donmouth Road</CommonName>
    </AnnotatedStopPointRef>
    <AnnotatedStopPointRef>
      <StopPointRef>639005141</StopPointRef>
      <CommonName>Balgownie Road</CommonName>
    </AnnotatedStopPointRef>
    <AnnotatedStopPointRef>
      <StopPointRef>639005131</StopPointRef>
      <CommonName>Hutcheon Gardens</CommonName>
    </AnnotatedStopPointRef>
    <AnnotatedStopPointRef>
      <StopPointRef>639005122</StopPointRef>
      <CommonName>Broadfold Drive</CommonName>
    </AnnotatedStopPointRef>
    <AnnotatedStopPointRef>
      <StopPointRef>639005112</StopPointRef>
      <CommonName>Fraserfield Gardens</CommonName>
    </AnnotatedStopPointRef>
    <AnnotatedStopPointRef>
      <StopPointRef>639005102</StopPointRef>
      <CommonName>Cameron Road</CommonName>
    </AnnotatedStopPointRef>
    <AnnotatedStopPointRef>
      <StopPointRef>639005092</StopPointRef>
      <CommonName>Gordon Place</CommonName>
    </AnnotatedStopPointRef>
    <AnnotatedStopPointRef>
      <StopPointRef>639005082</StopPointRef>
      <CommonName>Braehead Way</CommonName>
    </AnnotatedStopPointRef>
    <AnnotatedStopPointRef>
      <StopPointRef>639005171</StopPointRef>
      <CommonName>Woodside Road</CommonName>
    </AnnotatedStopPointRef>
    <AnnotatedStopPointRef>
      <StopPointRef>639005181</StopPointRef>
      <CommonName>Greenbrae Drive</CommonName>
    </AnnotatedStopPointRef>
    <AnnotatedStopPointRef>
      <StopPointRef>639005201</StopPointRef>
      <CommonName>Greenbrae Avenue</CommonName>
    </AnnotatedStopPointRef>
    <AnnotatedStopPointRef>
      <StopPointRef>639005211</StopPointRef>
      <CommonName>Greenbrae Gardens South</CommonName>
    </AnnotatedStopPointRef>
    <AnnotatedStopPointRef>
      <StopPointRef>639005222</StopPointRef>
      <CommonName>Greenbrae Circle</CommonName>
    </AnnotatedStopPointRef>
    <AnnotatedStopPointRef>
      <StopPointRef>639005532</StopPointRef>
      <CommonName>Seaview Drive</CommonName>
    </AnnotatedStopPointRef>
    <AnnotatedStopPointRef>
      <StopPointRef>639005544</StopPointRef>
      <CommonName>Dubford Rise</CommonName>
    </AnnotatedStopPointRef>
    <AnnotatedStopPointRef>
      <StopPointRef>639005541</StopPointRef>
      <CommonName>Provost Mitchell Circle</CommonName>
    </AnnotatedStopPointRef>
    <AnnotatedStopPointRef>
      <StopPointRef>639005508</StopPointRef>
      <CommonName>Seaview Drive</CommonName>
    </AnnotatedStopPointRef>
    <AnnotatedStopPointRef>
      <StopPointRef>639005511</StopPointRef>
      <CommonName>Seaview Drive</CommonName>
    </AnnotatedStopPointRef>
    <AnnotatedStopPointRef>
      <StopPointRef>639005542</StopPointRef>
      <CommonName>Provost Mitchell Circle</CommonName>
    </AnnotatedStopPointRef>
    <AnnotatedStopPointRef>
      <StopPointRef>639005543</StopPointRef>
      <CommonName>Seaview Drive</CommonName>
    </AnnotatedStopPointRef>
    <AnnotatedStopPointRef>
      <StopPointRef>639005531</StopPointRef>
      <CommonName>Seaview Drive</CommonName>
    </AnnotatedStopPointRef>
    <AnnotatedStopPointRef>
      <StopPointRef>639005491</StopPointRef>
      <CommonName>Dubford Crescent</CommonName>
    </AnnotatedStopPointRef>
    <AnnotatedStopPointRef>
      <StopPointRef>639005551</StopPointRef>
      <CommonName>Dubford Park</CommonName>
    </AnnotatedStopPointRef>
    <AnnotatedStopPointRef>
      <StopPointRef>639005062</StopPointRef>
      <CommonName>Glashieburn Avenue</CommonName>
    </AnnotatedStopPointRef>
    <AnnotatedStopPointRef>
      <StopPointRef>639005052</StopPointRef>
      <CommonName>Newburgh Drive</CommonName>
    </AnnotatedStopPointRef>
    <AnnotatedStopPointRef>
      <StopPointRef>639005042</StopPointRef>
      <CommonName>Foveran Rise</CommonName>
    </AnnotatedStopPointRef>
    <AnnotatedStopPointRef>
      <StopPointRef>639005191</StopPointRef>
      <CommonName>Whitestripes Avenue</CommonName>
    </AnnotatedStopPointRef>
    <AnnotatedStopPointRef>
      <StopPointRef>639005012</StopPointRef>
      <CommonName>Whitestripes Avenue</CommonName>
    </AnnotatedStopPointRef>
    <AnnotatedStopPointRef>
      <StopPointRef>639005022</StopPointRef>
      <CommonName>Lee Crescent</CommonName>
    </AnnotatedStopPointRef>
    <AnnotatedStopPointRef>
      <StopPointRef>639005381</StopPointRef>
      <CommonName>Lee Crescent North</CommonName>
    </AnnotatedStopPointRef>
    <AnnotatedStopPointRef>
      <StopPointRef>639005391</StopPointRef>
      <CommonName>Ashwood Drive</CommonName>
    </AnnotatedStopPointRef>
    <AnnotatedStopPointRef>
      <StopPointRef>639005401</StopPointRef>
      <CommonName>Ashwood Park</CommonName>
    </AnnotatedStopPointRef>
    <AnnotatedStopPointRef>
      <StopPointRef>639005392</StopPointRef>
      <CommonName>Woodcroft Road</CommonName>
    </AnnotatedStopPointRef>
    <AnnotatedStopPointRef>
      <StopPointRef>639005031</StopPointRef>
      <CommonName>Lee Crescent North</CommonName>
    </AnnotatedStopPointRef>
    <AnnotatedStopPointRef>
      <StopPointRef>639005382</StopPointRef>
      <CommonName>Lee Crescent</CommonName>
    </AnnotatedStopPointRef>
    <AnnotatedStopPointRef>
      <StopPointRef>639005021</StopPointRef>
      <CommonName>Lee Crescent</CommonName>
    </AnnotatedStopPointRef>
    <AnnotatedStopPointRef>
      <StopPointRef>639005002</StopPointRef>
      <CommonName>Middleton Circle</CommonName>
    </AnnotatedStopPointRef>
    <AnnotatedStopPointRef>
      <StopPointRef>639007113</StopPointRef>
      <CommonName>The Parkway</CommonName>
    </AnnotatedStopPointRef>
    <AnnotatedStopPointRef>
      <StopPointRef>639007112</StopPointRef>
      <CommonName>The Parkway</CommonName>
    </AnnotatedStopPointRef>
    <AnnotatedStopPointRef>
      <StopPointRef>639003431</StopPointRef>
      <CommonName>Fairview Crescent</CommonName>
    </AnnotatedStopPointRef>
    <AnnotatedStopPointRef>
      <StopPointRef>639007102</StopPointRef>
      <CommonName>Fairview Brae</CommonName>
    </AnnotatedStopPointRef>
    <AnnotatedStopPointRef>
      <StopPointRef>639007092</StopPointRef>
      <CommonName>Fairview Way</CommonName>
    </AnnotatedStopPointRef>
    <AnnotatedStopPointRef>
      <StopPointRef>639007082</StopPointRef>
      <CommonName>Fairview Road</CommonName>
    </AnnotatedStopPointRef>
    <AnnotatedStopPointRef>
      <StopPointRef>639007061</StopPointRef>
      <CommonName>Fairview Grange</CommonName>
    </AnnotatedStopPointRef>
    <AnnotatedStopPointRef>
      <StopPointRef>639003462</StopPointRef>
      <CommonName>Wallacebrae Road</CommonName>
    </AnnotatedStopPointRef>
    <AnnotatedStopPointRef>
      <StopPointRef>639007142</StopPointRef>
      <CommonName>Fairview Brae</CommonName>
    </AnnotatedStopPointRef>
  </StopPoints>
  <RouteSections>
    <RouteSection id="ABAN001_004">
      <RouteLink id="ABAN001_004_1">
        <From>
          <StopPointRef>639003463</StopPointRef>
        </From>
        <To>
          <StopPointRef>639002794</StopPointRef>
        </To>
        <Direction>inbound</Direction>
      </RouteLink>
      <RouteLink id="ABAN001_004_2">
        <From>
          <StopPointRef>639002794</StopPointRef>
        </From>
        <To>
          <StopPointRef>639002791</StopPointRef>
        </To>
        <Direction>inbound</Direction>
      </RouteLink>
      <RouteLink id="ABAN001_004_3">
        <From>
          <StopPointRef>639002791</StopPointRef>
        </From>
        <To>
          <StopPointRef>639002801</StopPointRef>
        </To>
        <Direction>inbound</Direction>
      </RouteLink>
      <RouteLink id="ABAN001_004_4">
        <From>
          <StopPointRef>639002801</StopPointRef>
        </From>
        <To>
          <StopPointRef>639002722</StopPointRef>
        </To>
        <Direction>inbound</Direction>
      </RouteLink>
      <RouteLink id="ABAN001_004_5">
        <From>
          <StopPointRef>639002722</StopPointRef>
        </From>
        <To>
          <StopPointRef>639002712</StopPointRef>
        </To>
        <Direction>inbound</Direction>
      </RouteLink>
      <RouteLink id="ABAN001_004_6">
        <From>
          <StopPointRef>639002712</StopPointRef>
        </From>
        <To>
          <StopPointRef>639002702</StopPointRef>
        </To>
        <Direction>inbound</Direction>
      </RouteLink>
      <RouteLink id="ABAN001_004_7">
        <From>
          <StopPointRef>639002702</StopPointRef>
        </From>
        <To>
          <StopPointRef>639002692</StopPointRef>
        </To>
        <Direction>inbound</Direction>
      </RouteLink>
      <RouteLink id="ABAN001_004_8">
        <From>
          <StopPointRef>639002692</StopPointRef>
        </From>
        <To>
          <StopPointRef>639002682</StopPointRef>
        </To>
        <Direction>inbound</Direction>
      </RouteLink>
      <RouteLink id="ABAN001_004_9">
        <From>
          <StopPointRef>639002682</StopPointRef>
        </From>
        <To>
          <StopPointRef>639006061</StopPointRef>
        </To>
        <Direction>inbound</Direction>
      </RouteLink>
      <RouteLink id="ABAN001_004_10">
        <From>
          <StopPointRef>639006061</StopPointRef>
        </From>
        <To>
          <StopPointRef>639001992</StopPointRef>
        </To>
        <Direction>inbound</Direction>
      </RouteLink>
      <RouteLink id="ABAN001_004_11">
        <From>
          <StopPointRef>639001992</StopPointRef>
        </From>
        <To>
          <StopPointRef>639001982</StopPointRef>
        </To>
        <Direction>inbound</Direction>
      </RouteLink>
      <RouteLink id="ABAN001_004_12">
        <From>
          <StopPointRef>639001982</StopPointRef>
        </From>
        <To>
          <StopPointRef>639001972</StopPointRef>
        </To>
        <Direction>inbound</Direction>
      </RouteLink>
      <RouteLink id="ABAN001_004_13">
        <From>
          <StopPointRef>639001972</StopPointRef>
        </From>
        <To>
          <StopPointRef>639001961</StopPointRef>
        </To>
        <Direction>inbound</Direction>
      </RouteLink>
      <RouteLink id="ABAN001_004_14">
        <From>
          <StopPointRef>639001961</StopPointRef>
        </From>
        <To>
          <StopPointRef>639004212</StopPointRef>
        </To>
        <Direction>inbound</Direction>
      </RouteLink>
      <RouteLink id="ABAN001_004_15">
        <From>
          <StopPointRef>639004212</StopPointRef>
        </From>
        <To>
          <StopPointRef>639000622</StopPointRef>
        </To>
        <Direction>inbound</Direction>
      </RouteLink>
      <RouteLink id="ABAN001_004_16">
        <From>
          <StopPointRef>639000622</StopPointRef>
        </From>
        <To>
          <StopPointRef>639006355</StopPointRef>
        </To>
        <Direction>inbound</Direction>
      </RouteLink>
    </RouteSection>
    <RouteSection id="ABAN001_005">
      <RouteLink id="ABAN001_005_18">
        <From>
          <StopPointRef>639003463</StopPointRef>
        </From>
        <To>
          <StopPointRef>639002794</StopPointRef>
        </To>
        <Direction>inbound</Direction>
      </RouteLink>
      <RouteLink id="ABAN001_005_19">
        <From>
          <StopPointRef>639002794</StopPointRef>
        </From>
        <To>
          <StopPointRef>639002791</StopPointRef>
        </To>
        <Direction>inbound</Direction>
      </RouteLink>
      <RouteLink id="ABAN001_005_20">
        <From>
          <StopPointRef>639002791</StopPointRef>
        </From>
        <To>
          <StopPointRef>639002801</StopPointRef>
        </To>
        <Direction>inbound</Direction>
      </RouteLink>
      <RouteLink id="ABAN001_005_21">
        <From>
          <StopPointRef>639002801</StopPointRef>
        </From>
        <To>
          <StopPointRef>639002722</StopPointRef>
        </To>
        <Direction>inbound</Direction>
      </RouteLink>
      <RouteLink id="ABAN001_005_22">
        <From>
          <StopPointRef>639002722</StopPointRef>
        </From>
        <To>
          <StopPointRef>639002712</StopPointRef>
        </To>
        <Direction>inbound</Direction>
      </RouteLink>
      <RouteLink id="ABAN001_005_23">
        <From>
          <StopPointRef>639002712</StopPointRef>
        </From>
        <To>
          <StopPointRef>639002702</StopPointRef>
        </To>
        <Direction>inbound</Direction>
      </RouteLink>
    </RouteSection>
    <RouteSection id="ABAN001_006">
      <RouteLink id="ABAN001_006_25">
        <From>
          <StopPointRef>639006355</StopPointRef>
        </From>
        <To>
          <StopPointRef>639006362</StopPointRef>
        </To>
        <Direction>outbound</Direction>
      </RouteLink>
      <RouteLink id="ABAN001_006_26">
        <From>
          <StopPointRef>639006362</StopPointRef>
        </From>
        <To>
          <StopPointRef>639006372</StopPointRef>
        </To>
        <Direction>outbound</Direction>
      </RouteLink>
      <RouteLink id="ABAN001_006_27">
        <From>
          <StopPointRef>639006372</StopPointRef>
        </From>
        <To>
          <StopPointRef>639006432</StopPointRef>
        </To>
        <Direction>outbound</Direction>
      </RouteLink>
      <RouteLink id="ABAN001_006_28">
        <From>
          <StopPointRef>639006432</StopPointRef>
        </From>
        <To>
          <StopPointRef>639006442</StopPointRef>
        </To>
        <Direction>outbound</Direction>
      </RouteLink>
      <RouteLink id="ABAN001_006_29">
        <From>
          <StopPointRef>639006442</StopPointRef>
        </From>
        <To>
          <StopPointRef>639006402</StopPointRef>
        </To>
        <Direction>outbound</Direction>
      </RouteLink>
      <RouteLink id="ABAN001_006_30">
        <From>
          <StopPointRef>639006402</StopPointRef>
        </From>
        <To>
          <StopPointRef>639003591</StopPointRef>
        </To>
        <Direction>outbound</Direction>
      </RouteLink>
      <RouteLink id="ABAN001_006_31">
        <From>
          <StopPointRef>639003591</StopPointRef>
        </From>
        <To>
          <StopPointRef>639003601</StopPointRef>
        </To>
        <Direction>outbound</Direction>
      </RouteLink>
      <RouteLink id="ABAN001_006_32">
        <From>
          <StopPointRef>639003601</StopPointRef>
        </From>
        <To>
          <StopPointRef>639003611</StopPointRef>
        </To>
        <Direction>outbound</Direction>
      </RouteLink>
      <RouteLink id="ABAN001_006_33">
        <From>
          <StopPointRef>639003611</StopPointRef>
        </From>
        <To>
          <StopPointRef>639003622</StopPointRef>
        </To>
        <Direction>outbound</Direction>
      </RouteLink>
      <RouteLink id="ABAN001_006_34">
        <From>
          <StopPointRef>639003622</StopPointRef>
        </From>
        <To>
          <StopPointRef>639003641</StopPointRef>
        </To>
        <Direction>outbound</Direction>
      </RouteLink>
      <RouteLink id="ABAN001_006_35">
        <From>
          <StopPointRef>639003641</StopPointRef>
        </From>
        <To>
          <StopPointRef>639003651</StopPointRef>
        </To>
        <Direction>outbound</Direction>
      </RouteLink>
      <RouteLink id="ABAN001_006_36">
        <From>
          <StopPointRef>639003651</StopPointRef>
        </From>
        <To>
          <StopPointRef>639003653</StopPointRef>
        </To>
        <Direction>outbound</Direction>
      </RouteLink>
      <RouteLink id="ABAN001_006_37">
        <From>
          <StopPointRef>639003653</StopPointRef>
        </From>
        <To>
          <StopPointRef>639003661</StopPointRef>
        </To>
        <Direction>outbound</Direction>
      </RouteLink>
      <RouteLink id="ABAN001_006_38">
        <From>
          <StopPointRef>639003661</StopPointRef>
        </From>
        <To>
          <StopPointRef>639003681</StopPointRef>
        </To>
        <Direction>outbound</Direction>
      </RouteLink>
      <RouteLink id="ABAN001_006_39">
        <From>
          <StopPointRef>639003681</StopPointRef>
        </From>
        <To>
          <StopPointRef>639004851</StopPointRef>
        </To>
        <Direction>outbound</Direction>
      </RouteLink>
      <RouteLink id="ABAN001_006_40">
        <From>
          <StopPointRef>639004851</StopPointRef>
        </From>
        <To>
          <StopPointRef>639004861</StopPointRef>
        </To>
        <Direction>outbound</Direction>
      </RouteLink>
      <RouteLink id="ABAN001_006_41">
        <From>
          <StopPointRef>639004861</StopPointRef>
        </From>
        <To>
          <StopPointRef>639004871</StopPointRef>
        </To>
        <Direction>outbound</Direction>
      </RouteLink>
      <RouteLink id="ABAN001_006_42">
        <From>
          <StopPointRef>639004871</StopPointRef>
        </From>
        <To>
          <StopPointRef>639005141</StopPointRef>
        </To>
        <Direction>outbound</Direction>
      </RouteLink>
      <RouteLink id="ABAN001_006_43">
        <From>
          <StopPointRef>639005141</StopPointRef>
        </From>
        <To>
          <StopPointRef>639005131</StopPointRef>
        </To>
        <Direction>outbound</Direction>
      </RouteLink>
      <RouteLink id="ABAN001_006_44">
        <From>
          <StopPointRef>639005131</StopPointRef>
        </From>
        <To>
          <StopPointRef>639005122</StopPointRef>
        </To>
        <Direction>outbound</Direction>
      </RouteLink>
      <RouteLink id="ABAN001_006_45">
        <From>
          <StopPointRef>639005122</StopPointRef>
        </From>
        <To>
          <StopPointRef>639005112</StopPointRef>
        </To>
        <Direction>outbound</Direction>
      </RouteLink>
      <RouteLink id="ABAN001_006_46">
        <From>
          <StopPointRef>639005112</StopPointRef>
        </From>
        <To>
          <StopPointRef>639005102</StopPointRef>
        </To>
        <Direction>outbound</Direction>
      </RouteLink>
      <RouteLink id="ABAN001_006_47">
        <From>
          <StopPointRef>639005102</StopPointRef>
        </From>
        <To>
          <StopPointRef>639005092</StopPointRef>
        </To>
        <Direction>outbound</Direction>
      </RouteLink>
      <RouteLink id="ABAN001_006_48">
        <From>
          <StopPointRef>639005092</StopPointRef>
        </From>
        <To>
          <StopPointRef>639005082</StopPointRef>
        </To>
        <Direction>outbound</Direction>
      </RouteLink>
      <RouteLink id="ABAN001_006_49">
        <From>
          <StopPointRef>639005082</StopPointRef>
        </From>
        <To>
          <StopPointRef>639005171</StopPointRef>
        </To>
        <Direction>outbound</Direction>
      </RouteLink>
      <RouteLink id="ABAN001_006_50">
        <From>
          <StopPointRef>639005171</StopPointRef>
        </From>
        <To>
          <StopPointRef>639005181</StopPointRef>
        </To>
        <Direction>outbound</Direction>
      </RouteLink>
      <RouteLink id="ABAN001_006_51">
        <From>
          <StopPointRef>639005181</StopPointRef>
        </From>
        <To>
          <StopPointRef>639005201</StopPointRef>
        </To>
        <Direction>outbound</Direction>
      </RouteLink>
      <RouteLink id="ABAN001_006_52">
        <From>
          <StopPointRef>639005201</StopPointRef>
        </From>
        <To>
          <StopPointRef>639005211</StopPointRef>
        </To>
        <Direction>outbound</Direction>
      </RouteLink>
      <RouteLink id="ABAN001_006_53">
        <From>
          <StopPointRef>639005211</StopPointRef>
        </From>
        <To>
          <StopPointRef>639005222</StopPointRef>
        </To>
        <Direction>outbound</Direction>
      </RouteLink>
      <RouteLink id="ABAN001_006_54">
        <From>
          <StopPointRef>639005222</StopPointRef>
        </From>
        <To>
          <StopPointRef>639005532</StopPointRef>
        </To>
        <Direction>outbound</Direction>
      </RouteLink>
      <RouteLink id="ABAN001_006_55">
        <From>
          <StopPointRef>639005532</StopPointRef>
        </From>
        <To>
          <StopPointRef>639005544</StopPointRef>
        </To>
        <Direction>outbound</Direction>
      </RouteLink>
      <RouteLink id="ABAN001_006_56">
        <From>
          <StopPointRef>639005544</StopPointRef>
        </From>
        <To>
          <StopPointRef>639005541</StopPointRef>
        </To>
        <Direction>outbound</Direction>
      </RouteLink>
      <RouteLink id="ABAN001_006_57">
        <From>
          <StopPointRef>639005541</StopPointRef>
        </From>
        <To>
          <StopPointRef>639005508</StopPointRef>
        </To>
        <Direction>outbound</Direction>
      </RouteLink>
      <RouteLink id="ABAN001_006_58">
        <From>
          <StopPointRef>639005508</StopPointRef>
        </From>
        <To>
          <StopPointRef>639005511</StopPointRef>
        </To>
        <Direction>outbound</Direction>
      </RouteLink>
      <RouteLink id="ABAN001_006_59">
        <From>
          <StopPointRef>639005511</StopPointRef>
        </From>
        <To>
          <StopPointRef>639005542</StopPointRef>
        </To>
        <Direction>outbound</Direction>
      </RouteLink>
      <RouteLink id="ABAN001_006_60">
        <From>
          <StopPointRef>639005542</StopPointRef>
        </From>
        <To>
          <StopPointRef>639005543</StopPointRef>
        </To>
        <Direction>outbound</Direction>
      </RouteLink>
      <RouteLink id="ABAN001_006_61">
        <From>
          <StopPointRef>639005543</StopPointRef>
        </From>
        <To>
          <StopPointRef>639005531</StopPointRef>
        </To>
        <Direction>outbound</Direction>
      </RouteLink>
      <RouteLink id="ABAN001_006_62">
        <From>
          <StopPointRef>639005531</StopPointRef>
        </From>
        <To>
          <StopPointRef>639005491</StopPointRef>
        </To>
        <Direction>outbound</Direction>
      </RouteLink>
      <RouteLink id="ABAN001_006_63">
        <From>
          <StopPointRef>639005491</StopPointRef>
        </From>
        <To>
          <StopPointRef>639005551</StopPointRef>
        </To>
        <Direction>outbound</Direction>
      </RouteLink>
      <RouteLink id="ABAN001_006_64">
        <From>
          <StopPointRef>639005551</StopPointRef>
        </From>
        <To>
          <StopPointRef>639005062</StopPointRef>
        </To>
        <Direction>outbound</Direction>
      </RouteLink>
      <RouteLink id="ABAN001_006_65">
        <From>
          <StopPointRef>639005062</StopPointRef>
        </From>
        <To>
          <StopPointRef>639005052</StopPointRef>
        </To>
        <Direction>outbound</Direction>
      </RouteLink>
      <RouteLink id="ABAN001_006_66">
        <From>
          <StopPointRef>639005052</StopPointRef>
        </From>
        <To>
          <StopPointRef>639005042</StopPointRef>
        </To>
        <Direction>outbound</Direction>
      </RouteLink>
      <RouteLink id="ABAN001_006_67">
        <From>
          <StopPointRef>639005042</StopPointRef>
        </From>
        <To>
          <StopPointRef>639005191</StopPointRef>
        </To>
        <Direction>outbound</Direction>
      </RouteLink>
      <RouteLink id="ABAN001_006_68">
        <From>
          <StopPointRef>639005191</StopPointRef>
        </From>
        <To>
          <StopPointRef>639005012</StopPointRef>
        </To>
        <Direction>outbound</Direction>
      </RouteLink>
      <RouteLink id="ABAN001_006_69">
        <From>
          <StopPointRef>639005012</StopPointRef>
        </From>
        <To>
          <StopPointRef>639005022</StopPointRef>
        </To>
        <Direction>outbound</Direction>
      </RouteLink>
      <RouteLink id="ABAN001_006_70">
        <From>
          <StopPointRef>639005022</StopPointRef>
        </From>
        <To>
          <StopPointRef>639005381</StopPointRef>
        </To>
        <Direction>outbound</Direction>
      </RouteLink>
      <RouteLink id="ABAN001_006_71">
        <From>
          <StopPointRef>639005381</StopPointRef>
        </From>
        <To>
          <StopPointRef>639005391</StopPointRef>
        </To>
        <Direction>outbound</Direction>
      </RouteLink>
      <RouteLink id="ABAN001_006_72">
        <From>
          <StopPointRef>639005391</StopPointRef>
        </From>
        <To>
          <StopPointRef>639005401</StopPointRef>
        </To>
        <Direction>outbound</Direction>
      </RouteLink>
      <RouteLink id="ABAN001_006_73">
        <From>
          <StopPointRef>639005401</StopPointRef>
        </From>
        <To>
          <StopPointRef>639005392</StopPointRef>
        </To>
        <Direction>outbound</Direction>
      </RouteLink>
      <RouteLink id="ABAN001_006_74">
        <From>
          <StopPointRef>639005392</StopPointRef>
        </From>
        <To>
          <StopPointRef>639005031</StopPointRef>
        </To>
        <Direction>outbound</Direction>
      </RouteLink>
      <RouteLink id="ABAN001_006_75">
        <From>
          <StopPointRef>639005031</StopPointRef>
        </From>
        <To>
          <StopPointRef>639005382</StopPointRef>
        </To>
        <Direction>outbound</Direction>
      </RouteLink>
      <RouteLink id="ABAN001_006_76">
        <From>
          <StopPointRef>639005382</StopPointRef>
        </From>
        <To>
          <StopPointRef>639005021</StopPointRef>
        </To>
        <Direction>outbound</Direction>
      </RouteLink>
      <RouteLink id="ABAN001_006_77">
        <From>
          <StopPointRef>639005021</StopPointRef>
        </From>
        <To>
          <StopPointRef>639005002</StopPointRef>
        </To>
        <Direction>outbound</Direction>
      </RouteLink>
      <RouteLink id="ABAN001_006_78">
        <From>
          <StopPointRef>639005002</StopPointRef>
        </From>
        <To>
          <StopPointRef>639007113</StopPointRef>
        </To>
        <Direction>outbound</Direction>
      </RouteLink>
      <RouteLink id="ABAN001_006_79">
        <From>
          <StopPointRef>639007113</StopPointRef>
        </From>
        <To>
          <StopPointRef>639007112</StopPointRef>
        </To>
        <Direction>outbound</Direction>
      </RouteLink>
      <RouteLink id="ABAN001_006_80">
        <From>
          <StopPointRef>639007112</StopPointRef>
        </From>
        <To>
          <StopPointRef>639003431</StopPointRef>
        </To>
        <Direction>outbound</Direction>
      </RouteLink>
      <RouteLink id="ABAN001_006_81">
        <From>
          <StopPointRef>639003431</StopPointRef>
        </From>
        <To>
          <StopPointRef>639007102</StopPointRef>
        </To>
        <Direction>outbound</Direction>
      </RouteLink>
      <RouteLink id="ABAN001_006_82">
        <From>
          <StopPointRef>639007102</StopPointRef>
        </From>
        <To>
          <StopPointRef>639007092</StopPointRef>
        </To>
        <Direction>outbound</Direction>
      </RouteLink>
      <RouteLink id="ABAN001_006_83">
        <From>
          <StopPointRef>639007092</StopPointRef>
        </From>
        <To>
          <StopPointRef>639007082</StopPointRef>
        </To>
        <Direction>outbound</Direction>
      </RouteLink>
      <RouteLink id="ABAN001_006_84">
        <From>
          <StopPointRef>639007082</StopPointRef>
        </From>
        <To>
          <StopPointRef>639007061</StopPointRef>
        </To>
        <Direction>outbound</Direction>
      </RouteLink>
      <RouteLink id="ABAN001_006_85">
        <From>
          <StopPointRef>639007061</StopPointRef>
        </From>
        <To>
          <StopPointRef>639003462</StopPointRef>
        </To>
        <Direction>outbound</Direction>
      </RouteLink>
      <RouteLink id="ABAN001_006_86">
        <From>
          <StopPointRef>639003462</StopPointRef>
        </From>
        <To>
          <StopPointRef>639007142</StopPointRef>
        </To>
        <Direction>outbound</Direction>
      </RouteLink>
      <RouteLink id="ABAN001_006_87">
        <From>
          <StopPointRef>639007142</StopPointRef>
        </From>
        <To>
          <StopPointRef>639003463</StopPointRef>
        </To>
        <Direction>outbound</Direction>
      </RouteLink>
    </RouteSection>
  </RouteSections>
  <Routes>
    <Route id="ABAN001_004">
      <Description>Danestone - Aberdeen
</Description>
      <RouteSectionRef>ABAN001_004</RouteSectionRef>
    </Route>
    <Route id="ABAN001_005">
      <Description>Danestone - Aberdeen
</Description>
      <RouteSectionRef>ABAN001_005</RouteSectionRef>
    </Route>
    <Route id="ABAN001_006">
      <Description>Aberdeen - Danestone
</Description>
      <RouteSectionRef>ABAN001_006</RouteSectionRef>
    </Route>
  </Routes>
  <JourneyPatternSections>
    <JourneyPatternSection id="JPS_ABAN001-4">
      <JourneyPatternTimingLink id="JPS_ABAN001-4_1">
        <From>
          <StopPointRef>639003463</StopPointRef>
          <TimingStatus>PTP</TimingStatus>
        </From>
        <To>
          <StopPointRef>639002794</StopPointRef>
          <TimingStatus>OTH</TimingStatus>
        </To>
        <RouteLinkRef>ABAN001_004_1</RouteLinkRef>
        <Direction>inbound</Direction>
        <RunTime>PT60S</RunTime>
      </JourneyPatternTimingLink>
      <JourneyPatternTimingLink id="JPS_ABAN001-4_2">
        <From>
          <StopPointRef>639002794</StopPointRef>
          <TimingStatus>OTH</TimingStatus>
        </From>
        <To>
          <StopPointRef>639002791</StopPointRef>
          <TimingStatus>OTH</TimingStatus>
        </To>
        <RouteLinkRef>ABAN001_004_2</RouteLinkRef>
        <Direction>inbound</Direction>
        <RunTime>PT60S</RunTime>
      </JourneyPatternTimingLink>
      <JourneyPatternTimingLink id="JPS_ABAN001-4_3">
        <From>
          <StopPointRef>639002791</StopPointRef>
          <TimingStatus>OTH</TimingStatus>
        </From>
        <To>
          <StopPointRef>639002801</StopPointRef>
          <TimingStatus>OTH</TimingStatus>
        </To>
        <RouteLinkRef>ABAN001_004_3</RouteLinkRef>
        <Direction>inbound</Direction>
        <RunTime>PT60S</RunTime>
      </JourneyPatternTimingLink>
      <JourneyPatternTimingLink id="JPS_ABAN001-4_4">
        <From>
          <StopPointRef>639002801</StopPointRef>
          <TimingStatus>OTH</TimingStatus>
        </From>
        <To>
          <StopPointRef>639002722</StopPointRef>
          <TimingStatus>OTH</TimingStatus>
        </To>
        <RouteLinkRef>ABAN001_004_4</RouteLinkRef>
        <Direction>inbound</Direction>
        <RunTime>PT0S</RunTime>
      </JourneyPatternTimingLink>
      <JourneyPatternTimingLink id="JPS_ABAN001-4_5">
        <From>
          <StopPointRef>639002722</StopPointRef>
          <TimingStatus>OTH</TimingStatus>
        </From>
        <To>
          <StopPointRef>639002712</StopPointRef>
          <TimingStatus>OTH</TimingStatus>
        </To>
        <RouteLinkRef>ABAN001_004_5</RouteLinkRef>
        <Direction>inbound</Direction>
        <RunTime>PT60S</RunTime>
      </JourneyPatternTimingLink>
      <JourneyPatternTimingLink id="JPS_ABAN001-4_6">
        <From>
          <StopPointRef>639002712</StopPointRef>
          <TimingStatus>OTH</TimingStatus>
        </From>
        <To>
          <StopPointRef>639002702</StopPointRef>
          <TimingStatus>PTP</TimingStatus>
        </To>
        <RouteLinkRef>ABAN001_004_6</RouteLinkRef>
        <Direction>inbound</Direction>
        <RunTime>PT60S</RunTime>
      </JourneyPatternTimingLink>
      <JourneyPatternTimingLink id="JPS_ABAN001-4_7">
        <From>
          <StopPointRef>639002702</StopPointRef>
          <TimingStatus>PTP</TimingStatus>
        </From>
        <To>
          <StopPointRef>639002692</StopPointRef>
          <TimingStatus>OTH</TimingStatus>
        </To>
        <RouteLinkRef>ABAN001_004_7</RouteLinkRef>
        <Direction>inbound</Direction>
        <RunTime>PT0S</RunTime>
      </JourneyPatternTimingLink>
      <JourneyPatternTimingLink id="JPS_ABAN001-4_8">
        <From>
          <StopPointRef>639002692</StopPointRef>
          <TimingStatus>OTH</TimingStatus>
        </From>
        <To>
          <StopPointRef>639002682</StopPointRef>
          <TimingStatus>OTH</TimingStatus>
        </To>
        <RouteLinkRef>ABAN001_004_8</RouteLinkRef>
        <Direction>inbound</Direction>
        <RunTime>PT60S</RunTime>
      </JourneyPatternTimingLink>
      <JourneyPatternTimingLink id="JPS_ABAN001-4_9">
        <From>
          <StopPointRef>639002682</StopPointRef>
          <TimingStatus>OTH</TimingStatus>
        </From>
        <To>
          <StopPointRef>639006061</StopPointRef>
          <TimingStatus>OTH</TimingStatus>
        </To>
        <RouteLinkRef>ABAN001_004_9</RouteLinkRef>
        <Direction>inbound</Direction>
        <RunTime>PT0S</RunTime>
      </JourneyPatternTimingLink>
      <JourneyPatternTimingLink id="JPS_ABAN001-4_10">
        <From>
          <StopPointRef>639006061</StopPointRef>
          <TimingStatus>OTH</TimingStatus>
        </From>
        <To>
          <StopPointRef>639001992</StopPointRef>
          <TimingStatus>OTH</TimingStatus>
        </To>
        <RouteLinkRef>ABAN001_004_10</RouteLinkRef>
        <Direction>inbound</Direction>
        <RunTime>PT120S</RunTime>
      </JourneyPatternTimingLink>
      <JourneyPatternTimingLink id="JPS_ABAN001-4_11">
        <From>
          <StopPointRef>639001992</StopPointRef>
          <TimingStatus>OTH</TimingStatus>
        </From>
        <To>
          <StopPointRef>639001982</StopPointRef>
          <TimingStatus>OTH</TimingStatus>
        </To>
        <RouteLinkRef>ABAN001_004_11</RouteLinkRef>
        <Direction>inbound</Direction>
        <RunTime>PT60S</RunTime>
      </JourneyPatternTimingLink>
      <JourneyPatternTimingLink id="JPS_ABAN001-4_12">
        <From>
          <StopPointRef>639001982</StopPointRef>
          <TimingStatus>OTH</TimingStatus>
        </From>
        <To>
          <StopPointRef>639001972</StopPointRef>
          <TimingStatus>OTH</TimingStatus>
        </To>
        <RouteLinkRef>ABAN001_004_12</RouteLinkRef>
        <Direction>inbound</Direction>
        <RunTime>PT0S</RunTime>
      </JourneyPatternTimingLink>
      <JourneyPatternTimingLink id="JPS_ABAN001-4_13">
        <From>
          <StopPointRef>639001972</StopPointRef>
          <TimingStatus>OTH</TimingStatus>
        </From>
        <To>
          <StopPointRef>639001961</StopPointRef>
          <TimingStatus>OTH</TimingStatus>
        </To>
        <RouteLinkRef>ABAN001_004_13</RouteLinkRef>
        <Direction>inbound</Direction>
        <RunTime>PT0S</RunTime>
      </JourneyPatternTimingLink>
      <JourneyPatternTimingLink id="JPS_ABAN001-4_14">
        <From>
          <StopPointRef>639001961</StopPointRef>
          <TimingStatus>OTH</TimingStatus>
        </From>
        <To>
          <StopPointRef>639004212</StopPointRef>
          <TimingStatus>OTH</TimingStatus>
        </To>
        <RouteLinkRef>ABAN001_004_14</RouteLinkRef>
        <Direction>inbound</Direction>
        <RunTime>PT60S</RunTime>
      </JourneyPatternTimingLink>
      <JourneyPatternTimingLink id="JPS_ABAN001-4_15">
        <From>
          <StopPointRef>639004212</StopPointRef>
          <TimingStatus>OTH</TimingStatus>
        </From>
        <To>
          <StopPointRef>639000622</StopPointRef>
          <TimingStatus>OTH</TimingStatus>
        </To>
        <RouteLinkRef>ABAN001_004_15</RouteLinkRef>
        <Direction>inbound</Direction>
        <RunTime>PT240S</RunTime>
      </JourneyPatternTimingLink>
      <JourneyPatternTimingLink id="JPS_ABAN001-4_16">
        <From>
          <StopPointRef>639000622</StopPointRef>
          <TimingStatus>OTH</TimingStatus>
        </From>
        <To>
          <StopPointRef>639006355</StopPointRef>
          <TimingStatus>PTP</TimingStatus>
        </To>
        <RouteLinkRef>ABAN001_004_16</RouteLinkRef>
        <Direction>inbound</Direction>
        <RunTime>PT60S</RunTime>
      </JourneyPatternTimingLink>
    </JourneyPatternSection>
    <JourneyPatternSection id="JPS_ABAN001-5">
      <JourneyPatternTimingLink id="JPS_ABAN001-5_18">
        <From>
          <StopPointRef>639003463</StopPointRef>
          <TimingStatus>PTP</TimingStatus>
        </From>
        <To>
          <StopPointRef>639002794</StopPointRef>
          <TimingStatus>OTH</TimingStatus>
        </To>
        <RouteLinkRef>ABAN001_005_18</RouteLinkRef>
        <Direction>inbound</Direction>
        <RunTime>PT60S</RunTime>
      </JourneyPatternTimingLink>
      <JourneyPatternTimingLink id="JPS_ABAN001-5_19">
        <From>
          <StopPointRef>639002794</StopPointRef>
          <TimingStatus>OTH</TimingStatus>
        </From>
        <To>
          <StopPointRef>639002791</StopPointRef>
          <TimingStatus>OTH</TimingStatus>
        </To>
        <RouteLinkRef>ABAN001_005_19</RouteLinkRef>
        <Direction>inbound</Direction>
        <RunTime>PT60S</RunTime>
      </JourneyPatternTimingLink>
      <JourneyPatternTimingLink id="JPS_ABAN001-5_20">
        <From>
          <StopPointRef>639002791</StopPointRef>
          <TimingStatus>OTH</TimingStatus>
        </From>
        <To>
          <StopPointRef>639002801</StopPointRef>
          <TimingStatus>OTH</TimingStatus>
        </To>
        <RouteLinkRef>ABAN001_005_20</RouteLinkRef>
        <Direction>inbound</Direction>
        <RunTime>PT60S</RunTime>
      </JourneyPatternTimingLink>
      <JourneyPatternTimingLink id="JPS_ABAN001-5_21">
        <From>
          <StopPointRef>639002801</StopPointRef>
          <TimingStatus>OTH</TimingStatus>
        </From>
        <To>
          <StopPointRef>639002722</StopPointRef>
          <TimingStatus>OTH</TimingStatus>
        </To>
        <RouteLinkRef>ABAN001_005_21</RouteLinkRef>
        <Direction>inbound</Direction>
        <RunTime>PT0S</RunTime>
      </JourneyPatternTimingLink>
      <JourneyPatternTimingLink id="JPS_ABAN001-5_22">
        <From>
          <StopPointRef>639002722</StopPointRef>
          <TimingStatus>OTH</TimingStatus>
        </From>
        <To>
          <StopPointRef>639002712</StopPointRef>
          <TimingStatus>OTH</TimingStatus>
        </To>
        <RouteLinkRef>ABAN001_005_22</RouteLinkRef>
        <Direction>inbound</Direction>
        <RunTime>PT60S</RunTime>
      </JourneyPatternTimingLink>
      <JourneyPatternTimingLink id="JPS_ABAN001-5_23">
        <From>
          <StopPointRef>639002712</StopPointRef>
          <TimingStatus>OTH</TimingStatus>
        </From>
        <To>
          <StopPointRef>639002702</StopPointRef>
          <TimingStatus>PTP</TimingStatus>
        </To>
        <RouteLinkRef>ABAN001_005_23</RouteLinkRef>
        <Direction>inbound</Direction>
        <RunTime>PT60S</RunTime>
      </JourneyPatternTimingLink>
    </JourneyPatternSection>
    <JourneyPatternSection id="JPS_ABAN001-6">
      <JourneyPatternTimingLink id="JPS_ABAN001-6_25">
        <From>
          <StopPointRef>639006355</StopPointRef>
          <TimingStatus>PTP</TimingStatus>
        </From>
        <To>
          <StopPointRef>639006362</StopPointRef>
          <TimingStatus>OTH</TimingStatus>
        </To>
        <RouteLinkRef>ABAN001_006_25</RouteLinkRef>
        <Direction>outbound</Direction>
        <RunTime>PT60S</RunTime>
      </JourneyPatternTimingLink>
      <JourneyPatternTimingLink id="JPS_ABAN001-6_26">
        <From>
          <StopPointRef>639006362</StopPointRef>
          <TimingStatus>OTH</TimingStatus>
        </From>
        <To>
          <StopPointRef>639006372</StopPointRef>
          <TimingStatus>OTH</TimingStatus>
        </To>
        <RouteLinkRef>ABAN001_006_26</RouteLinkRef>
        <Direction>outbound</Direction>
        <RunTime>PT60S</RunTime>
      </JourneyPatternTimingLink>
      <JourneyPatternTimingLink id="JPS_ABAN001-6_27">
        <From>
          <StopPointRef>639006372</StopPointRef>
          <TimingStatus>OTH</TimingStatus>
        </From>
        <To>
          <StopPointRef>639006432</StopPointRef>
          <TimingStatus>OTH</TimingStatus>
        </To>
        <RouteLinkRef>ABAN001_006_27</RouteLinkRef>
        <Direction>outbound</Direction>
        <RunTime>PT60S</RunTime>
      </JourneyPatternTimingLink>
      <JourneyPatternTimingLink id="JPS_ABAN001-6_28">
        <From>
          <StopPointRef>639006432</StopPointRef>
          <TimingStatus>OTH</TimingStatus>
        </From>
        <To>
          <StopPointRef>639006442</StopPointRef>
          <TimingStatus>OTH</TimingStatus>
        </To>
        <RouteLinkRef>ABAN001_006_28</RouteLinkRef>
        <Direction>outbound</Direction>
        <RunTime>PT60S</RunTime>
      </JourneyPatternTimingLink>
      <JourneyPatternTimingLink id="JPS_ABAN001-6_29">
        <From>
          <StopPointRef>639006442</StopPointRef>
          <TimingStatus>OTH</TimingStatus>
        </From>
        <To>
          <StopPointRef>639006402</StopPointRef>
          <TimingStatus>OTH</TimingStatus>
        </To>
        <RouteLinkRef>ABAN001_006_29</RouteLinkRef>
        <Direction>outbound</Direction>
        <RunTime>PT0S</RunTime>
      </JourneyPatternTimingLink>
      <JourneyPatternTimingLink id="JPS_ABAN001-6_30">
        <From>
          <StopPointRef>639006402</StopPointRef>
          <TimingStatus>OTH</TimingStatus>
        </From>
        <To>
          <StopPointRef>639003591</StopPointRef>
          <TimingStatus>OTH</TimingStatus>
        </To>
        <RouteLinkRef>ABAN001_006_30</RouteLinkRef>
        <Direction>outbound</Direction>
        <RunTime>PT60S</RunTime>
      </JourneyPatternTimingLink>
      <JourneyPatternTimingLink id="JPS_ABAN001-6_31">
        <From>
          <StopPointRef>639003591</StopPointRef>
          <TimingStatus>OTH</TimingStatus>
        </From>
        <To>
          <StopPointRef>639003601</StopPointRef>
          <TimingStatus>OTH</TimingStatus>
        </To>
        <RouteLinkRef>ABAN001_006_31</RouteLinkRef>
        <Direction>outbound</Direction>
        <RunTime>PT60S</RunTime>
      </JourneyPatternTimingLink>
      <JourneyPatternTimingLink id="JPS_ABAN001-6_32">
        <From>
          <StopPointRef>639003601</StopPointRef>
          <TimingStatus>OTH</TimingStatus>
        </From>
        <To>
          <StopPointRef>639003611</StopPointRef>
          <TimingStatus>OTH</TimingStatus>
        </To>
        <RouteLinkRef>ABAN001_006_32</RouteLinkRef>
        <Direction>outbound</Direction>
        <RunTime>PT60S</RunTime>
      </JourneyPatternTimingLink>
      <JourneyPatternTimingLink id="JPS_ABAN001-6_33">
        <From>
          <StopPointRef>639003611</StopPointRef>
          <TimingStatus>OTH</TimingStatus>
        </From>
        <To>
          <StopPointRef>639003622</StopPointRef>
          <TimingStatus>OTH</TimingStatus>
        </To>
        <RouteLinkRef>ABAN001_006_33</RouteLinkRef>
        <Direction>outbound</Direction>
        <RunTime>PT60S</RunTime>
      </JourneyPatternTimingLink>
      <JourneyPatternTimingLink id="JPS_ABAN001-6_34">
        <From>
          <StopPointRef>639003622</StopPointRef>
          <TimingStatus>OTH</TimingStatus>
        </From>
        <To>
          <StopPointRef>639003641</StopPointRef>
          <TimingStatus>OTH</TimingStatus>
        </To>
        <RouteLinkRef>ABAN001_006_34</RouteLinkRef>
        <Direction>outbound</Direction>
        <RunTime>PT60S</RunTime>
      </JourneyPatternTimingLink>
      <JourneyPatternTimingLink id="JPS_ABAN001-6_35">
        <From>
          <StopPointRef>639003641</StopPointRef>
          <TimingStatus>OTH</TimingStatus>
        </From>
        <To>
          <StopPointRef>639003651</StopPointRef>
          <TimingStatus>OTH</TimingStatus>
        </To>
        <RouteLinkRef>ABAN001_006_35</RouteLinkRef>
        <Direction>outbound</Direction>
        <RunTime>PT60S</RunTime>
      </JourneyPatternTimingLink>
      <JourneyPatternTimingLink id="JPS_ABAN001-6_36">
        <From>
          <StopPointRef>639003651</StopPointRef>
          <TimingStatus>OTH</TimingStatus>
        </From>
        <To>
          <StopPointRef>639003653</StopPointRef>
          <TimingStatus>OTH</TimingStatus>
        </To>
        <RouteLinkRef>ABAN001_006_36</RouteLinkRef>
        <Direction>outbound</Direction>
        <RunTime>PT60S</RunTime>
      </JourneyPatternTimingLink>
      <JourneyPatternTimingLink id="JPS_ABAN001-6_37">
        <From>
          <StopPointRef>639003653</StopPointRef>
          <TimingStatus>OTH</TimingStatus>
        </From>
        <To>
          <StopPointRef>639003661</StopPointRef>
          <TimingStatus>PTP</TimingStatus>
        </To>
        <RouteLinkRef>ABAN001_006_37</RouteLinkRef>
        <Direction>outbound</Direction>
        <RunTime>PT60S</RunTime>
      </JourneyPatternTimingLink>
      <JourneyPatternTimingLink id="JPS_ABAN001-6_38">
        <From>
          <StopPointRef>639003661</StopPointRef>
          <TimingStatus>PTP</TimingStatus>
        </From>
        <To>
          <StopPointRef>639003681</StopPointRef>
          <TimingStatus>OTH</TimingStatus>
        </To>
        <RouteLinkRef>ABAN001_006_38</RouteLinkRef>
        <Direction>outbound</Direction>
        <RunTime>PT0S</RunTime>
      </JourneyPatternTimingLink>
      <JourneyPatternTimingLink id="JPS_ABAN001-6_39">
        <From>
          <StopPointRef>639003681</StopPointRef>
          <TimingStatus>OTH</TimingStatus>
        </From>
        <To>
          <StopPointRef>639004851</StopPointRef>
          <TimingStatus>OTH</TimingStatus>
        </To>
        <RouteLinkRef>ABAN001_006_39</RouteLinkRef>
        <Direction>outbound</Direction>
        <RunTime>PT60S</RunTime>
      </JourneyPatternTimingLink>
      <JourneyPatternTimingLink id="JPS_ABAN001-6_40">
        <From>
          <StopPointRef>639004851</StopPointRef>
          <TimingStatus>OTH</TimingStatus>
        </From>
        <To>
          <StopPointRef>639004861</StopPointRef>
          <TimingStatus>OTH</TimingStatus>
        </To>
        <RouteLinkRef>ABAN001_006_40</RouteLinkRef>
        <Direction>outbound</Direction>
        <RunTime>PT0S</RunTime>
      </JourneyPatternTimingLink>
      <JourneyPatternTimingLink id="JPS_ABAN001-6_41">
        <From>
          <StopPointRef>639004861</StopPointRef>
          <TimingStatus>OTH</TimingStatus>
        </From>
        <To>
          <StopPointRef>639004871</StopPointRef>
          <TimingStatus>OTH</TimingStatus>
        </To>
        <RouteLinkRef>ABAN001_006_41</RouteLinkRef>
        <Direction>outbound</Direction>
        <RunTime>PT60S</RunTime>
      </JourneyPatternTimingLink>
      <JourneyPatternTimingLink id="JPS_ABAN001-6_42">
        <From>
          <StopPointRef>639004871</StopPointRef>
          <TimingStatus>OTH</TimingStatus>
        </From>
        <To>
          <StopPointRef>639005141</StopPointRef>
          <TimingStatus>OTH</TimingStatus>
        </To>
        <RouteLinkRef>ABAN001_006_42</RouteLinkRef>
        <Direction>outbound</Direction>
        <RunTime>PT0S</RunTime>
      </JourneyPatternTimingLink>
      <JourneyPatternTimingLink id="JPS_ABAN001-6_43">
        <From>
          <StopPointRef>639005141</StopPointRef>
          <TimingStatus>OTH</TimingStatus>
        </From>
        <To>
          <StopPointRef>639005131</StopPointRef>
          <TimingStatus>OTH</TimingStatus>
        </To>
        <RouteLinkRef>ABAN001_006_43</RouteLinkRef>
        <Direction>outbound</Direction>
        <RunTime>PT60S</RunTime>
      </JourneyPatternTimingLink>
      <JourneyPatternTimingLink id="JPS_ABAN001-6_44">
        <From>
          <StopPointRef>639005131</StopPointRef>
          <TimingStatus>OTH</TimingStatus>
        </From>
        <To>
          <StopPointRef>639005122</StopPointRef>
          <TimingStatus>OTH</TimingStatus>
        </To>
        <RouteLinkRef>ABAN001_006_44</RouteLinkRef>
        <Direction>outbound</Direction>
        <RunTime>PT60S</RunTime>
      </JourneyPatternTimingLink>
      <JourneyPatternTimingLink id="JPS_ABAN001-6_45">
        <From>
          <StopPointRef>639005122</StopPointRef>
          <TimingStatus>OTH</TimingStatus>
        </From>
        <To>
          <StopPointRef>639005112</StopPointRef>
          <TimingStatus>OTH</TimingStatus>
        </To>
        <RouteLinkRef>ABAN001_006_45</RouteLinkRef>
        <Direction>outbound</Direction>
        <RunTime>PT0S</RunTime>
      </JourneyPatternTimingLink>
      <JourneyPatternTimingLink id="JPS_ABAN001-6_46">
        <From>
          <StopPointRef>639005112</StopPointRef>
          <TimingStatus>OTH</TimingStatus>
        </From>
        <To>
          <StopPointRef>639005102</StopPointRef>
          <TimingStatus>OTH</TimingStatus>
        </To>
        <RouteLinkRef>ABAN001_006_46</RouteLinkRef>
        <Direction>outbound</Direction>
        <RunTime>PT60S</RunTime>
      </JourneyPatternTimingLink>
      <JourneyPatternTimingLink id="JPS_ABAN001-6_47">
        <From>
          <StopPointRef>639005102</StopPointRef>
          <TimingStatus>OTH</TimingStatus>
        </From>
        <To>
          <StopPointRef>639005092</StopPointRef>
          <TimingStatus>OTH</TimingStatus>
        </To>
        <RouteLinkRef>ABAN001_006_47</RouteLinkRef>
        <Direction>outbound</Direction>
        <RunTime>PT60S</RunTime>
      </JourneyPatternTimingLink>
      <JourneyPatternTimingLink id="JPS_ABAN001-6_48">
        <From>
          <StopPointRef>639005092</StopPointRef>
          <TimingStatus>OTH</TimingStatus>
        </From>
        <To>
          <StopPointRef>639005082</StopPointRef>
          <TimingStatus>OTH</TimingStatus>
        </To>
        <RouteLinkRef>ABAN001_006_48</RouteLinkRef>
        <Direction>outbound</Direction>
        <RunTime>PT0S</RunTime>
      </JourneyPatternTimingLink>
      <JourneyPatternTimingLink id="JPS_ABAN001-6_49">
        <From>
          <StopPointRef>639005082</StopPointRef>
          <TimingStatus>OTH</TimingStatus>
        </From>
        <To>
          <StopPointRef>639005171</StopPointRef>
          <TimingStatus>OTH</TimingStatus>
        </To>
        <RouteLinkRef>ABAN001_006_49</RouteLinkRef>
        <Direction>outbound</Direction>
        <RunTime>PT180S</RunTime>
      </JourneyPatternTimingLink>
      <JourneyPatternTimingLink id="JPS_ABAN001-6_50">
        <From>
          <StopPointRef>639005171</StopPointRef>
          <TimingStatus>OTH</TimingStatus>
        </From>
        <To>
          <StopPointRef>639005181</StopPointRef>
          <TimingStatus>OTH</TimingStatus>
        </To>
        <RouteLinkRef>ABAN001_006_50</RouteLinkRef>
        <Direction>outbound</Direction>
        <RunTime>PT0S</RunTime>
      </JourneyPatternTimingLink>
      <JourneyPatternTimingLink id="JPS_ABAN001-6_51">
        <From>
          <StopPointRef>639005181</StopPointRef>
          <TimingStatus>OTH</TimingStatus>
        </From>
        <To>
          <StopPointRef>639005201</StopPointRef>
          <TimingStatus>OTH</TimingStatus>
        </To>
        <RouteLinkRef>ABAN001_006_51</RouteLinkRef>
        <Direction>outbound</Direction>
        <RunTime>PT60S</RunTime>
      </JourneyPatternTimingLink>
      <JourneyPatternTimingLink id="JPS_ABAN001-6_52">
        <From>
          <StopPointRef>639005201</StopPointRef>
          <TimingStatus>OTH</TimingStatus>
        </From>
        <To>
          <StopPointRef>639005211</StopPointRef>
          <TimingStatus>OTH</TimingStatus>
        </To>
        <RouteLinkRef>ABAN001_006_52</RouteLinkRef>
        <Direction>outbound</Direction>
        <RunTime>PT0S</RunTime>
      </JourneyPatternTimingLink>
      <JourneyPatternTimingLink id="JPS_ABAN001-6_53">
        <From>
          <StopPointRef>639005211</StopPointRef>
          <TimingStatus>OTH</TimingStatus>
        </From>
        <To>
          <StopPointRef>639005222</StopPointRef>
          <TimingStatus>OTH</TimingStatus>
        </To>
        <RouteLinkRef>ABAN001_006_53</RouteLinkRef>
        <Direction>outbound</Direction>
        <RunTime>PT60S</RunTime>
      </JourneyPatternTimingLink>
      <JourneyPatternTimingLink id="JPS_ABAN001-6_54">
        <From>
          <StopPointRef>639005222</StopPointRef>
          <TimingStatus>OTH</TimingStatus>
        </From>
        <To>
          <StopPointRef>639005532</StopPointRef>
          <TimingStatus>OTH</TimingStatus>
        </To>
        <RouteLinkRef>ABAN001_006_54</RouteLinkRef>
        <Direction>outbound</Direction>
        <RunTime>PT0S</RunTime>
      </JourneyPatternTimingLink>
      <JourneyPatternTimingLink id="JPS_ABAN001-6_55">
        <From>
          <StopPointRef>639005532</StopPointRef>
          <TimingStatus>OTH</TimingStatus>
        </From>
        <To>
          <StopPointRef>639005544</StopPointRef>
          <TimingStatus>OTH</TimingStatus>
        </To>
        <RouteLinkRef>ABAN001_006_55</RouteLinkRef>
        <Direction>outbound</Direction>
        <RunTime>PT60S</RunTime>
      </JourneyPatternTimingLink>
      <JourneyPatternTimingLink id="JPS_ABAN001-6_56">
        <From>
          <StopPointRef>639005544</StopPointRef>
          <TimingStatus>OTH</TimingStatus>
        </From>
        <To>
          <StopPointRef>639005541</StopPointRef>
          <TimingStatus>OTH</TimingStatus>
        </To>
        <RouteLinkRef>ABAN001_006_56</RouteLinkRef>
        <Direction>outbound</Direction>
        <RunTime>PT0S</RunTime>
      </JourneyPatternTimingLink>
      <JourneyPatternTimingLink id="JPS_ABAN001-6_57">
        <From>
          <StopPointRef>639005541</StopPointRef>
          <TimingStatus>OTH</TimingStatus>
        </From>
        <To>
          <StopPointRef>639005508</StopPointRef>
          <TimingStatus>PTP</TimingStatus>
        </To>
        <RouteLinkRef>ABAN001_006_57</RouteLinkRef>
        <Direction>outbound</Direction>
        <RunTime>PT60S</RunTime>
      </JourneyPatternTimingLink>
      <JourneyPatternTimingLink id="JPS_ABAN001-6_58">
        <From>
          <StopPointRef>639005508</StopPointRef>
          <TimingStatus>PTP</TimingStatus>
        </From>
        <To>
          <StopPointRef>639005511</StopPointRef>
          <TimingStatus>OTH</TimingStatus>
        </To>
        <RouteLinkRef>ABAN001_006_58</RouteLinkRef>
        <Direction>outbound</Direction>
        <RunTime>PT0S</RunTime>
      </JourneyPatternTimingLink>
      <JourneyPatternTimingLink id="JPS_ABAN001-6_59">
        <From>
          <StopPointRef>639005511</StopPointRef>
          <TimingStatus>OTH</TimingStatus>
        </From>
        <To>
          <StopPointRef>639005542</StopPointRef>
          <TimingStatus>OTH</TimingStatus>
        </To>
        <RouteLinkRef>ABAN001_006_59</RouteLinkRef>
        <Direction>outbound</Direction>
        <RunTime>PT0S</RunTime>
      </JourneyPatternTimingLink>
      <JourneyPatternTimingLink id="JPS_ABAN001-6_60">
        <From>
          <StopPointRef>639005542</StopPointRef>
          <TimingStatus>OTH</TimingStatus>
        </From>
        <To>
          <StopPointRef>639005543</StopPointRef>
          <TimingStatus>OTH</TimingStatus>
        </To>
        <RouteLinkRef>ABAN001_006_60</RouteLinkRef>
        <Direction>outbound</Direction>
        <RunTime>PT0S</RunTime>
      </JourneyPatternTimingLink>
      <JourneyPatternTimingLink id="JPS_ABAN001-6_61">
        <From>
          <StopPointRef>639005543</StopPointRef>
          <TimingStatus>OTH</TimingStatus>
        </From>
        <To>
          <StopPointRef>639005531</StopPointRef>
          <TimingStatus>OTH</TimingStatus>
        </To>
        <RouteLinkRef>ABAN001_006_61</RouteLinkRef>
        <Direction>outbound</Direction>
        <RunTime>PT60S</RunTime>
      </JourneyPatternTimingLink>
      <JourneyPatternTimingLink id="JPS_ABAN001-6_62">
        <From>
          <StopPointRef>639005531</StopPointRef>
          <TimingStatus>OTH</TimingStatus>
        </From>
        <To>
          <StopPointRef>639005491</StopPointRef>
          <TimingStatus>OTH</TimingStatus>
        </To>
        <RouteLinkRef>ABAN001_006_62</RouteLinkRef>
        <Direction>outbound</Direction>
        <RunTime>PT0S</RunTime>
      </JourneyPatternTimingLink>
      <JourneyPatternTimingLink id="JPS_ABAN001-6_63">
        <From>
          <StopPointRef>639005491</StopPointRef>
          <TimingStatus>OTH</TimingStatus>
        </From>
        <To>
          <StopPointRef>639005551</StopPointRef>
          <TimingStatus>OTH</TimingStatus>
        </To>
        <RouteLinkRef>ABAN001_006_63</RouteLinkRef>
        <Direction>outbound</Direction>
        <RunTime>PT60S</RunTime>
      </JourneyPatternTimingLink>
      <JourneyPatternTimingLink id="JPS_ABAN001-6_64">
        <From>
          <StopPointRef>639005551</StopPointRef>
          <TimingStatus>OTH</TimingStatus>
        </From>
        <To>
          <StopPointRef>639005062</StopPointRef>
          <TimingStatus>OTH</TimingStatus>
        </To>
        <RouteLinkRef>ABAN001_006_64</RouteLinkRef>
        <Direction>outbound</Direction>
        <RunTime>PT60S</RunTime>
      </JourneyPatternTimingLink>
      <JourneyPatternTimingLink id="JPS_ABAN001-6_65">
        <From>
          <StopPointRef>639005062</StopPointRef>
          <TimingStatus>OTH</TimingStatus>
        </From>
        <To>
          <StopPointRef>639005052</StopPointRef>
          <TimingStatus>OTH</TimingStatus>
        </To>
        <RouteLinkRef>ABAN001_006_65</RouteLinkRef>
        <Direction>outbound</Direction>
        <RunTime>PT0S</RunTime>
      </JourneyPatternTimingLink>
      <JourneyPatternTimingLink id="JPS_ABAN001-6_66">
        <From>
          <StopPointRef>639005052</StopPointRef>
          <TimingStatus>OTH</TimingStatus>
        </From>
        <To>
          <StopPointRef>639005042</StopPointRef>
          <TimingStatus>OTH</TimingStatus>
        </To>
        <RouteLinkRef>ABAN001_006_66</RouteLinkRef>
        <Direction>outbound</Direction>
        <RunTime>PT60S</RunTime>
      </JourneyPatternTimingLink>
      <JourneyPatternTimingLink id="JPS_ABAN001-6_67">
        <From>
          <StopPointRef>639005042</StopPointRef>
          <TimingStatus>OTH</TimingStatus>
        </From>
        <To>
          <StopPointRef>639005191</StopPointRef>
          <TimingStatus>OTH</TimingStatus>
        </To>
        <RouteLinkRef>ABAN001_006_67</RouteLinkRef>
        <Direction>outbound</Direction>
        <RunTime>PT60S</RunTime>
      </JourneyPatternTimingLink>
      <JourneyPatternTimingLink id="JPS_ABAN001-6_68">
        <From>
          <StopPointRef>639005191</StopPointRef>
          <TimingStatus>OTH</TimingStatus>
        </From>
        <To>
          <StopPointRef>639005012</StopPointRef>
          <TimingStatus>OTH</TimingStatus>
        </To>
        <RouteLinkRef>ABAN001_006_68</RouteLinkRef>
        <Direction>outbound</Direction>
        <RunTime>PT0S</RunTime>
      </JourneyPatternTimingLink>
      <JourneyPatternTimingLink id="JPS_ABAN001-6_69">
        <From>
          <StopPointRef>639005012</StopPointRef>
          <TimingStatus>OTH</TimingStatus>
        </From>
        <To>
          <StopPointRef>639005022</StopPointRef>
          <TimingStatus>OTH</TimingStatus>
        </To>
        <RouteLinkRef>ABAN001_006_69</RouteLinkRef>
        <Direction>outbound</Direction>
        <RunTime>PT60S</RunTime>
      </JourneyPatternTimingLink>
      <JourneyPatternTimingLink id="JPS_ABAN001-6_70">
        <From>
          <StopPointRef>639005022</StopPointRef>
          <TimingStatus>OTH</TimingStatus>
        </From>
        <To>
          <StopPointRef>639005381</StopPointRef>
          <TimingStatus>OTH</TimingStatus>
        </To>
        <RouteLinkRef>ABAN001_006_70</RouteLinkRef>
        <Direction>outbound</Direction>
        <RunTime>PT0S</RunTime>
      </JourneyPatternTimingLink>
      <JourneyPatternTimingLink id="JPS_ABAN001-6_71">
        <From>
          <StopPointRef>639005381</StopPointRef>
          <TimingStatus>OTH</TimingStatus>
        </From>
        <To>
          <StopPointRef>639005391</StopPointRef>
          <TimingStatus>OTH</TimingStatus>
        </To>
        <RouteLinkRef>ABAN001_006_71</RouteLinkRef>
        <Direction>outbound</Direction>
        <RunTime>PT60S</RunTime>
      </JourneyPatternTimingLink>
      <JourneyPatternTimingLink id="JPS_ABAN001-6_72">
        <From>
          <StopPointRef>639005391</StopPointRef>
          <TimingStatus>OTH</TimingStatus>
        </From>
        <To>
          <StopPointRef>639005401</StopPointRef>
          <TimingStatus>PTP</TimingStatus>
        </To>
        <RouteLinkRef>ABAN001_006_72</RouteLinkRef>
        <Direction>outbound</Direction>
        <RunTime>PT60S</RunTime>
      </JourneyPatternTimingLink>
      <JourneyPatternTimingLink id="JPS_ABAN001-6_73">
        <From>
          <StopPointRef>639005401</StopPointRef>
          <TimingStatus>PTP</TimingStatus>
        </From>
        <To>
          <StopPointRef>639005392</StopPointRef>
          <TimingStatus>OTH</TimingStatus>
        </To>
        <RouteLinkRef>ABAN001_006_73</RouteLinkRef>
        <Direction>outbound</Direction>
        <RunTime>PT0S</RunTime>
      </JourneyPatternTimingLink>
      <JourneyPatternTimingLink id="JPS_ABAN001-6_74">
        <From>
          <StopPointRef>639005392</StopPointRef>
          <TimingStatus>OTH</TimingStatus>
        </From>
        <To>
          <StopPointRef>639005031</StopPointRef>
          <TimingStatus>OTH</TimingStatus>
        </To>
        <RouteLinkRef>ABAN001_006_74</RouteLinkRef>
        <Direction>outbound</Direction>
        <RunTime>PT0S</RunTime>
      </JourneyPatternTimingLink>
      <JourneyPatternTimingLink id="JPS_ABAN001-6_75">
        <From>
          <StopPointRef>639005031</StopPointRef>
          <TimingStatus>OTH</TimingStatus>
        </From>
        <To>
          <StopPointRef>639005382</StopPointRef>
          <TimingStatus>OTH</TimingStatus>
        </To>
        <RouteLinkRef>ABAN001_006_75</RouteLinkRef>
        <Direction>outbound</Direction>
        <RunTime>PT60S</RunTime>
      </JourneyPatternTimingLink>
      <JourneyPatternTimingLink id="JPS_ABAN001-6_76">
        <From>
          <StopPointRef>639005382</StopPointRef>
          <TimingStatus>OTH</TimingStatus>
        </From>
        <To>
          <StopPointRef>639005021</StopPointRef>
          <TimingStatus>OTH</TimingStatus>
        </To>
        <RouteLinkRef>ABAN001_006_76</RouteLinkRef>
        <Direction>outbound</Direction>
        <RunTime>PT0S</RunTime>
      </JourneyPatternTimingLink>
      <JourneyPatternTimingLink id="JPS_ABAN001-6_77">
        <From>
          <StopPointRef>639005021</StopPointRef>
          <TimingStatus>OTH</TimingStatus>
        </From>
        <To>
          <StopPointRef>639005002</StopPointRef>
          <TimingStatus>OTH</TimingStatus>
        </To>
        <RouteLinkRef>ABAN001_006_77</RouteLinkRef>
        <Direction>outbound</Direction>
        <RunTime>PT60S</RunTime>
      </JourneyPatternTimingLink>
      <JourneyPatternTimingLink id="JPS_ABAN001-6_78">
        <From>
          <StopPointRef>639005002</StopPointRef>
          <TimingStatus>OTH</TimingStatus>
        </From>
        <To>
          <StopPointRef>639007113</StopPointRef>
          <TimingStatus>OTH</TimingStatus>
        </To>
        <RouteLinkRef>ABAN001_006_78</RouteLinkRef>
        <Direction>outbound</Direction>
        <RunTime>PT120S</RunTime>
      </JourneyPatternTimingLink>
      <JourneyPatternTimingLink id="JPS_ABAN001-6_79">
        <From>
          <StopPointRef>639007113</StopPointRef>
          <TimingStatus>OTH</TimingStatus>
        </From>
        <To>
          <StopPointRef>639007112</StopPointRef>
          <TimingStatus>OTH</TimingStatus>
        </To>
        <RouteLinkRef>ABAN001_006_79</RouteLinkRef>
        <Direction>outbound</Direction>
        <RunTime>PT0S</RunTime>
      </JourneyPatternTimingLink>
      <JourneyPatternTimingLink id="JPS_ABAN001-6_80">
        <From>
          <StopPointRef>639007112</StopPointRef>
          <TimingStatus>OTH</TimingStatus>
        </From>
        <To>
          <StopPointRef>639003431</StopPointRef>
          <TimingStatus>OTH</TimingStatus>
        </To>
        <RouteLinkRef>ABAN001_006_80</RouteLinkRef>
        <Direction>outbound</Direction>
        <RunTime>PT0S</RunTime>
      </JourneyPatternTimingLink>
      <JourneyPatternTimingLink id="JPS_ABAN001-6_81">
        <From>
          <StopPointRef>639003431</StopPointRef>
          <TimingStatus>OTH</TimingStatus>
        </From>
        <To>
          <StopPointRef>639007102</StopPointRef>
          <TimingStatus>OTH</TimingStatus>
        </To>
        <RouteLinkRef>ABAN001_006_81</RouteLinkRef>
        <Direction>outbound</Direction>
        <RunTime>PT60S</RunTime>
      </JourneyPatternTimingLink>
      <JourneyPatternTimingLink id="JPS_ABAN001-6_82">
        <From>
          <StopPointRef>639007102</StopPointRef>
          <TimingStatus>OTH</TimingStatus>
        </From>
        <To>
          <StopPointRef>639007092</StopPointRef>
          <TimingStatus>OTH</TimingStatus>
        </To>
        <RouteLinkRef>ABAN001_006_82</RouteLinkRef>
        <Direction>outbound</Direction>
        <RunTime>PT0S</RunTime>
      </JourneyPatternTimingLink>
      <JourneyPatternTimingLink id="JPS_ABAN001-6_83">
        <From>
          <StopPointRef>639007092</StopPointRef>
          <TimingStatus>OTH</TimingStatus>
        </From>
        <To>
          <StopPointRef>639007082</StopPointRef>
          <TimingStatus>OTH</TimingStatus>
        </To>
        <RouteLinkRef>ABAN001_006_83</RouteLinkRef>
        <Direction>outbound</Direction>
        <RunTime>PT60S</RunTime>
      </JourneyPatternTimingLink>
      <JourneyPatternTimingLink id="JPS_ABAN001-6_84">
        <From>
          <StopPointRef>639007082</StopPointRef>
          <TimingStatus>OTH</TimingStatus>
        </From>
        <To>
          <StopPointRef>639007061</StopPointRef>
          <TimingStatus>OTH</TimingStatus>
        </To>
        <RouteLinkRef>ABAN001_006_84</RouteLinkRef>
        <Direction>outbound</Direction>
        <RunTime>PT60S</RunTime>
      </JourneyPatternTimingLink>
      <JourneyPatternTimingLink id="JPS_ABAN001-6_85">
        <From>
          <StopPointRef>639007061</StopPointRef>
          <TimingStatus>OTH</TimingStatus>
        </From>
        <To>
          <StopPointRef>639003462</StopPointRef>
          <TimingStatus>OTH</TimingStatus>
        </To>
        <RouteLinkRef>ABAN001_006_85</RouteLinkRef>
        <Direction>outbound</Direction>
        <RunTime>PT0S</RunTime>
      </JourneyPatternTimingLink>
      <JourneyPatternTimingLink id="JPS_ABAN001-6_86">
        <From>
          <StopPointRef>639003462</StopPointRef>
          <TimingStatus>OTH</TimingStatus>
        </From>
        <To>
          <StopPointRef>639007142</StopPointRef>
          <TimingStatus>OTH</TimingStatus>
        </To>
        <RouteLinkRef>ABAN001_006_86</RouteLinkRef>
        <Direction>outbound</Direction>
        <RunTime>PT60S</RunTime>
      </JourneyPatternTimingLink>
      <JourneyPatternTimingLink id="JPS_ABAN001-6_87">
        <From>
          <StopPointRef>639007142</StopPointRef>
          <TimingStatus>OTH</TimingStatus>
        </From>
        <To>
          <StopPointRef>639003463</StopPointRef>
          <TimingStatus>PTP</TimingStatus>
        </To>
        <RouteLinkRef>ABAN001_006_87</RouteLinkRef>
        <Direction>outbound</Direction>
        <RunTime>PT60S</RunTime>
      </JourneyPatternTimingLink>
    </JourneyPatternSection>
  </JourneyPatternSections>
  <Operators>
    <Operator id="FAB">
      <NationalOperatorCode>FABD</NationalOperatorCode>
      <OperatorCode>FAB</OperatorCode>
      <OperatorShortName>First Aberdeen</OperatorShortName>
    </Operator>
  </Operators>
  <Services>
    <Service>
      <ServiceCode>ABAN001</ServiceCode>
      <Lines>
        <Line id="0">
          <LineName>N1</LineName>
        </Line>
      </Lines>
      <OperatingPeriod>
        <StartDate>2019-04-13</StartDate>
        <EndDate>2020-10-28</EndDate>
      </OperatingPeriod>
      <RegisteredOperatorRef>FAB</RegisteredOperatorRef>
      <StopRequirements>
        <NoNewStopsRequired />
      </StopRequirements>
      <Mode>bus</Mode>
      <Description>Aberdeen - Danestone</Description>
      <StandardService>
        <Origin>Aberdeen</Origin>
        <Destination>Danestone</Destination>
        <JourneyPattern id="JPS_ABAN001-4">
          <Direction>inbound</Direction>
          <JourneyPatternSectionRefs>JPS_ABAN001-4</JourneyPatternSectionRefs>
        </JourneyPattern>
        <JourneyPattern id="JPS_ABAN001-5">
          <Direction>inbound</Direction>
          <JourneyPatternSectionRefs>JPS_ABAN001-5</JourneyPatternSectionRefs>
        </JourneyPattern>
        <JourneyPattern id="JPS_ABAN001-6">
          <Direction>outbound</Direction>
          <JourneyPatternSectionRefs>JPS_ABAN001-6</JourneyPatternSectionRefs>
        </JourneyPattern>
      </StandardService>
    </Service>
  </Services>
  <VehicleJourneys>
    <VehicleJourney>
      <OperatorRef>FAB</OperatorRef>
      <OperatingProfile>
        <RegularDayType>
          <DaysOfWeek>
            <Saturday />
          </DaysOfWeek>
        </RegularDayType>
        <SpecialDaysOperation>
          <DaysOfNonOperation>
            <DateRange>
              <StartDate>2019-10-28</StartDate>
              <EndDate>2020-10-28</EndDate>
            </DateRange>
          </DaysOfNonOperation>
        </SpecialDaysOperation>
      </OperatingProfile>
      <VehicleJourneyCode>1</VehicleJourneyCode>
      <ServiceRef>ABAN001</ServiceRef>
      <LineRef>0</LineRef>
      <JourneyPatternRef>JPS_ABAN001-4</JourneyPatternRef>
      <DepartureTime>00:51:00</DepartureTime>
    </VehicleJourney>
    <VehicleJourney>
      <OperatorRef>FAB</OperatorRef>
      <OperatingProfile>
        <RegularDayType>
          <DaysOfWeek>
            <Saturday />
          </DaysOfWeek>
        </RegularDayType>
        <SpecialDaysOperation>
          <DaysOfNonOperation>
            <DateRange>
              <StartDate>2019-10-28</StartDate>
              <EndDate>2020-10-28</EndDate>
            </DateRange>
          </DaysOfNonOperation>
        </SpecialDaysOperation>
      </OperatingProfile>
      <VehicleJourneyCode>2</VehicleJourneyCode>
      <ServiceRef>ABAN001</ServiceRef>
      <LineRef>0</LineRef>
      <JourneyPatternRef>JPS_ABAN001-4</JourneyPatternRef>
      <DepartureTime>01:51:00</DepartureTime>
    </VehicleJourney>
    <VehicleJourney>
      <OperatorRef>FAB</OperatorRef>
      <OperatingProfile>
        <RegularDayType>
          <DaysOfWeek>
            <Saturday />
          </DaysOfWeek>
        </RegularDayType>
        <SpecialDaysOperation>
          <DaysOfNonOperation>
            <DateRange>
              <StartDate>2019-10-28</StartDate>
              <EndDate>2020-10-28</EndDate>
            </DateRange>
          </DaysOfNonOperation>
        </SpecialDaysOperation>
      </OperatingProfile>
      <VehicleJourneyCode>3</VehicleJourneyCode>
      <ServiceRef>ABAN001</ServiceRef>
      <LineRef>0</LineRef>
      <JourneyPatternRef>JPS_ABAN001-4</JourneyPatternRef>
      <DepartureTime>02:51:00</DepartureTime>
    </VehicleJourney>
    <VehicleJourney>
      <OperatorRef>FAB</OperatorRef>
      <OperatingProfile>
        <RegularDayType>
          <DaysOfWeek>
            <Saturday />
          </DaysOfWeek>
        </RegularDayType>
        <SpecialDaysOperation>
          <DaysOfNonOperation>
            <DateRange>
              <StartDate>2019-10-28</StartDate>
              <EndDate>2020-10-28</EndDate>
            </DateRange>
          </DaysOfNonOperation>
        </SpecialDaysOperation>
      </OperatingProfile>
      <VehicleJourneyCode>4</VehicleJourneyCode>
      <ServiceRef>ABAN001</ServiceRef>
      <LineRef>0</LineRef>
      <JourneyPatternRef>JPS_ABAN001-5</JourneyPatternRef>
      <DepartureTime>03:51:00</DepartureTime>
    </VehicleJourney>
    <VehicleJourney>
      <OperatorRef>FAB</OperatorRef>
      <OperatingProfile>
        <RegularDayType>
          <DaysOfWeek>
            <Sunday />
          </DaysOfWeek>
        </RegularDayType>
        <SpecialDaysOperation>
          <DaysOfNonOperation>
            <DateRange>
              <StartDate>2019-10-28</StartDate>
              <EndDate>2020-10-28</EndDate>
            </DateRange>
          </DaysOfNonOperation>
        </SpecialDaysOperation>
      </OperatingProfile>
      <VehicleJourneyCode>7</VehicleJourneyCode>
      <ServiceRef>ABAN001</ServiceRef>
      <LineRef>0</LineRef>
      <JourneyPatternRef>JPS_ABAN001-4</JourneyPatternRef>
      <DepartureTime>00:51:00</DepartureTime>
    </VehicleJourney>
    <VehicleJourney>
      <OperatorRef>FAB</OperatorRef>
      <OperatingProfile>
        <RegularDayType>
          <DaysOfWeek>
            <Sunday />
          </DaysOfWeek>
        </RegularDayType>
        <SpecialDaysOperation>
          <DaysOfNonOperation>
            <DateRange>
              <StartDate>2019-10-28</StartDate>
              <EndDate>2020-10-28</EndDate>
            </DateRange>
          </DaysOfNonOperation>
        </SpecialDaysOperation>
      </OperatingProfile>
      <VehicleJourneyCode>8</VehicleJourneyCode>
      <ServiceRef>ABAN001</ServiceRef>
      <LineRef>0</LineRef>
      <JourneyPatternRef>JPS_ABAN001-4</JourneyPatternRef>
      <DepartureTime>01:51:00</DepartureTime>
    </VehicleJourney>
    <VehicleJourney>
      <OperatorRef>FAB</OperatorRef>
      <OperatingProfile>
        <RegularDayType>
          <DaysOfWeek>
            <Sunday />
          </DaysOfWeek>
        </RegularDayType>
        <SpecialDaysOperation>
          <DaysOfNonOperation>
            <DateRange>
              <StartDate>2019-10-28</StartDate>
              <EndDate>2020-10-28</EndDate>
            </DateRange>
          </DaysOfNonOperation>
        </SpecialDaysOperation>
      </OperatingProfile>
      <VehicleJourneyCode>9</VehicleJourneyCode>
      <ServiceRef>ABAN001</ServiceRef>
      <LineRef>0</LineRef>
      <JourneyPatternRef>JPS_ABAN001-4</JourneyPatternRef>
      <DepartureTime>02:51:00</DepartureTime>
    </VehicleJourney>
    <VehicleJourney>
      <OperatorRef>FAB</OperatorRef>
      <OperatingProfile>
        <RegularDayType>
          <DaysOfWeek>
            <Sunday />
          </DaysOfWeek>
        </RegularDayType>
        <SpecialDaysOperation>
          <DaysOfNonOperation>
            <DateRange>
              <StartDate>2019-10-28</StartDate>
              <EndDate>2020-10-28</EndDate>
            </DateRange>
          </DaysOfNonOperation>
        </SpecialDaysOperation>
      </OperatingProfile>
      <VehicleJourneyCode>10</VehicleJourneyCode>
      <ServiceRef>ABAN001</ServiceRef>
      <LineRef>0</LineRef>
      <JourneyPatternRef>JPS_ABAN001-5</JourneyPatternRef>
      <DepartureTime>03:51:00</DepartureTime>
    </VehicleJourney>
    <VehicleJourney>
      <OperatorRef>FAB</OperatorRef>
      <OperatingProfile>
        <RegularDayType>
          <DaysOfWeek>
            <Saturday />
          </DaysOfWeek>
        </RegularDayType>
        <SpecialDaysOperation>
          <DaysOfNonOperation>
            <DateRange>
              <StartDate>2019-10-28</StartDate>
              <EndDate>2020-10-28</EndDate>
            </DateRange>
          </DaysOfNonOperation>
        </SpecialDaysOperation>
      </OperatingProfile>
      <VehicleJourneyCode>13</VehicleJourneyCode>
      <ServiceRef>ABAN001</ServiceRef>
      <LineRef>0</LineRef>
      <JourneyPatternRef>JPS_ABAN001-6</JourneyPatternRef>
      <DepartureTime>00:08:00</DepartureTime>
    </VehicleJourney>
    <VehicleJourney>
      <OperatorRef>FAB</OperatorRef>
      <OperatingProfile>
        <RegularDayType>
          <DaysOfWeek>
            <Saturday />
          </DaysOfWeek>
        </RegularDayType>
        <SpecialDaysOperation>
          <DaysOfNonOperation>
            <DateRange>
              <StartDate>2019-10-28</StartDate>
              <EndDate>2020-10-28</EndDate>
            </DateRange>
          </DaysOfNonOperation>
        </SpecialDaysOperation>
      </OperatingProfile>
      <VehicleJourneyCode>14</VehicleJourneyCode>
      <ServiceRef>ABAN001</ServiceRef>
      <LineRef>0</LineRef>
      <JourneyPatternRef>JPS_ABAN001-6</JourneyPatternRef>
      <DepartureTime>01:08:00</DepartureTime>
    </VehicleJourney>
    <VehicleJourney>
      <OperatorRef>FAB</OperatorRef>
      <OperatingProfile>
        <RegularDayType>
          <DaysOfWeek>
            <Saturday />
          </DaysOfWeek>
        </RegularDayType>
        <SpecialDaysOperation>
          <DaysOfNonOperation>
            <DateRange>
              <StartDate>2019-10-28</StartDate>
              <EndDate>2020-10-28</EndDate>
            </DateRange>
          </DaysOfNonOperation>
        </SpecialDaysOperation>
      </OperatingProfile>
      <VehicleJourneyCode>15</VehicleJourneyCode>
      <ServiceRef>ABAN001</ServiceRef>
      <LineRef>0</LineRef>
      <JourneyPatternRef>JPS_ABAN001-6</JourneyPatternRef>
      <DepartureTime>02:08:00</DepartureTime>
    </VehicleJourney>
    <VehicleJourney>
      <OperatorRef>FAB</OperatorRef>
      <OperatingProfile>
        <RegularDayType>
          <DaysOfWeek>
            <Saturday />
          </DaysOfWeek>
        </RegularDayType>
        <SpecialDaysOperation>
          <DaysOfNonOperation>
            <DateRange>
              <StartDate>2019-10-28</StartDate>
              <EndDate>2020-10-28</EndDate>
            </DateRange>
          </DaysOfNonOperation>
        </SpecialDaysOperation>
      </OperatingProfile>
      <VehicleJourneyCode>16</VehicleJourneyCode>
      <ServiceRef>ABAN001</ServiceRef>
      <LineRef>0</LineRef>
      <JourneyPatternRef>JPS_ABAN001-6</JourneyPatternRef>
      <DepartureTime>03:08:00</DepartureTime>
    </VehicleJourney>
    <VehicleJourney>
      <OperatorRef>FAB</OperatorRef>
      <OperatingProfile>
        <RegularDayType>
          <DaysOfWeek>
            <Sunday />
          </DaysOfWeek>
        </RegularDayType>
        <SpecialDaysOperation>
          <DaysOfNonOperation>
            <DateRange>
              <StartDate>2019-10-28</StartDate>
              <EndDate>2020-10-28</EndDate>
            </DateRange>
          </DaysOfNonOperation>
        </SpecialDaysOperation>
      </OperatingProfile>
      <VehicleJourneyCode>19</VehicleJourneyCode>
      <ServiceRef>ABAN001</ServiceRef>
      <LineRef>0</LineRef>
      <JourneyPatternRef>JPS_ABAN001-6</JourneyPatternRef>
      <DepartureTime>01:08:00</DepartureTime>
    </VehicleJourney>
    <VehicleJourney>
      <OperatorRef>FAB</OperatorRef>
      <OperatingProfile>
        <RegularDayType>
          <DaysOfWeek>
            <Sunday />
          </DaysOfWeek>
        </RegularDayType>
        <SpecialDaysOperation>
          <DaysOfNonOperation>
            <DateRange>
              <StartDate>2019-10-28</StartDate>
              <EndDate>2020-10-28</EndDate>
            </DateRange>
          </DaysOfNonOperation>
        </SpecialDaysOperation>
      </OperatingProfile>
      <VehicleJourneyCode>20</VehicleJourneyCode>
      <ServiceRef>ABAN001</ServiceRef>
      <LineRef>0</LineRef>
      <JourneyPatternRef>JPS_ABAN001-6</JourneyPatternRef>
      <DepartureTime>02:08:00</DepartureTime>
    </VehicleJourney>
    <VehicleJourney>
      <OperatorRef>FAB</OperatorRef>
      <OperatingProfile>
        <RegularDayType>
          <DaysOfWeek>
            <Sunday />
          </DaysOfWeek>
        </RegularDayType>
        <SpecialDaysOperation>
          <DaysOfNonOperation>
            <DateRange>
              <StartDate>2019-10-28</StartDate>
              <EndDate>2020-10-28</EndDate>
            </DateRange>
          </DaysOfNonOperation>
        </SpecialDaysOperation>
      </OperatingProfile>
      <VehicleJourneyCode>21</VehicleJourneyCode>
      <ServiceRef>ABAN001</ServiceRef>
      <LineRef>0</LineRef>
      <JourneyPatternRef>JPS_ABAN001-6</JourneyPatternRef>
      <DepartureTime>03:08:00</DepartureTime>
    </VehicleJourney>
    <VehicleJourney>
      <OperatorRef>FAB</OperatorRef>
      <OperatingProfile>
        <RegularDayType>
          <DaysOfWeek>
            <Sunday />
          </DaysOfWeek>
        </RegularDayType>
        <SpecialDaysOperation>
          <DaysOfNonOperation>
            <DateRange>
              <StartDate>2019-10-28</StartDate>
              <EndDate>2020-10-28</EndDate>
            </DateRange>
          </DaysOfNonOperation>
        </SpecialDaysOperation>
      </OperatingProfile>
      <VehicleJourneyCode>22</VehicleJourneyCode>
      <ServiceRef>ABAN001</ServiceRef>
      <LineRef>0</LineRef>
      <JourneyPatternRef>JPS_ABAN001-6</JourneyPatternRef>
      <DepartureTime>04:08:00</DepartureTime>
    </VehicleJourney>
    <VehicleJourney>
      <OperatorRef>FAB</OperatorRef>
      <OperatingProfile>
        <RegularDayType>
          <DaysOfWeek>
            <Saturday />
          </DaysOfWeek>
        </RegularDayType>
        <SpecialDaysOperation>
          <DaysOfNonOperation>
            <DateRange>
              <StartDate>2019-04-13</StartDate>
              <EndDate>2019-10-27</EndDate>
            </DateRange>
          </DaysOfNonOperation>
        </SpecialDaysOperation>
      </OperatingProfile>
      <VehicleJourneyCode>17</VehicleJourneyCode>
      <ServiceRef>ABAN001</ServiceRef>
      <LineRef>0</LineRef>
      <JourneyPatternRef>JPS_ABAN001-6</JourneyPatternRef>
      <DepartureTime>01:08:00</DepartureTime>
    </VehicleJourney>
    <VehicleJourney>
      <OperatorRef>FAB</OperatorRef>
      <OperatingProfile>
        <RegularDayType>
          <DaysOfWeek>
            <Saturday />
          </DaysOfWeek>
        </RegularDayType>
        <SpecialDaysOperation>
          <DaysOfNonOperation>
            <DateRange>
              <StartDate>2019-04-13</StartDate>
              <EndDate>2019-10-27</EndDate>
            </DateRange>
          </DaysOfNonOperation>
        </SpecialDaysOperation>
      </OperatingProfile>
      <VehicleJourneyCode>18</VehicleJourneyCode>
      <ServiceRef>ABAN001</ServiceRef>
      <LineRef>0</LineRef>
      <JourneyPatternRef>JPS_ABAN001-6</JourneyPatternRef>
      <DepartureTime>03:08:00</DepartureTime>
    </VehicleJourney>
    <VehicleJourney>
      <OperatorRef>FAB</OperatorRef>
      <OperatingProfile>
        <RegularDayType>
          <DaysOfWeek>
            <Sunday />
          </DaysOfWeek>
        </RegularDayType>
        <SpecialDaysOperation>
          <DaysOfNonOperation>
            <DateRange>
              <StartDate>2019-04-13</StartDate>
              <EndDate>2019-10-27</EndDate>
            </DateRange>
          </DaysOfNonOperation>
        </SpecialDaysOperation>
      </OperatingProfile>
      <VehicleJourneyCode>23</VehicleJourneyCode>
      <ServiceRef>ABAN001</ServiceRef>
      <LineRef>0</LineRef>
      <JourneyPatternRef>JPS_ABAN001-6</JourneyPatternRef>
      <DepartureTime>01:08:00</DepartureTime>
    </VehicleJourney>
    <VehicleJourney>
      <OperatorRef>FAB</OperatorRef>
      <OperatingProfile>
        <RegularDayType>
          <DaysOfWeek>
            <Sunday />
          </DaysOfWeek>
        </RegularDayType>
        <SpecialDaysOperation>
          <DaysOfNonOperation>
            <DateRange>
              <StartDate>2019-04-13</StartDate>
              <EndDate>2019-10-27</EndDate>
            </DateRange>
          </DaysOfNonOperation>
        </SpecialDaysOperation>
      </OperatingProfile>
      <VehicleJourneyCode>24</VehicleJourneyCode>
      <ServiceRef>ABAN001</ServiceRef>
      <LineRef>0</LineRef>
      <JourneyPatternRef>JPS_ABAN001-6</JourneyPatternRef>
      <DepartureTime>03:08:00</DepartureTime>
    </VehicleJourney>
    <VehicleJourney>
      <OperatorRef>FAB</OperatorRef>
      <OperatingProfile>
        <RegularDayType>
          <DaysOfWeek>
            <Saturday />
          </DaysOfWeek>
        </RegularDayType>
        <SpecialDaysOperation>
          <DaysOfNonOperation>
            <DateRange>
              <StartDate>2019-04-13</StartDate>
              <EndDate>2019-10-27</EndDate>
            </DateRange>
          </DaysOfNonOperation>
        </SpecialDaysOperation>
      </OperatingProfile>
      <VehicleJourneyCode>5</VehicleJourneyCode>
      <ServiceRef>ABAN001</ServiceRef>
      <LineRef>0</LineRef>
      <JourneyPatternRef>JPS_ABAN001-4</JourneyPatternRef>
      <DepartureTime>01:51:00</DepartureTime>
    </VehicleJourney>
    <VehicleJourney>
      <OperatorRef>FAB</OperatorRef>
      <OperatingProfile>
        <RegularDayType>
          <DaysOfWeek>
            <Saturday />
          </DaysOfWeek>
        </RegularDayType>
        <SpecialDaysOperation>
          <DaysOfNonOperation>
            <DateRange>
              <StartDate>2019-04-13</StartDate>
              <EndDate>2019-10-27</EndDate>
            </DateRange>
          </DaysOfNonOperation>
        </SpecialDaysOperation>
      </OperatingProfile>
      <VehicleJourneyCode>6</VehicleJourneyCode>
      <ServiceRef>ABAN001</ServiceRef>
      <LineRef>0</LineRef>
      <JourneyPatternRef>JPS_ABAN001-5</JourneyPatternRef>
      <DepartureTime>03:51:00</DepartureTime>
    </VehicleJourney>
    <VehicleJourney>
      <OperatorRef>FAB</OperatorRef>
      <OperatingProfile>
        <RegularDayType>
          <DaysOfWeek>
            <Sunday />
          </DaysOfWeek>
        </RegularDayType>
        <SpecialDaysOperation>
          <DaysOfNonOperation>
            <DateRange>
              <StartDate>2019-04-13</StartDate>
              <EndDate>2019-10-27</EndDate>
            </DateRange>
          </DaysOfNonOperation>
        </SpecialDaysOperation>
      </OperatingProfile>
      <VehicleJourneyCode>11</VehicleJourneyCode>
      <ServiceRef>ABAN001</ServiceRef>
      <LineRef>0</LineRef>
      <JourneyPatternRef>JPS_ABAN001-4</JourneyPatternRef>
      <DepartureTime>01:51:00</DepartureTime>
    </VehicleJourney>
    <VehicleJourney>
      <OperatorRef>FAB</OperatorRef>
      <OperatingProfile>
        <RegularDayType>
          <DaysOfWeek>
            <Sunday />
          </DaysOfWeek>
        </RegularDayType>
        <SpecialDaysOperation>
          <DaysOfNonOperation>
            <DateRange>
              <StartDate>2019-04-13</StartDate>
              <EndDate>2019-10-27</EndDate>
            </DateRange>
          </DaysOfNonOperation>
        </SpecialDaysOperation>
      </OperatingProfile>
      <VehicleJourneyCode>12</VehicleJourneyCode>
      <ServiceRef>ABAN001</ServiceRef>
      <LineRef>0</LineRef>
      <JourneyPatternRef>JPS_ABAN001-5</JourneyPatternRef>
      <DepartureTime>03:51:00</DepartureTime>
    </VehicleJourney>
  </VehicleJourneys>
</TransXChange>