<?xml version="1.0" encoding="utf-8"?>
<TransXChange xmlns:xsi="http://www.w3.org/2001/XMLSchema-instance" xmlns:xsd="http://www.w3.org/2001/XMLSchema" xsi:schemaLocation="http://www.transxchange.org.uk/ http://www.transxchange.org.uk/schema/2.1/TransXChange_general.xsd" CreationDateTime="2019-10-07T13:22:00-00:00" ModificationDateTime="2019-10-07T13:22:00-00:00" Modification="new" RevisionNumber="0" FileName="SVRABAN023.xml" SchemaVersion="2.1" RegistrationDocument="false" xmlns="http://www.transxchange.org.uk/">
  <StopPoints>
    <AnnotatedStopPointRef>
      <StopPointRef>639006011</StopPointRef>
      <CommonName>Derbeth Park</CommonName>
    </AnnotatedStopPointRef>
    <AnnotatedStopPointRef>
      <StopPointRef>639005412</StopPointRef>
      <CommonName>Fairley Road</CommonName>
    </AnnotatedStopPointRef>
    <AnnotatedStopPointRef>
      <StopPointRef>639005421</StopPointRef>
      <CommonName>Old Skene Road</CommonName>
    </AnnotatedStopPointRef>
    <AnnotatedStopPointRef>
      <StopPointRef>639007172</StopPointRef>
      <CommonName>Hazlehead Crematorium</CommonName>
    </AnnotatedStopPointRef>
    <AnnotatedStopPointRef>
      <StopPointRef>639007161</StopPointRef>
      <CommonName>Queen's Den</CommonName>
    </AnnotatedStopPointRef>
    <AnnotatedStopPointRef>
      <StopPointRef>639000522</StopPointRef>
      <CommonName>Woodend Hospital</CommonName>
    </AnnotatedStopPointRef>
    <AnnotatedStopPointRef>
      <StopPointRef>639000512</StopPointRef>
      <CommonName>Woodend Crescent</CommonName>
    </AnnotatedStopPointRef>
    <AnnotatedStopPointRef>
      <StopPointRef>639000502</StopPointRef>
      <CommonName>Provost Graham Avenue</CommonName>
    </AnnotatedStopPointRef>
    <AnnotatedStopPointRef>
      <StopPointRef>639000472</StopPointRef>
      <CommonName>Hazledene Road</CommonName>
    </AnnotatedStopPointRef>
    <AnnotatedStopPointRef>
      <StopPointRef>639000462</StopPointRef>
      <CommonName>Northburn Avenue</CommonName>
    </AnnotatedStopPointRef>
    <AnnotatedStopPointRef>
      <StopPointRef>639000452</StopPointRef>
      <CommonName>Angusfield Avenue</CommonName>
    </AnnotatedStopPointRef>
    <AnnotatedStopPointRef>
      <StopPointRef>639000442</StopPointRef>
      <CommonName>Hill of Rubislaw</CommonName>
    </AnnotatedStopPointRef>
    <AnnotatedStopPointRef>
      <StopPointRef>639000432</StopPointRef>
      <CommonName>Viewfield Road</CommonName>
    </AnnotatedStopPointRef>
    <AnnotatedStopPointRef>
      <StopPointRef>639000422</StopPointRef>
      <CommonName>Royfold Crescent</CommonName>
    </AnnotatedStopPointRef>
    <AnnotatedStopPointRef>
      <StopPointRef>639000412</StopPointRef>
      <CommonName>Bayview Road</CommonName>
    </AnnotatedStopPointRef>
    <AnnotatedStopPointRef>
      <StopPointRef>639000402</StopPointRef>
      <CommonName>The Hamilton School</CommonName>
    </AnnotatedStopPointRef>
    <AnnotatedStopPointRef>
      <StopPointRef>639000392</StopPointRef>
      <CommonName>Forest Road</CommonName>
    </AnnotatedStopPointRef>
    <AnnotatedStopPointRef>
      <StopPointRef>639000382</StopPointRef>
      <CommonName>Queen's Gardens</CommonName>
    </AnnotatedStopPointRef>
    <AnnotatedStopPointRef>
      <StopPointRef>639000372</StopPointRef>
      <CommonName>Queen's Cross</CommonName>
    </AnnotatedStopPointRef>
    <AnnotatedStopPointRef>
      <StopPointRef>639000362</StopPointRef>
      <CommonName>Prince Arthur Street</CommonName>
    </AnnotatedStopPointRef>
    <AnnotatedStopPointRef>
      <StopPointRef>639000352</StopPointRef>
      <CommonName>Rubislaw Place</CommonName>
    </AnnotatedStopPointRef>
    <AnnotatedStopPointRef>
      <StopPointRef>639006355</StopPointRef>
      <CommonName>Holburn Junction</CommonName>
    </AnnotatedStopPointRef>
    <AnnotatedStopPointRef>
      <StopPointRef>639006452</StopPointRef>
      <CommonName>Broad Street</CommonName>
    </AnnotatedStopPointRef>
    <AnnotatedStopPointRef>
      <StopPointRef>639006445</StopPointRef>
      <CommonName>Adelphi</CommonName>
    </AnnotatedStopPointRef>
    <AnnotatedStopPointRef>
      <StopPointRef>639006437</StopPointRef>
      <CommonName>St Nicholas Kirk</CommonName>
    </AnnotatedStopPointRef>
    <AnnotatedStopPointRef>
      <StopPointRef>639006375</StopPointRef>
      <CommonName>Music Hall</CommonName>
    </AnnotatedStopPointRef>
    <AnnotatedStopPointRef>
      <StopPointRef>639006377</StopPointRef>
      <CommonName>Music Hall</CommonName>
    </AnnotatedStopPointRef>
    <AnnotatedStopPointRef>
      <StopPointRef>639006365</StopPointRef>
      <CommonName>Langstane Kirk</CommonName>
    </AnnotatedStopPointRef>
    <AnnotatedStopPointRef>
      <StopPointRef>639006354</StopPointRef>
      <CommonName>Holburn Junction</CommonName>
    </AnnotatedStopPointRef>
    <AnnotatedStopPointRef>
      <StopPointRef>639000351</StopPointRef>
      <CommonName>Rubislaw Place</CommonName>
    </AnnotatedStopPointRef>
    <AnnotatedStopPointRef>
      <StopPointRef>639000361</StopPointRef>
      <CommonName>Prince Arthur Street</CommonName>
    </AnnotatedStopPointRef>
    <AnnotatedStopPointRef>
      <StopPointRef>639000371</StopPointRef>
      <CommonName>Queen's Cross</CommonName>
    </AnnotatedStopPointRef>
    <AnnotatedStopPointRef>
      <StopPointRef>639000651</StopPointRef>
      <CommonName>Beaconsfield Place</CommonName>
    </AnnotatedStopPointRef>
    <AnnotatedStopPointRef>
      <StopPointRef>639000661</StopPointRef>
      <CommonName>Hamilton Place</CommonName>
    </AnnotatedStopPointRef>
    <AnnotatedStopPointRef>
      <StopPointRef>639000671</StopPointRef>
      <CommonName>Gordondale Road</CommonName>
    </AnnotatedStopPointRef>
    <AnnotatedStopPointRef>
      <StopPointRef>639000632</StopPointRef>
      <CommonName>Richmondhill Court</CommonName>
    </AnnotatedStopPointRef>
    <AnnotatedStopPointRef>
      <StopPointRef>639000681</StopPointRef>
      <CommonName>Oakhill Road</CommonName>
    </AnnotatedStopPointRef>
    <AnnotatedStopPointRef>
      <StopPointRef>639000691</StopPointRef>
      <CommonName>Woodstock Road</CommonName>
    </AnnotatedStopPointRef>
    <AnnotatedStopPointRef>
      <StopPointRef>639000701</StopPointRef>
      <CommonName>Moray Place</CommonName>
    </AnnotatedStopPointRef>
    <AnnotatedStopPointRef>
      <StopPointRef>639000711</StopPointRef>
      <CommonName>Anderson Drive</CommonName>
    </AnnotatedStopPointRef>
    <AnnotatedStopPointRef>
      <StopPointRef>639000721</StopPointRef>
      <CommonName>Summerhill Road</CommonName>
    </AnnotatedStopPointRef>
    <AnnotatedStopPointRef>
      <StopPointRef>639000731</StopPointRef>
      <CommonName>Balfron Place</CommonName>
    </AnnotatedStopPointRef>
    <AnnotatedStopPointRef>
      <StopPointRef>639000741</StopPointRef>
      <CommonName>Summerhill Terrace</CommonName>
    </AnnotatedStopPointRef>
    <AnnotatedStopPointRef>
      <StopPointRef>639000751</StopPointRef>
      <CommonName>Summerhill Drive</CommonName>
    </AnnotatedStopPointRef>
    <AnnotatedStopPointRef>
      <StopPointRef>639000762</StopPointRef>
      <CommonName>Eday Road</CommonName>
    </AnnotatedStopPointRef>
    <AnnotatedStopPointRef>
      <StopPointRef>639006161</StopPointRef>
      <CommonName>Lang Stracht</CommonName>
    </AnnotatedStopPointRef>
    <AnnotatedStopPointRef>
      <StopPointRef>639000771</StopPointRef>
      <CommonName>Fernhill Drive</CommonName>
    </AnnotatedStopPointRef>
    <AnnotatedStopPointRef>
      <StopPointRef>639000782</StopPointRef>
      <CommonName>Springhill Road</CommonName>
    </AnnotatedStopPointRef>
    <AnnotatedStopPointRef>
      <StopPointRef>639006181</StopPointRef>
      <CommonName>Rousay Drive</CommonName>
    </AnnotatedStopPointRef>
    <AnnotatedStopPointRef>
      <StopPointRef>639000791</StopPointRef>
      <CommonName>Shapinsay Square</CommonName>
    </AnnotatedStopPointRef>
    <AnnotatedStopPointRef>
      <StopPointRef>639000801</StopPointRef>
      <CommonName>Colonsay Crescent</CommonName>
    </AnnotatedStopPointRef>
    <AnnotatedStopPointRef>
      <StopPointRef>639000811</StopPointRef>
      <CommonName>Mull Way</CommonName>
    </AnnotatedStopPointRef>
    <AnnotatedStopPointRef>
      <StopPointRef>639000871</StopPointRef>
      <CommonName>Portree Avenue</CommonName>
    </AnnotatedStopPointRef>
    <AnnotatedStopPointRef>
      <StopPointRef>639000821</StopPointRef>
      <CommonName>Shetland Walk</CommonName>
    </AnnotatedStopPointRef>
    <AnnotatedStopPointRef>
      <StopPointRef>639007311</StopPointRef>
      <CommonName>Lewis Drive</CommonName>
    </AnnotatedStopPointRef>
    <AnnotatedStopPointRef>
      <StopPointRef>639000841</StopPointRef>
      <CommonName>Benbecula Road</CommonName>
    </AnnotatedStopPointRef>
    <AnnotatedStopPointRef>
      <StopPointRef>639000851</StopPointRef>
      <CommonName>Raasay Gardens</CommonName>
    </AnnotatedStopPointRef>
    <AnnotatedStopPointRef>
      <StopPointRef>639005424</StopPointRef>
      <CommonName>Dobbie's Garden Centre</CommonName>
    </AnnotatedStopPointRef>
    <AnnotatedStopPointRef>
      <StopPointRef>639005752</StopPointRef>
      <CommonName>Kingswood Drive</CommonName>
    </AnnotatedStopPointRef>
    <AnnotatedStopPointRef>
      <StopPointRef>639005652</StopPointRef>
      <CommonName>Kingswood Gardens</CommonName>
    </AnnotatedStopPointRef>
    <AnnotatedStopPointRef>
      <StopPointRef>639005661</StopPointRef>
      <CommonName>Broaddykes Drive</CommonName>
    </AnnotatedStopPointRef>
    <AnnotatedStopPointRef>
      <StopPointRef>639008602</StopPointRef>
      <CommonName>Kingswells Crescent</CommonName>
    </AnnotatedStopPointRef>
    <AnnotatedStopPointRef>
      <StopPointRef>639005691</StopPointRef>
      <CommonName>Migvie Grove</CommonName>
    </AnnotatedStopPointRef>
    <AnnotatedStopPointRef>
      <StopPointRef>639005871</StopPointRef>
      <CommonName>Wellside Walk</CommonName>
    </AnnotatedStopPointRef>
    <AnnotatedStopPointRef>
      <StopPointRef>639005881</StopPointRef>
      <CommonName>Wellside Circle</CommonName>
    </AnnotatedStopPointRef>
    <AnnotatedStopPointRef>
      <StopPointRef>639005891</StopPointRef>
      <CommonName>Concraig Gardens</CommonName>
    </AnnotatedStopPointRef>
    <AnnotatedStopPointRef>
      <StopPointRef>639006001</StopPointRef>
      <CommonName>Wellside Wynd</CommonName>
    </AnnotatedStopPointRef>
  </StopPoints>
  <RouteSections>
    <RouteSection id="ABAN023_005">
      <RouteLink id="ABAN023_005_550">
        <From>
          <StopPointRef>639006011</StopPointRef>
        </From>
        <To>
          <StopPointRef>639005412</StopPointRef>
        </To>
        <Direction>inbound</Direction>
      </RouteLink>
      <RouteLink id="ABAN023_005_551">
        <From>
          <StopPointRef>639005412</StopPointRef>
        </From>
        <To>
          <StopPointRef>639005421</StopPointRef>
        </To>
        <Direction>inbound</Direction>
      </RouteLink>
      <RouteLink id="ABAN023_005_552">
        <From>
          <StopPointRef>639005421</StopPointRef>
        </From>
        <To>
          <StopPointRef>639007172</StopPointRef>
        </To>
        <Direction>inbound</Direction>
      </RouteLink>
      <RouteLink id="ABAN023_005_553">
        <From>
          <StopPointRef>639007172</StopPointRef>
        </From>
        <To>
          <StopPointRef>639007161</StopPointRef>
        </To>
        <Direction>inbound</Direction>
      </RouteLink>
      <RouteLink id="ABAN023_005_554">
        <From>
          <StopPointRef>639007161</StopPointRef>
        </From>
        <To>
          <StopPointRef>639000522</StopPointRef>
        </To>
        <Direction>inbound</Direction>
      </RouteLink>
      <RouteLink id="ABAN023_005_555">
        <From>
          <StopPointRef>639000522</StopPointRef>
        </From>
        <To>
          <StopPointRef>639000512</StopPointRef>
        </To>
        <Direction>inbound</Direction>
      </RouteLink>
      <RouteLink id="ABAN023_005_556">
        <From>
          <StopPointRef>639000512</StopPointRef>
        </From>
        <To>
          <StopPointRef>639000502</StopPointRef>
        </To>
        <Direction>inbound</Direction>
      </RouteLink>
      <RouteLink id="ABAN023_005_557">
        <From>
          <StopPointRef>639000502</StopPointRef>
        </From>
        <To>
          <StopPointRef>639000472</StopPointRef>
        </To>
        <Direction>inbound</Direction>
      </RouteLink>
      <RouteLink id="ABAN023_005_558">
        <From>
          <StopPointRef>639000472</StopPointRef>
        </From>
        <To>
          <StopPointRef>639000462</StopPointRef>
        </To>
        <Direction>inbound</Direction>
      </RouteLink>
      <RouteLink id="ABAN023_005_559">
        <From>
          <StopPointRef>639000462</StopPointRef>
        </From>
        <To>
          <StopPointRef>639000452</StopPointRef>
        </To>
        <Direction>inbound</Direction>
      </RouteLink>
      <RouteLink id="ABAN023_005_560">
        <From>
          <StopPointRef>639000452</StopPointRef>
        </From>
        <To>
          <StopPointRef>639000442</StopPointRef>
        </To>
        <Direction>inbound</Direction>
      </RouteLink>
      <RouteLink id="ABAN023_005_561">
        <From>
          <StopPointRef>639000442</StopPointRef>
        </From>
        <To>
          <StopPointRef>639000432</StopPointRef>
        </To>
        <Direction>inbound</Direction>
      </RouteLink>
      <RouteLink id="ABAN023_005_562">
        <From>
          <StopPointRef>639000432</StopPointRef>
        </From>
        <To>
          <StopPointRef>639000422</StopPointRef>
        </To>
        <Direction>inbound</Direction>
      </RouteLink>
      <RouteLink id="ABAN023_005_563">
        <From>
          <StopPointRef>639000422</StopPointRef>
        </From>
        <To>
          <StopPointRef>639000412</StopPointRef>
        </To>
        <Direction>inbound</Direction>
      </RouteLink>
      <RouteLink id="ABAN023_005_564">
        <From>
          <StopPointRef>639000412</StopPointRef>
        </From>
        <To>
          <StopPointRef>639000402</StopPointRef>
        </To>
        <Direction>inbound</Direction>
      </RouteLink>
      <RouteLink id="ABAN023_005_565">
        <From>
          <StopPointRef>639000402</StopPointRef>
        </From>
        <To>
          <StopPointRef>639000392</StopPointRef>
        </To>
        <Direction>inbound</Direction>
      </RouteLink>
      <RouteLink id="ABAN023_005_566">
        <From>
          <StopPointRef>639000392</StopPointRef>
        </From>
        <To>
          <StopPointRef>639000382</StopPointRef>
        </To>
        <Direction>inbound</Direction>
      </RouteLink>
      <RouteLink id="ABAN023_005_567">
        <From>
          <StopPointRef>639000382</StopPointRef>
        </From>
        <To>
          <StopPointRef>639000372</StopPointRef>
        </To>
        <Direction>inbound</Direction>
      </RouteLink>
      <RouteLink id="ABAN023_005_568">
        <From>
          <StopPointRef>639000372</StopPointRef>
        </From>
        <To>
          <StopPointRef>639000362</StopPointRef>
        </To>
        <Direction>inbound</Direction>
      </RouteLink>
      <RouteLink id="ABAN023_005_569">
        <From>
          <StopPointRef>639000362</StopPointRef>
        </From>
        <To>
          <StopPointRef>639000352</StopPointRef>
        </To>
        <Direction>inbound</Direction>
      </RouteLink>
      <RouteLink id="ABAN023_005_570">
        <From>
          <StopPointRef>639000352</StopPointRef>
        </From>
        <To>
          <StopPointRef>639006355</StopPointRef>
        </To>
        <Direction>inbound</Direction>
      </RouteLink>
    </RouteSection>
    <RouteSection id="ABAN023_004">
      <RouteLink id="ABAN023_004_572">
        <From>
          <StopPointRef>639006452</StopPointRef>
        </From>
        <To>
          <StopPointRef>639006445</StopPointRef>
        </To>
        <Direction>outbound</Direction>
      </RouteLink>
      <RouteLink id="ABAN023_004_573">
        <From>
          <StopPointRef>639006445</StopPointRef>
        </From>
        <To>
          <StopPointRef>639006437</StopPointRef>
        </To>
        <Direction>outbound</Direction>
      </RouteLink>
      <RouteLink id="ABAN023_004_574">
        <From>
          <StopPointRef>639006437</StopPointRef>
        </From>
        <To>
          <StopPointRef>639006375</StopPointRef>
        </To>
        <Direction>outbound</Direction>
      </RouteLink>
      <RouteLink id="ABAN023_004_575">
        <From>
          <StopPointRef>639006375</StopPointRef>
        </From>
        <To>
          <StopPointRef>639006377</StopPointRef>
        </To>
        <Direction>outbound</Direction>
      </RouteLink>
      <RouteLink id="ABAN023_004_576">
        <From>
          <StopPointRef>639006377</StopPointRef>
        </From>
        <To>
          <StopPointRef>639006365</StopPointRef>
        </To>
        <Direction>outbound</Direction>
      </RouteLink>
      <RouteLink id="ABAN023_004_577">
        <From>
          <StopPointRef>639006365</StopPointRef>
        </From>
        <To>
          <StopPointRef>639006354</StopPointRef>
        </To>
        <Direction>outbound</Direction>
      </RouteLink>
      <RouteLink id="ABAN023_004_578">
        <From>
          <StopPointRef>639006354</StopPointRef>
        </From>
        <To>
          <StopPointRef>639000351</StopPointRef>
        </To>
        <Direction>outbound</Direction>
      </RouteLink>
      <RouteLink id="ABAN023_004_579">
        <From>
          <StopPointRef>639000351</StopPointRef>
        </From>
        <To>
          <StopPointRef>639000361</StopPointRef>
        </To>
        <Direction>outbound</Direction>
      </RouteLink>
      <RouteLink id="ABAN023_004_580">
        <From>
          <StopPointRef>639000361</StopPointRef>
        </From>
        <To>
          <StopPointRef>639000371</StopPointRef>
        </To>
        <Direction>outbound</Direction>
      </RouteLink>
      <RouteLink id="ABAN023_004_581">
        <From>
          <StopPointRef>639000371</StopPointRef>
        </From>
        <To>
          <StopPointRef>639000651</StopPointRef>
        </To>
        <Direction>outbound</Direction>
      </RouteLink>
      <RouteLink id="ABAN023_004_582">
        <From>
          <StopPointRef>639000651</StopPointRef>
        </From>
        <To>
          <StopPointRef>639000661</StopPointRef>
        </To>
        <Direction>outbound</Direction>
      </RouteLink>
      <RouteLink id="ABAN023_004_583">
        <From>
          <StopPointRef>639000661</StopPointRef>
        </From>
        <To>
          <StopPointRef>639000671</StopPointRef>
        </To>
        <Direction>outbound</Direction>
      </RouteLink>
      <RouteLink id="ABAN023_004_584">
        <From>
          <StopPointRef>639000671</StopPointRef>
        </From>
        <To>
          <StopPointRef>639000632</StopPointRef>
        </To>
        <Direction>outbound</Direction>
      </RouteLink>
      <RouteLink id="ABAN023_004_585">
        <From>
          <StopPointRef>639000632</StopPointRef>
        </From>
        <To>
          <StopPointRef>639000681</StopPointRef>
        </To>
        <Direction>outbound</Direction>
      </RouteLink>
      <RouteLink id="ABAN023_004_586">
        <From>
          <StopPointRef>639000681</StopPointRef>
        </From>
        <To>
          <StopPointRef>639000691</StopPointRef>
        </To>
        <Direction>outbound</Direction>
      </RouteLink>
      <RouteLink id="ABAN023_004_587">
        <From>
          <StopPointRef>639000691</StopPointRef>
        </From>
        <To>
          <StopPointRef>639000701</StopPointRef>
        </To>
        <Direction>outbound</Direction>
      </RouteLink>
      <RouteLink id="ABAN023_004_588">
        <From>
          <StopPointRef>639000701</StopPointRef>
        </From>
        <To>
          <StopPointRef>639000711</StopPointRef>
        </To>
        <Direction>outbound</Direction>
      </RouteLink>
      <RouteLink id="ABAN023_004_589">
        <From>
          <StopPointRef>639000711</StopPointRef>
        </From>
        <To>
          <StopPointRef>639000721</StopPointRef>
        </To>
        <Direction>outbound</Direction>
      </RouteLink>
      <RouteLink id="ABAN023_004_590">
        <From>
          <StopPointRef>639000721</StopPointRef>
        </From>
        <To>
          <StopPointRef>639000731</StopPointRef>
        </To>
        <Direction>outbound</Direction>
      </RouteLink>
      <RouteLink id="ABAN023_004_591">
        <From>
          <StopPointRef>639000731</StopPointRef>
        </From>
        <To>
          <StopPointRef>639000741</StopPointRef>
        </To>
        <Direction>outbound</Direction>
      </RouteLink>
      <RouteLink id="ABAN023_004_592">
        <From>
          <StopPointRef>639000741</StopPointRef>
        </From>
        <To>
          <StopPointRef>639000751</StopPointRef>
        </To>
        <Direction>outbound</Direction>
      </RouteLink>
      <RouteLink id="ABAN023_004_593">
        <From>
          <StopPointRef>639000751</StopPointRef>
        </From>
        <To>
          <StopPointRef>639000762</StopPointRef>
        </To>
        <Direction>outbound</Direction>
      </RouteLink>
      <RouteLink id="ABAN023_004_594">
        <From>
          <StopPointRef>639000762</StopPointRef>
        </From>
        <To>
          <StopPointRef>639006161</StopPointRef>
        </To>
        <Direction>outbound</Direction>
      </RouteLink>
      <RouteLink id="ABAN023_004_595">
        <From>
          <StopPointRef>639006161</StopPointRef>
        </From>
        <To>
          <StopPointRef>639000771</StopPointRef>
        </To>
        <Direction>outbound</Direction>
      </RouteLink>
      <RouteLink id="ABAN023_004_596">
        <From>
          <StopPointRef>639000771</StopPointRef>
        </From>
        <To>
          <StopPointRef>639000782</StopPointRef>
        </To>
        <Direction>outbound</Direction>
      </RouteLink>
      <RouteLink id="ABAN023_004_597">
        <From>
          <StopPointRef>639000782</StopPointRef>
        </From>
        <To>
          <StopPointRef>639006181</StopPointRef>
        </To>
        <Direction>outbound</Direction>
      </RouteLink>
      <RouteLink id="ABAN023_004_598">
        <From>
          <StopPointRef>639006181</StopPointRef>
        </From>
        <To>
          <StopPointRef>639000791</StopPointRef>
        </To>
        <Direction>outbound</Direction>
      </RouteLink>
      <RouteLink id="ABAN023_004_599">
        <From>
          <StopPointRef>639000791</StopPointRef>
        </From>
        <To>
          <StopPointRef>639000801</StopPointRef>
        </To>
        <Direction>outbound</Direction>
      </RouteLink>
      <RouteLink id="ABAN023_004_600">
        <From>
          <StopPointRef>639000801</StopPointRef>
        </From>
        <To>
          <StopPointRef>639000811</StopPointRef>
        </To>
        <Direction>outbound</Direction>
      </RouteLink>
      <RouteLink id="ABAN023_004_601">
        <From>
          <StopPointRef>639000811</StopPointRef>
        </From>
        <To>
          <StopPointRef>639000871</StopPointRef>
        </To>
        <Direction>outbound</Direction>
      </RouteLink>
      <RouteLink id="ABAN023_004_602">
        <From>
          <StopPointRef>639000871</StopPointRef>
        </From>
        <To>
          <StopPointRef>639000821</StopPointRef>
        </To>
        <Direction>outbound</Direction>
      </RouteLink>
      <RouteLink id="ABAN023_004_603">
        <From>
          <StopPointRef>639000821</StopPointRef>
        </From>
        <To>
          <StopPointRef>639007311</StopPointRef>
        </To>
        <Direction>outbound</Direction>
      </RouteLink>
      <RouteLink id="ABAN023_004_604">
        <From>
          <StopPointRef>639007311</StopPointRef>
        </From>
        <To>
          <StopPointRef>639000841</StopPointRef>
        </To>
        <Direction>outbound</Direction>
      </RouteLink>
      <RouteLink id="ABAN023_004_605">
        <From>
          <StopPointRef>639000841</StopPointRef>
        </From>
        <To>
          <StopPointRef>639000851</StopPointRef>
        </To>
        <Direction>outbound</Direction>
      </RouteLink>
      <RouteLink id="ABAN023_004_606">
        <From>
          <StopPointRef>639000851</StopPointRef>
        </From>
        <To>
          <StopPointRef>639005424</StopPointRef>
        </To>
        <Direction>outbound</Direction>
      </RouteLink>
      <RouteLink id="ABAN023_004_607">
        <From>
          <StopPointRef>639005424</StopPointRef>
        </From>
        <To>
          <StopPointRef>639005752</StopPointRef>
        </To>
        <Direction>outbound</Direction>
      </RouteLink>
      <RouteLink id="ABAN023_004_608">
        <From>
          <StopPointRef>639005752</StopPointRef>
        </From>
        <To>
          <StopPointRef>639005652</StopPointRef>
        </To>
        <Direction>outbound</Direction>
      </RouteLink>
      <RouteLink id="ABAN023_004_609">
        <From>
          <StopPointRef>639005652</StopPointRef>
        </From>
        <To>
          <StopPointRef>639005661</StopPointRef>
        </To>
        <Direction>outbound</Direction>
      </RouteLink>
      <RouteLink id="ABAN023_004_610">
        <From>
          <StopPointRef>639005661</StopPointRef>
        </From>
        <To>
          <StopPointRef>639008602</StopPointRef>
        </To>
        <Direction>outbound</Direction>
      </RouteLink>
      <RouteLink id="ABAN023_004_611">
        <From>
          <StopPointRef>639008602</StopPointRef>
        </From>
        <To>
          <StopPointRef>639005691</StopPointRef>
        </To>
        <Direction>outbound</Direction>
      </RouteLink>
      <RouteLink id="ABAN023_004_612">
        <From>
          <StopPointRef>639005691</StopPointRef>
        </From>
        <To>
          <StopPointRef>639005871</StopPointRef>
        </To>
        <Direction>outbound</Direction>
      </RouteLink>
      <RouteLink id="ABAN023_004_613">
        <From>
          <StopPointRef>639005871</StopPointRef>
        </From>
        <To>
          <StopPointRef>639005881</StopPointRef>
        </To>
        <Direction>outbound</Direction>
      </RouteLink>
      <RouteLink id="ABAN023_004_614">
        <From>
          <StopPointRef>639005881</StopPointRef>
        </From>
        <To>
          <StopPointRef>639005891</StopPointRef>
        </To>
        <Direction>outbound</Direction>
      </RouteLink>
      <RouteLink id="ABAN023_004_615">
        <From>
          <StopPointRef>639005891</StopPointRef>
        </From>
        <To>
          <StopPointRef>639006001</StopPointRef>
        </To>
        <Direction>outbound</Direction>
      </RouteLink>
      <RouteLink id="ABAN023_004_616">
        <From>
          <StopPointRef>639006001</StopPointRef>
        </From>
        <To>
          <StopPointRef>639006011</StopPointRef>
        </To>
        <Direction>outbound</Direction>
      </RouteLink>
    </RouteSection>
  </RouteSections>
  <Routes>
    <Route id="ABAN023_005">
      <Description>Kingswells - Aberdeen
</Description>
      <RouteSectionRef>ABAN023_005</RouteSectionRef>
    </Route>
    <Route id="ABAN023_004">
      <Description>Aberdeen - Kingswells
</Description>
      <RouteSectionRef>ABAN023_004</RouteSectionRef>
    </Route>
  </Routes>
  <JourneyPatternSections>
    <JourneyPatternSection id="JPS_ABAN023-3">
      <JourneyPatternTimingLink id="JPS_ABAN023-3_550">
        <From>
          <StopPointRef>639006011</StopPointRef>
          <TimingStatus>PTP</TimingStatus>
        </From>
        <To>
          <StopPointRef>639005412</StopPointRef>
          <TimingStatus>OTH</TimingStatus>
        </To>
        <RouteLinkRef>ABAN023_005_550</RouteLinkRef>
        <Direction>inbound</Direction>
        <RunTime>PT240S</RunTime>
      </JourneyPatternTimingLink>
      <JourneyPatternTimingLink id="JPS_ABAN023-3_551">
        <From>
          <StopPointRef>639005412</StopPointRef>
          <TimingStatus>OTH</TimingStatus>
        </From>
        <To>
          <StopPointRef>639005421</StopPointRef>
          <TimingStatus>OTH</TimingStatus>
        </To>
        <RouteLinkRef>ABAN023_005_551</RouteLinkRef>
        <Direction>inbound</Direction>
        <RunTime>PT120S</RunTime>
      </JourneyPatternTimingLink>
      <JourneyPatternTimingLink id="JPS_ABAN023-3_552">
        <From>
          <StopPointRef>639005421</StopPointRef>
          <TimingStatus>OTH</TimingStatus>
        </From>
        <To>
          <StopPointRef>639007172</StopPointRef>
          <TimingStatus>OTH</TimingStatus>
        </To>
        <RouteLinkRef>ABAN023_005_552</RouteLinkRef>
        <Direction>inbound</Direction>
        <RunTime>PT120S</RunTime>
      </JourneyPatternTimingLink>
      <JourneyPatternTimingLink id="JPS_ABAN023-3_553">
        <From>
          <StopPointRef>639007172</StopPointRef>
          <TimingStatus>OTH</TimingStatus>
        </From>
        <To>
          <StopPointRef>639007161</StopPointRef>
          <TimingStatus>OTH</TimingStatus>
        </To>
        <RouteLinkRef>ABAN023_005_553</RouteLinkRef>
        <Direction>inbound</Direction>
        <RunTime>PT60S</RunTime>
      </JourneyPatternTimingLink>
      <JourneyPatternTimingLink id="JPS_ABAN023-3_554">
        <From>
          <StopPointRef>639007161</StopPointRef>
          <TimingStatus>OTH</TimingStatus>
        </From>
        <To>
          <StopPointRef>639000522</StopPointRef>
          <TimingStatus>PTP</TimingStatus>
        </To>
        <RouteLinkRef>ABAN023_005_554</RouteLinkRef>
        <Direction>inbound</Direction>
        <RunTime>PT60S</RunTime>
      </JourneyPatternTimingLink>
      <JourneyPatternTimingLink id="JPS_ABAN023-3_555">
        <From>
          <StopPointRef>639000522</StopPointRef>
          <TimingStatus>PTP</TimingStatus>
        </From>
        <To>
          <StopPointRef>639000512</StopPointRef>
          <TimingStatus>OTH</TimingStatus>
        </To>
        <RouteLinkRef>ABAN023_005_555</RouteLinkRef>
        <Direction>inbound</Direction>
        <RunTime>PT0S</RunTime>
      </JourneyPatternTimingLink>
      <JourneyPatternTimingLink id="JPS_ABAN023-3_556">
        <From>
          <StopPointRef>639000512</StopPointRef>
          <TimingStatus>OTH</TimingStatus>
        </From>
        <To>
          <StopPointRef>639000502</StopPointRef>
          <TimingStatus>OTH</TimingStatus>
        </To>
        <RouteLinkRef>ABAN023_005_556</RouteLinkRef>
        <Direction>inbound</Direction>
        <RunTime>PT60S</RunTime>
      </JourneyPatternTimingLink>
      <JourneyPatternTimingLink id="JPS_ABAN023-3_557">
        <From>
          <StopPointRef>639000502</StopPointRef>
          <TimingStatus>OTH</TimingStatus>
        </From>
        <To>
          <StopPointRef>639000472</StopPointRef>
          <TimingStatus>OTH</TimingStatus>
        </To>
        <RouteLinkRef>ABAN023_005_557</RouteLinkRef>
        <Direction>inbound</Direction>
        <RunTime>PT60S</RunTime>
      </JourneyPatternTimingLink>
      <JourneyPatternTimingLink id="JPS_ABAN023-3_558">
        <From>
          <StopPointRef>639000472</StopPointRef>
          <TimingStatus>OTH</TimingStatus>
        </From>
        <To>
          <StopPointRef>639000462</StopPointRef>
          <TimingStatus>OTH</TimingStatus>
        </To>
        <RouteLinkRef>ABAN023_005_558</RouteLinkRef>
        <Direction>inbound</Direction>
        <RunTime>PT60S</RunTime>
      </JourneyPatternTimingLink>
      <JourneyPatternTimingLink id="JPS_ABAN023-3_559">
        <From>
          <StopPointRef>639000462</StopPointRef>
          <TimingStatus>OTH</TimingStatus>
        </From>
        <To>
          <StopPointRef>639000452</StopPointRef>
          <TimingStatus>OTH</TimingStatus>
        </To>
        <RouteLinkRef>ABAN023_005_559</RouteLinkRef>
        <Direction>inbound</Direction>
        <RunTime>PT0S</RunTime>
      </JourneyPatternTimingLink>
      <JourneyPatternTimingLink id="JPS_ABAN023-3_560">
        <From>
          <StopPointRef>639000452</StopPointRef>
          <TimingStatus>OTH</TimingStatus>
        </From>
        <To>
          <StopPointRef>639000442</StopPointRef>
          <TimingStatus>OTH</TimingStatus>
        </To>
        <RouteLinkRef>ABAN023_005_560</RouteLinkRef>
        <Direction>inbound</Direction>
        <RunTime>PT0S</RunTime>
      </JourneyPatternTimingLink>
      <JourneyPatternTimingLink id="JPS_ABAN023-3_561">
        <From>
          <StopPointRef>639000442</StopPointRef>
          <TimingStatus>OTH</TimingStatus>
        </From>
        <To>
          <StopPointRef>639000432</StopPointRef>
          <TimingStatus>OTH</TimingStatus>
        </To>
        <RouteLinkRef>ABAN023_005_561</RouteLinkRef>
        <Direction>inbound</Direction>
        <RunTime>PT60S</RunTime>
      </JourneyPatternTimingLink>
      <JourneyPatternTimingLink id="JPS_ABAN023-3_562">
        <From>
          <StopPointRef>639000432</StopPointRef>
          <TimingStatus>OTH</TimingStatus>
        </From>
        <To>
          <StopPointRef>639000422</StopPointRef>
          <TimingStatus>OTH</TimingStatus>
        </To>
        <RouteLinkRef>ABAN023_005_562</RouteLinkRef>
        <Direction>inbound</Direction>
        <RunTime>PT60S</RunTime>
      </JourneyPatternTimingLink>
      <JourneyPatternTimingLink id="JPS_ABAN023-3_563">
        <From>
          <StopPointRef>639000422</StopPointRef>
          <TimingStatus>OTH</TimingStatus>
        </From>
        <To>
          <StopPointRef>639000412</StopPointRef>
          <TimingStatus>OTH</TimingStatus>
        </To>
        <RouteLinkRef>ABAN023_005_563</RouteLinkRef>
        <Direction>inbound</Direction>
        <RunTime>PT0S</RunTime>
      </JourneyPatternTimingLink>
      <JourneyPatternTimingLink id="JPS_ABAN023-3_564">
        <From>
          <StopPointRef>639000412</StopPointRef>
          <TimingStatus>OTH</TimingStatus>
        </From>
        <To>
          <StopPointRef>639000402</StopPointRef>
          <TimingStatus>OTH</TimingStatus>
        </To>
        <RouteLinkRef>ABAN023_005_564</RouteLinkRef>
        <Direction>inbound</Direction>
        <RunTime>PT60S</RunTime>
      </JourneyPatternTimingLink>
      <JourneyPatternTimingLink id="JPS_ABAN023-3_565">
        <From>
          <StopPointRef>639000402</StopPointRef>
          <TimingStatus>OTH</TimingStatus>
        </From>
        <To>
          <StopPointRef>639000392</StopPointRef>
          <TimingStatus>OTH</TimingStatus>
        </To>
        <RouteLinkRef>ABAN023_005_565</RouteLinkRef>
        <Direction>inbound</Direction>
        <RunTime>PT60S</RunTime>
      </JourneyPatternTimingLink>
      <JourneyPatternTimingLink id="JPS_ABAN023-3_566">
        <From>
          <StopPointRef>639000392</StopPointRef>
          <TimingStatus>OTH</TimingStatus>
        </From>
        <To>
          <StopPointRef>639000382</StopPointRef>
          <TimingStatus>OTH</TimingStatus>
        </To>
        <RouteLinkRef>ABAN023_005_566</RouteLinkRef>
        <Direction>inbound</Direction>
        <RunTime>PT0S</RunTime>
      </JourneyPatternTimingLink>
      <JourneyPatternTimingLink id="JPS_ABAN023-3_567">
        <From>
          <StopPointRef>639000382</StopPointRef>
          <TimingStatus>OTH</TimingStatus>
        </From>
        <To>
          <StopPointRef>639000372</StopPointRef>
          <TimingStatus>OTH</TimingStatus>
        </To>
        <RouteLinkRef>ABAN023_005_567</RouteLinkRef>
        <Direction>inbound</Direction>
        <RunTime>PT60S</RunTime>
      </JourneyPatternTimingLink>
      <JourneyPatternTimingLink id="JPS_ABAN023-3_568">
        <From>
          <StopPointRef>639000372</StopPointRef>
          <TimingStatus>OTH</TimingStatus>
        </From>
        <To>
          <StopPointRef>639000362</StopPointRef>
          <TimingStatus>OTH</TimingStatus>
        </To>
        <RouteLinkRef>ABAN023_005_568</RouteLinkRef>
        <Direction>inbound</Direction>
        <RunTime>PT0S</RunTime>
      </JourneyPatternTimingLink>
      <JourneyPatternTimingLink id="JPS_ABAN023-3_569">
        <From>
          <StopPointRef>639000362</StopPointRef>
          <TimingStatus>OTH</TimingStatus>
        </From>
        <To>
          <StopPointRef>639000352</StopPointRef>
          <TimingStatus>OTH</TimingStatus>
        </To>
        <RouteLinkRef>ABAN023_005_569</RouteLinkRef>
        <Direction>inbound</Direction>
        <RunTime>PT60S</RunTime>
      </JourneyPatternTimingLink>
      <JourneyPatternTimingLink id="JPS_ABAN023-3_570">
        <From>
          <StopPointRef>639000352</StopPointRef>
          <TimingStatus>OTH</TimingStatus>
        </From>
        <To>
          <StopPointRef>639006355</StopPointRef>
          <TimingStatus>PTP</TimingStatus>
        </To>
        <RouteLinkRef>ABAN023_005_570</RouteLinkRef>
        <Direction>inbound</Direction>
        <RunTime>PT60S</RunTime>
      </JourneyPatternTimingLink>
    </JourneyPatternSection>
    <JourneyPatternSection id="JPS_ABAN023-4">
      <JourneyPatternTimingLink id="JPS_ABAN023-4_572">
        <From>
          <StopPointRef>639006452</StopPointRef>
          <TimingStatus>PTP</TimingStatus>
        </From>
        <To>
          <StopPointRef>639006445</StopPointRef>
          <TimingStatus>OTH</TimingStatus>
        </To>
        <RouteLinkRef>ABAN023_004_572</RouteLinkRef>
        <Direction>outbound</Direction>
        <RunTime>PT0S</RunTime>
      </JourneyPatternTimingLink>
      <JourneyPatternTimingLink id="JPS_ABAN023-4_573">
        <From>
          <StopPointRef>639006445</StopPointRef>
          <TimingStatus>OTH</TimingStatus>
        </From>
        <To>
          <StopPointRef>639006437</StopPointRef>
          <TimingStatus>OTH</TimingStatus>
        </To>
        <RouteLinkRef>ABAN023_004_573</RouteLinkRef>
        <Direction>outbound</Direction>
        <RunTime>PT60S</RunTime>
      </JourneyPatternTimingLink>
      <JourneyPatternTimingLink id="JPS_ABAN023-4_574">
        <From>
          <StopPointRef>639006437</StopPointRef>
          <TimingStatus>OTH</TimingStatus>
        </From>
        <To>
          <StopPointRef>639006375</StopPointRef>
          <TimingStatus>OTH</TimingStatus>
        </To>
        <RouteLinkRef>ABAN023_004_574</RouteLinkRef>
        <Direction>outbound</Direction>
        <RunTime>PT60S</RunTime>
      </JourneyPatternTimingLink>
      <JourneyPatternTimingLink id="JPS_ABAN023-4_575">
        <From>
          <StopPointRef>639006375</StopPointRef>
          <TimingStatus>OTH</TimingStatus>
        </From>
        <To>
          <StopPointRef>639006377</StopPointRef>
          <TimingStatus>OTH</TimingStatus>
        </To>
        <RouteLinkRef>ABAN023_004_575</RouteLinkRef>
        <Direction>outbound</Direction>
        <RunTime>PT0S</RunTime>
      </JourneyPatternTimingLink>
      <JourneyPatternTimingLink id="JPS_ABAN023-4_576">
        <From>
          <StopPointRef>639006377</StopPointRef>
          <TimingStatus>OTH</TimingStatus>
        </From>
        <To>
          <StopPointRef>639006365</StopPointRef>
          <TimingStatus>OTH</TimingStatus>
        </To>
        <RouteLinkRef>ABAN023_004_576</RouteLinkRef>
        <Direction>outbound</Direction>
        <RunTime>PT60S</RunTime>
      </JourneyPatternTimingLink>
      <JourneyPatternTimingLink id="JPS_ABAN023-4_577">
        <From>
          <StopPointRef>639006365</StopPointRef>
          <TimingStatus>OTH</TimingStatus>
        </From>
        <To>
          <StopPointRef>639006354</StopPointRef>
          <TimingStatus>OTH</TimingStatus>
        </To>
        <RouteLinkRef>ABAN023_004_577</RouteLinkRef>
        <Direction>outbound</Direction>
        <RunTime>PT60S</RunTime>
      </JourneyPatternTimingLink>
      <JourneyPatternTimingLink id="JPS_ABAN023-4_578">
        <From>
          <StopPointRef>639006354</StopPointRef>
          <TimingStatus>OTH</TimingStatus>
        </From>
        <To>
          <StopPointRef>639000351</StopPointRef>
          <TimingStatus>OTH</TimingStatus>
        </To>
        <RouteLinkRef>ABAN023_004_578</RouteLinkRef>
        <Direction>outbound</Direction>
        <RunTime>PT60S</RunTime>
      </JourneyPatternTimingLink>
      <JourneyPatternTimingLink id="JPS_ABAN023-4_579">
        <From>
          <StopPointRef>639000351</StopPointRef>
          <TimingStatus>OTH</TimingStatus>
        </From>
        <To>
          <StopPointRef>639000361</StopPointRef>
          <TimingStatus>OTH</TimingStatus>
        </To>
        <RouteLinkRef>ABAN023_004_579</RouteLinkRef>
        <Direction>outbound</Direction>
        <RunTime>PT0S</RunTime>
      </JourneyPatternTimingLink>
      <JourneyPatternTimingLink id="JPS_ABAN023-4_580">
        <From>
          <StopPointRef>639000361</StopPointRef>
          <TimingStatus>OTH</TimingStatus>
        </From>
        <To>
          <StopPointRef>639000371</StopPointRef>
          <TimingStatus>OTH</TimingStatus>
        </To>
        <RouteLinkRef>ABAN023_004_580</RouteLinkRef>
        <Direction>outbound</Direction>
        <RunTime>PT60S</RunTime>
      </JourneyPatternTimingLink>
      <JourneyPatternTimingLink id="JPS_ABAN023-4_581">
        <From>
          <StopPointRef>639000371</StopPointRef>
          <TimingStatus>OTH</TimingStatus>
        </From>
        <To>
          <StopPointRef>639000651</StopPointRef>
          <TimingStatus>OTH</TimingStatus>
        </To>
        <RouteLinkRef>ABAN023_004_581</RouteLinkRef>
        <Direction>outbound</Direction>
        <RunTime>PT60S</RunTime>
      </JourneyPatternTimingLink>
      <JourneyPatternTimingLink id="JPS_ABAN023-4_582">
        <From>
          <StopPointRef>639000651</StopPointRef>
          <TimingStatus>OTH</TimingStatus>
        </From>
        <To>
          <StopPointRef>639000661</StopPointRef>
          <TimingStatus>OTH</TimingStatus>
        </To>
        <RouteLinkRef>ABAN023_004_582</RouteLinkRef>
        <Direction>outbound</Direction>
        <RunTime>PT60S</RunTime>
      </JourneyPatternTimingLink>
      <JourneyPatternTimingLink id="JPS_ABAN023-4_583">
        <From>
          <StopPointRef>639000661</StopPointRef>
          <TimingStatus>OTH</TimingStatus>
        </From>
        <To>
          <StopPointRef>639000671</StopPointRef>
          <TimingStatus>OTH</TimingStatus>
        </To>
        <RouteLinkRef>ABAN023_004_583</RouteLinkRef>
        <Direction>outbound</Direction>
        <RunTime>PT0S</RunTime>
      </JourneyPatternTimingLink>
      <JourneyPatternTimingLink id="JPS_ABAN023-4_584">
        <From>
          <StopPointRef>639000671</StopPointRef>
          <TimingStatus>OTH</TimingStatus>
        </From>
        <To>
          <StopPointRef>639000632</StopPointRef>
          <TimingStatus>OTH</TimingStatus>
        </To>
        <RouteLinkRef>ABAN023_004_584</RouteLinkRef>
        <Direction>outbound</Direction>
        <RunTime>PT60S</RunTime>
      </JourneyPatternTimingLink>
      <JourneyPatternTimingLink id="JPS_ABAN023-4_585">
        <From>
          <StopPointRef>639000632</StopPointRef>
          <TimingStatus>OTH</TimingStatus>
        </From>
        <To>
          <StopPointRef>639000681</StopPointRef>
          <TimingStatus>OTH</TimingStatus>
        </To>
        <RouteLinkRef>ABAN023_004_585</RouteLinkRef>
        <Direction>outbound</Direction>
        <RunTime>PT60S</RunTime>
      </JourneyPatternTimingLink>
      <JourneyPatternTimingLink id="JPS_ABAN023-4_586">
        <From>
          <StopPointRef>639000681</StopPointRef>
          <TimingStatus>OTH</TimingStatus>
        </From>
        <To>
          <StopPointRef>639000691</StopPointRef>
          <TimingStatus>OTH</TimingStatus>
        </To>
        <RouteLinkRef>ABAN023_004_586</RouteLinkRef>
        <Direction>outbound</Direction>
        <RunTime>PT0S</RunTime>
      </JourneyPatternTimingLink>
      <JourneyPatternTimingLink id="JPS_ABAN023-4_587">
        <From>
          <StopPointRef>639000691</StopPointRef>
          <TimingStatus>OTH</TimingStatus>
        </From>
        <To>
          <StopPointRef>639000701</StopPointRef>
          <TimingStatus>OTH</TimingStatus>
        </To>
        <RouteLinkRef>ABAN023_004_587</RouteLinkRef>
        <Direction>outbound</Direction>
        <RunTime>PT60S</RunTime>
      </JourneyPatternTimingLink>
      <JourneyPatternTimingLink id="JPS_ABAN023-4_588">
        <From>
          <StopPointRef>639000701</StopPointRef>
          <TimingStatus>OTH</TimingStatus>
        </From>
        <To>
          <StopPointRef>639000711</StopPointRef>
          <TimingStatus>OTH</TimingStatus>
        </To>
        <RouteLinkRef>ABAN023_004_588</RouteLinkRef>
        <Direction>outbound</Direction>
        <RunTime>PT60S</RunTime>
      </JourneyPatternTimingLink>
      <JourneyPatternTimingLink id="JPS_ABAN023-4_589">
        <From>
          <StopPointRef>639000711</StopPointRef>
          <TimingStatus>OTH</TimingStatus>
        </From>
        <To>
          <StopPointRef>639000721</StopPointRef>
          <TimingStatus>PTP</TimingStatus>
        </To>
        <RouteLinkRef>ABAN023_004_589</RouteLinkRef>
        <Direction>outbound</Direction>
        <RunTime>PT60S</RunTime>
      </JourneyPatternTimingLink>
      <JourneyPatternTimingLink id="JPS_ABAN023-4_590">
        <From>
          <StopPointRef>639000721</StopPointRef>
          <TimingStatus>PTP</TimingStatus>
        </From>
        <To>
          <StopPointRef>639000731</StopPointRef>
          <TimingStatus>OTH</TimingStatus>
        </To>
        <RouteLinkRef>ABAN023_004_590</RouteLinkRef>
        <Direction>outbound</Direction>
        <RunTime>PT0S</RunTime>
      </JourneyPatternTimingLink>
      <JourneyPatternTimingLink id="JPS_ABAN023-4_591">
        <From>
          <StopPointRef>639000731</StopPointRef>
          <TimingStatus>OTH</TimingStatus>
        </From>
        <To>
          <StopPointRef>639000741</StopPointRef>
          <TimingStatus>OTH</TimingStatus>
        </To>
        <RouteLinkRef>ABAN023_004_591</RouteLinkRef>
        <Direction>outbound</Direction>
        <RunTime>PT60S</RunTime>
      </JourneyPatternTimingLink>
      <JourneyPatternTimingLink id="JPS_ABAN023-4_592">
        <From>
          <StopPointRef>639000741</StopPointRef>
          <TimingStatus>OTH</TimingStatus>
        </From>
        <To>
          <StopPointRef>639000751</StopPointRef>
          <TimingStatus>OTH</TimingStatus>
        </To>
        <RouteLinkRef>ABAN023_004_592</RouteLinkRef>
        <Direction>outbound</Direction>
        <RunTime>PT60S</RunTime>
      </JourneyPatternTimingLink>
      <JourneyPatternTimingLink id="JPS_ABAN023-4_593">
        <From>
          <StopPointRef>639000751</StopPointRef>
          <TimingStatus>OTH</TimingStatus>
        </From>
        <To>
          <StopPointRef>639000762</StopPointRef>
          <TimingStatus>OTH</TimingStatus>
        </To>
        <RouteLinkRef>ABAN023_004_593</RouteLinkRef>
        <Direction>outbound</Direction>
        <RunTime>PT60S</RunTime>
      </JourneyPatternTimingLink>
      <JourneyPatternTimingLink id="JPS_ABAN023-4_594">
        <From>
          <StopPointRef>639000762</StopPointRef>
          <TimingStatus>OTH</TimingStatus>
        </From>
        <To>
          <StopPointRef>639006161</StopPointRef>
          <TimingStatus>OTH</TimingStatus>
        </To>
        <RouteLinkRef>ABAN023_004_594</RouteLinkRef>
        <Direction>outbound</Direction>
        <RunTime>PT0S</RunTime>
      </JourneyPatternTimingLink>
      <JourneyPatternTimingLink id="JPS_ABAN023-4_595">
        <From>
          <StopPointRef>639006161</StopPointRef>
          <TimingStatus>OTH</TimingStatus>
        </From>
        <To>
          <StopPointRef>639000771</StopPointRef>
          <TimingStatus>OTH</TimingStatus>
        </To>
        <RouteLinkRef>ABAN023_004_595</RouteLinkRef>
        <Direction>outbound</Direction>
        <RunTime>PT60S</RunTime>
      </JourneyPatternTimingLink>
      <JourneyPatternTimingLink id="JPS_ABAN023-4_596">
        <From>
          <StopPointRef>639000771</StopPointRef>
          <TimingStatus>OTH</TimingStatus>
        </From>
        <To>
          <StopPointRef>639000782</StopPointRef>
          <TimingStatus>OTH</TimingStatus>
        </To>
        <RouteLinkRef>ABAN023_004_596</RouteLinkRef>
        <Direction>outbound</Direction>
        <RunTime>PT60S</RunTime>
      </JourneyPatternTimingLink>
      <JourneyPatternTimingLink id="JPS_ABAN023-4_597">
        <From>
          <StopPointRef>639000782</StopPointRef>
          <TimingStatus>OTH</TimingStatus>
        </From>
        <To>
          <StopPointRef>639006181</StopPointRef>
          <TimingStatus>OTH</TimingStatus>
        </To>
        <RouteLinkRef>ABAN023_004_597</RouteLinkRef>
        <Direction>outbound</Direction>
        <RunTime>PT0S</RunTime>
      </JourneyPatternTimingLink>
      <JourneyPatternTimingLink id="JPS_ABAN023-4_598">
        <From>
          <StopPointRef>639006181</StopPointRef>
          <TimingStatus>OTH</TimingStatus>
        </From>
        <To>
          <StopPointRef>639000791</StopPointRef>
          <TimingStatus>OTH</TimingStatus>
        </To>
        <RouteLinkRef>ABAN023_004_598</RouteLinkRef>
        <Direction>outbound</Direction>
        <RunTime>PT60S</RunTime>
      </JourneyPatternTimingLink>
      <JourneyPatternTimingLink id="JPS_ABAN023-4_599">
        <From>
          <StopPointRef>639000791</StopPointRef>
          <TimingStatus>OTH</TimingStatus>
        </From>
        <To>
          <StopPointRef>639000801</StopPointRef>
          <TimingStatus>OTH</TimingStatus>
        </To>
        <RouteLinkRef>ABAN023_004_599</RouteLinkRef>
        <Direction>outbound</Direction>
        <RunTime>PT60S</RunTime>
      </JourneyPatternTimingLink>
      <JourneyPatternTimingLink id="JPS_ABAN023-4_600">
        <From>
          <StopPointRef>639000801</StopPointRef>
          <TimingStatus>OTH</TimingStatus>
        </From>
        <To>
          <StopPointRef>639000811</StopPointRef>
          <TimingStatus>OTH</TimingStatus>
        </To>
        <RouteLinkRef>ABAN023_004_600</RouteLinkRef>
        <Direction>outbound</Direction>
        <RunTime>PT0S</RunTime>
      </JourneyPatternTimingLink>
      <JourneyPatternTimingLink id="JPS_ABAN023-4_601">
        <From>
          <StopPointRef>639000811</StopPointRef>
          <TimingStatus>OTH</TimingStatus>
        </From>
        <To>
          <StopPointRef>639000871</StopPointRef>
          <TimingStatus>OTH</TimingStatus>
        </To>
        <RouteLinkRef>ABAN023_004_601</RouteLinkRef>
        <Direction>outbound</Direction>
        <RunTime>PT60S</RunTime>
      </JourneyPatternTimingLink>
      <JourneyPatternTimingLink id="JPS_ABAN023-4_602">
        <From>
          <StopPointRef>639000871</StopPointRef>
          <TimingStatus>OTH</TimingStatus>
        </From>
        <To>
          <StopPointRef>639000821</StopPointRef>
          <TimingStatus>OTH</TimingStatus>
        </To>
        <RouteLinkRef>ABAN023_004_602</RouteLinkRef>
        <Direction>outbound</Direction>
        <RunTime>PT0S</RunTime>
      </JourneyPatternTimingLink>
      <JourneyPatternTimingLink id="JPS_ABAN023-4_603">
        <From>
          <StopPointRef>639000821</StopPointRef>
          <TimingStatus>OTH</TimingStatus>
        </From>
        <To>
          <StopPointRef>639007311</StopPointRef>
          <TimingStatus>OTH</TimingStatus>
        </To>
        <RouteLinkRef>ABAN023_004_603</RouteLinkRef>
        <Direction>outbound</Direction>
        <RunTime>PT120S</RunTime>
      </JourneyPatternTimingLink>
      <JourneyPatternTimingLink id="JPS_ABAN023-4_604">
        <From>
          <StopPointRef>639007311</StopPointRef>
          <TimingStatus>OTH</TimingStatus>
        </From>
        <To>
          <StopPointRef>639000841</StopPointRef>
          <TimingStatus>OTH</TimingStatus>
        </To>
        <RouteLinkRef>ABAN023_004_604</RouteLinkRef>
        <Direction>outbound</Direction>
        <RunTime>PT0S</RunTime>
      </JourneyPatternTimingLink>
      <JourneyPatternTimingLink id="JPS_ABAN023-4_605">
        <From>
          <StopPointRef>639000841</StopPointRef>
          <TimingStatus>OTH</TimingStatus>
        </From>
        <To>
          <StopPointRef>639000851</StopPointRef>
          <TimingStatus>PTP</TimingStatus>
        </To>
        <RouteLinkRef>ABAN023_004_605</RouteLinkRef>
        <Direction>outbound</Direction>
        <RunTime>PT120S</RunTime>
      </JourneyPatternTimingLink>
      <JourneyPatternTimingLink id="JPS_ABAN023-4_606">
        <From>
          <StopPointRef>639000851</StopPointRef>
          <TimingStatus>PTP</TimingStatus>
        </From>
        <To>
          <StopPointRef>639005424</StopPointRef>
          <TimingStatus>OTH</TimingStatus>
        </To>
        <RouteLinkRef>ABAN023_004_606</RouteLinkRef>
        <Direction>outbound</Direction>
        <RunTime>PT60S</RunTime>
      </JourneyPatternTimingLink>
      <JourneyPatternTimingLink id="JPS_ABAN023-4_607">
        <From>
          <StopPointRef>639005424</StopPointRef>
          <TimingStatus>OTH</TimingStatus>
        </From>
        <To>
          <StopPointRef>639005752</StopPointRef>
          <TimingStatus>OTH</TimingStatus>
        </To>
        <RouteLinkRef>ABAN023_004_607</RouteLinkRef>
        <Direction>outbound</Direction>
        <RunTime>PT180S</RunTime>
      </JourneyPatternTimingLink>
      <JourneyPatternTimingLink id="JPS_ABAN023-4_608">
        <From>
          <StopPointRef>639005752</StopPointRef>
          <TimingStatus>OTH</TimingStatus>
        </From>
        <To>
          <StopPointRef>639005652</StopPointRef>
          <TimingStatus>OTH</TimingStatus>
        </To>
        <RouteLinkRef>ABAN023_004_608</RouteLinkRef>
        <Direction>outbound</Direction>
        <RunTime>PT60S</RunTime>
      </JourneyPatternTimingLink>
      <JourneyPatternTimingLink id="JPS_ABAN023-4_609">
        <From>
          <StopPointRef>639005652</StopPointRef>
          <TimingStatus>OTH</TimingStatus>
        </From>
        <To>
          <StopPointRef>639005661</StopPointRef>
          <TimingStatus>OTH</TimingStatus>
        </To>
        <RouteLinkRef>ABAN023_004_609</RouteLinkRef>
        <Direction>outbound</Direction>
        <RunTime>PT0S</RunTime>
      </JourneyPatternTimingLink>
      <JourneyPatternTimingLink id="JPS_ABAN023-4_610">
        <From>
          <StopPointRef>639005661</StopPointRef>
          <TimingStatus>OTH</TimingStatus>
        </From>
        <To>
          <StopPointRef>639008602</StopPointRef>
          <TimingStatus>OTH</TimingStatus>
        </To>
        <RouteLinkRef>ABAN023_004_610</RouteLinkRef>
        <Direction>outbound</Direction>
        <RunTime>PT120S</RunTime>
      </JourneyPatternTimingLink>
      <JourneyPatternTimingLink id="JPS_ABAN023-4_611">
        <From>
          <StopPointRef>639008602</StopPointRef>
          <TimingStatus>OTH</TimingStatus>
        </From>
        <To>
          <StopPointRef>639005691</StopPointRef>
          <TimingStatus>OTH</TimingStatus>
        </To>
        <RouteLinkRef>ABAN023_004_611</RouteLinkRef>
        <Direction>outbound</Direction>
        <RunTime>PT0S</RunTime>
      </JourneyPatternTimingLink>
      <JourneyPatternTimingLink id="JPS_ABAN023-4_612">
        <From>
          <StopPointRef>639005691</StopPointRef>
          <TimingStatus>OTH</TimingStatus>
        </From>
        <To>
          <StopPointRef>639005871</StopPointRef>
          <TimingStatus>OTH</TimingStatus>
        </To>
        <RouteLinkRef>ABAN023_004_612</RouteLinkRef>
        <Direction>outbound</Direction>
        <RunTime>PT60S</RunTime>
      </JourneyPatternTimingLink>
      <JourneyPatternTimingLink id="JPS_ABAN023-4_613">
        <From>
          <StopPointRef>639005871</StopPointRef>
          <TimingStatus>OTH</TimingStatus>
        </From>
        <To>
          <StopPointRef>639005881</StopPointRef>
          <TimingStatus>OTH</TimingStatus>
        </To>
        <RouteLinkRef>ABAN023_004_613</RouteLinkRef>
        <Direction>outbound</Direction>
        <RunTime>PT60S</RunTime>
      </JourneyPatternTimingLink>
      <JourneyPatternTimingLink id="JPS_ABAN023-4_614">
        <From>
          <StopPointRef>639005881</StopPointRef>
          <TimingStatus>OTH</TimingStatus>
        </From>
        <To>
          <StopPointRef>639005891</StopPointRef>
          <TimingStatus>OTH</TimingStatus>
        </To>
        <RouteLinkRef>ABAN023_004_614</RouteLinkRef>
        <Direction>outbound</Direction>
        <RunTime>PT0S</RunTime>
      </JourneyPatternTimingLink>
      <JourneyPatternTimingLink id="JPS_ABAN023-4_615">
        <From>
          <StopPointRef>639005891</StopPointRef>
          <TimingStatus>OTH</TimingStatus>
        </From>
        <To>
          <StopPointRef>639006001</StopPointRef>
          <TimingStatus>OTH</TimingStatus>
        </To>
        <RouteLinkRef>ABAN023_004_615</RouteLinkRef>
        <Direction>outbound</Direction>
        <RunTime>PT60S</RunTime>
      </JourneyPatternTimingLink>
      <JourneyPatternTimingLink id="JPS_ABAN023-4_616">
        <From>
          <StopPointRef>639006001</StopPointRef>
          <TimingStatus>OTH</TimingStatus>
        </From>
        <To>
          <StopPointRef>639006011</StopPointRef>
          <TimingStatus>PTP</TimingStatus>
        </To>
        <RouteLinkRef>ABAN023_004_616</RouteLinkRef>
        <Direction>outbound</Direction>
        <RunTime>PT60S</RunTime>
      </JourneyPatternTimingLink>
    </JourneyPatternSection>
    <JourneyPatternSection id="JPS_ABAN023-5">
      <JourneyPatternTimingLink id="JPS_ABAN023-5_572">
        <From>
          <StopPointRef>639006452</StopPointRef>
          <TimingStatus>PTP</TimingStatus>
        </From>
        <To>
          <StopPointRef>639006445</StopPointRef>
          <TimingStatus>OTH</TimingStatus>
        </To>
        <RouteLinkRef>ABAN023_004_572</RouteLinkRef>
        <Direction>outbound</Direction>
        <RunTime>PT0S</RunTime>
      </JourneyPatternTimingLink>
      <JourneyPatternTimingLink id="JPS_ABAN023-5_573">
        <From>
          <StopPointRef>639006445</StopPointRef>
          <TimingStatus>OTH</TimingStatus>
        </From>
        <To>
          <StopPointRef>639006437</StopPointRef>
          <TimingStatus>OTH</TimingStatus>
        </To>
        <RouteLinkRef>ABAN023_004_573</RouteLinkRef>
        <Direction>outbound</Direction>
        <RunTime>PT60S</RunTime>
      </JourneyPatternTimingLink>
      <JourneyPatternTimingLink id="JPS_ABAN023-5_574">
        <From>
          <StopPointRef>639006437</StopPointRef>
          <TimingStatus>OTH</TimingStatus>
        </From>
        <To>
          <StopPointRef>639006375</StopPointRef>
          <TimingStatus>OTH</TimingStatus>
        </To>
        <RouteLinkRef>ABAN023_004_574</RouteLinkRef>
        <Direction>outbound</Direction>
        <RunTime>PT0S</RunTime>
      </JourneyPatternTimingLink>
      <JourneyPatternTimingLink id="JPS_ABAN023-5_575">
        <From>
          <StopPointRef>639006375</StopPointRef>
          <TimingStatus>OTH</TimingStatus>
        </From>
        <To>
          <StopPointRef>639006377</StopPointRef>
          <TimingStatus>OTH</TimingStatus>
        </To>
        <RouteLinkRef>ABAN023_004_575</RouteLinkRef>
        <Direction>outbound</Direction>
        <RunTime>PT60S</RunTime>
      </JourneyPatternTimingLink>
      <JourneyPatternTimingLink id="JPS_ABAN023-5_576">
        <From>
          <StopPointRef>639006377</StopPointRef>
          <TimingStatus>OTH</TimingStatus>
        </From>
        <To>
          <StopPointRef>639006365</StopPointRef>
          <TimingStatus>OTH</TimingStatus>
        </To>
        <RouteLinkRef>ABAN023_004_576</RouteLinkRef>
        <Direction>outbound</Direction>
        <RunTime>PT0S</RunTime>
      </JourneyPatternTimingLink>
      <JourneyPatternTimingLink id="JPS_ABAN023-5_577">
        <From>
          <StopPointRef>639006365</StopPointRef>
          <TimingStatus>OTH</TimingStatus>
        </From>
        <To>
          <StopPointRef>639006354</StopPointRef>
          <TimingStatus>OTH</TimingStatus>
        </To>
        <RouteLinkRef>ABAN023_004_577</RouteLinkRef>
        <Direction>outbound</Direction>
        <RunTime>PT120S</RunTime>
      </JourneyPatternTimingLink>
      <JourneyPatternTimingLink id="JPS_ABAN023-5_578">
        <From>
          <StopPointRef>639006354</StopPointRef>
          <TimingStatus>OTH</TimingStatus>
        </From>
        <To>
          <StopPointRef>639000351</StopPointRef>
          <TimingStatus>OTH</TimingStatus>
        </To>
        <RouteLinkRef>ABAN023_004_578</RouteLinkRef>
        <Direction>outbound</Direction>
        <RunTime>PT0S</RunTime>
      </JourneyPatternTimingLink>
      <JourneyPatternTimingLink id="JPS_ABAN023-5_579">
        <From>
          <StopPointRef>639000351</StopPointRef>
          <TimingStatus>OTH</TimingStatus>
        </From>
        <To>
          <StopPointRef>639000361</StopPointRef>
          <TimingStatus>OTH</TimingStatus>
        </To>
        <RouteLinkRef>ABAN023_004_579</RouteLinkRef>
        <Direction>outbound</Direction>
        <RunTime>PT60S</RunTime>
      </JourneyPatternTimingLink>
      <JourneyPatternTimingLink id="JPS_ABAN023-5_580">
        <From>
          <StopPointRef>639000361</StopPointRef>
          <TimingStatus>OTH</TimingStatus>
        </From>
        <To>
          <StopPointRef>639000371</StopPointRef>
          <TimingStatus>OTH</TimingStatus>
        </To>
        <RouteLinkRef>ABAN023_004_580</RouteLinkRef>
        <Direction>outbound</Direction>
        <RunTime>PT60S</RunTime>
      </JourneyPatternTimingLink>
      <JourneyPatternTimingLink id="JPS_ABAN023-5_581">
        <From>
          <StopPointRef>639000371</StopPointRef>
          <TimingStatus>OTH</TimingStatus>
        </From>
        <To>
          <StopPointRef>639000651</StopPointRef>
          <TimingStatus>OTH</TimingStatus>
        </To>
        <RouteLinkRef>ABAN023_004_581</RouteLinkRef>
        <Direction>outbound</Direction>
        <RunTime>PT60S</RunTime>
      </JourneyPatternTimingLink>
      <JourneyPatternTimingLink id="JPS_ABAN023-5_582">
        <From>
          <StopPointRef>639000651</StopPointRef>
          <TimingStatus>OTH</TimingStatus>
        </From>
        <To>
          <StopPointRef>639000661</StopPointRef>
          <TimingStatus>OTH</TimingStatus>
        </To>
        <RouteLinkRef>ABAN023_004_582</RouteLinkRef>
        <Direction>outbound</Direction>
        <RunTime>PT60S</RunTime>
      </JourneyPatternTimingLink>
      <JourneyPatternTimingLink id="JPS_ABAN023-5_583">
        <From>
          <StopPointRef>639000661</StopPointRef>
          <TimingStatus>OTH</TimingStatus>
        </From>
        <To>
          <StopPointRef>639000671</StopPointRef>
          <TimingStatus>OTH</TimingStatus>
        </To>
        <RouteLinkRef>ABAN023_004_583</RouteLinkRef>
        <Direction>outbound</Direction>
        <RunTime>PT0S</RunTime>
      </JourneyPatternTimingLink>
      <JourneyPatternTimingLink id="JPS_ABAN023-5_584">
        <From>
          <StopPointRef>639000671</StopPointRef>
          <TimingStatus>OTH</TimingStatus>
        </From>
        <To>
          <StopPointRef>639000632</StopPointRef>
          <TimingStatus>OTH</TimingStatus>
        </To>
        <RouteLinkRef>ABAN023_004_584</RouteLinkRef>
        <Direction>outbound</Direction>
        <RunTime>PT60S</RunTime>
      </JourneyPatternTimingLink>
      <JourneyPatternTimingLink id="JPS_ABAN023-5_585">
        <From>
          <StopPointRef>639000632</StopPointRef>
          <TimingStatus>OTH</TimingStatus>
        </From>
        <To>
          <StopPointRef>639000681</StopPointRef>
          <TimingStatus>OTH</TimingStatus>
        </To>
        <RouteLinkRef>ABAN023_004_585</RouteLinkRef>
        <Direction>outbound</Direction>
        <RunTime>PT60S</RunTime>
      </JourneyPatternTimingLink>
      <JourneyPatternTimingLink id="JPS_ABAN023-5_586">
        <From>
          <StopPointRef>639000681</StopPointRef>
          <TimingStatus>OTH</TimingStatus>
        </From>
        <To>
          <StopPointRef>639000691</StopPointRef>
          <TimingStatus>OTH</TimingStatus>
        </To>
        <RouteLinkRef>ABAN023_004_586</RouteLinkRef>
        <Direction>outbound</Direction>
        <RunTime>PT0S</RunTime>
      </JourneyPatternTimingLink>
      <JourneyPatternTimingLink id="JPS_ABAN023-5_587">
        <From>
          <StopPointRef>639000691</StopPointRef>
          <TimingStatus>OTH</TimingStatus>
        </From>
        <To>
          <StopPointRef>639000701</StopPointRef>
          <TimingStatus>OTH</TimingStatus>
        </To>
        <RouteLinkRef>ABAN023_004_587</RouteLinkRef>
        <Direction>outbound</Direction>
        <RunTime>PT60S</RunTime>
      </JourneyPatternTimingLink>
      <JourneyPatternTimingLink id="JPS_ABAN023-5_588">
        <From>
          <StopPointRef>639000701</StopPointRef>
          <TimingStatus>OTH</TimingStatus>
        </From>
        <To>
          <StopPointRef>639000711</StopPointRef>
          <TimingStatus>OTH</TimingStatus>
        </To>
        <RouteLinkRef>ABAN023_004_588</RouteLinkRef>
        <Direction>outbound</Direction>
        <RunTime>PT60S</RunTime>
      </JourneyPatternTimingLink>
      <JourneyPatternTimingLink id="JPS_ABAN023-5_589">
        <From>
          <StopPointRef>639000711</StopPointRef>
          <TimingStatus>OTH</TimingStatus>
        </From>
        <To>
          <StopPointRef>639000721</StopPointRef>
          <TimingStatus>PTP</TimingStatus>
        </To>
        <RouteLinkRef>ABAN023_004_589</RouteLinkRef>
        <Direction>outbound</Direction>
        <RunTime>PT60S</RunTime>
      </JourneyPatternTimingLink>
      <JourneyPatternTimingLink id="JPS_ABAN023-5_590">
        <From>
          <StopPointRef>639000721</StopPointRef>
          <TimingStatus>PTP</TimingStatus>
        </From>
        <To>
          <StopPointRef>639000731</StopPointRef>
          <TimingStatus>OTH</TimingStatus>
        </To>
        <RouteLinkRef>ABAN023_004_590</RouteLinkRef>
        <Direction>outbound</Direction>
        <RunTime>PT0S</RunTime>
      </JourneyPatternTimingLink>
      <JourneyPatternTimingLink id="JPS_ABAN023-5_591">
        <From>
          <StopPointRef>639000731</StopPointRef>
          <TimingStatus>OTH</TimingStatus>
        </From>
        <To>
          <StopPointRef>639000741</StopPointRef>
          <TimingStatus>OTH</TimingStatus>
        </To>
        <RouteLinkRef>ABAN023_004_591</RouteLinkRef>
        <Direction>outbound</Direction>
        <RunTime>PT60S</RunTime>
      </JourneyPatternTimingLink>
      <JourneyPatternTimingLink id="JPS_ABAN023-5_592">
        <From>
          <StopPointRef>639000741</StopPointRef>
          <TimingStatus>OTH</TimingStatus>
        </From>
        <To>
          <StopPointRef>639000751</StopPointRef>
          <TimingStatus>OTH</TimingStatus>
        </To>
        <RouteLinkRef>ABAN023_004_592</RouteLinkRef>
        <Direction>outbound</Direction>
        <RunTime>PT60S</RunTime>
      </JourneyPatternTimingLink>
      <JourneyPatternTimingLink id="JPS_ABAN023-5_593">
        <From>
          <StopPointRef>639000751</StopPointRef>
          <TimingStatus>OTH</TimingStatus>
        </From>
        <To>
          <StopPointRef>639000762</StopPointRef>
          <TimingStatus>OTH</TimingStatus>
        </To>
        <RouteLinkRef>ABAN023_004_593</RouteLinkRef>
        <Direction>outbound</Direction>
        <RunTime>PT60S</RunTime>
      </JourneyPatternTimingLink>
      <JourneyPatternTimingLink id="JPS_ABAN023-5_594">
        <From>
          <StopPointRef>639000762</StopPointRef>
          <TimingStatus>OTH</TimingStatus>
        </From>
        <To>
          <StopPointRef>639006161</StopPointRef>
          <TimingStatus>OTH</TimingStatus>
        </To>
        <RouteLinkRef>ABAN023_004_594</RouteLinkRef>
        <Direction>outbound</Direction>
        <RunTime>PT0S</RunTime>
      </JourneyPatternTimingLink>
      <JourneyPatternTimingLink id="JPS_ABAN023-5_595">
        <From>
          <StopPointRef>639006161</StopPointRef>
          <TimingStatus>OTH</TimingStatus>
        </From>
        <To>
          <StopPointRef>639000771</StopPointRef>
          <TimingStatus>OTH</TimingStatus>
        </To>
        <RouteLinkRef>ABAN023_004_595</RouteLinkRef>
        <Direction>outbound</Direction>
        <RunTime>PT60S</RunTime>
      </JourneyPatternTimingLink>
      <JourneyPatternTimingLink id="JPS_ABAN023-5_596">
        <From>
          <StopPointRef>639000771</StopPointRef>
          <TimingStatus>OTH</TimingStatus>
        </From>
        <To>
          <StopPointRef>639000782</StopPointRef>
          <TimingStatus>OTH</TimingStatus>
        </To>
        <RouteLinkRef>ABAN023_004_596</RouteLinkRef>
        <Direction>outbound</Direction>
        <RunTime>PT60S</RunTime>
      </JourneyPatternTimingLink>
      <JourneyPatternTimingLink id="JPS_ABAN023-5_597">
        <From>
          <StopPointRef>639000782</StopPointRef>
          <TimingStatus>OTH</TimingStatus>
        </From>
        <To>
          <StopPointRef>639006181</StopPointRef>
          <TimingStatus>OTH</TimingStatus>
        </To>
        <RouteLinkRef>ABAN023_004_597</RouteLinkRef>
        <Direction>outbound</Direction>
        <RunTime>PT0S</RunTime>
      </JourneyPatternTimingLink>
      <JourneyPatternTimingLink id="JPS_ABAN023-5_598">
        <From>
          <StopPointRef>639006181</StopPointRef>
          <TimingStatus>OTH</TimingStatus>
        </From>
        <To>
          <StopPointRef>639000791</StopPointRef>
          <TimingStatus>OTH</TimingStatus>
        </To>
        <RouteLinkRef>ABAN023_004_598</RouteLinkRef>
        <Direction>outbound</Direction>
        <RunTime>PT60S</RunTime>
      </JourneyPatternTimingLink>
      <JourneyPatternTimingLink id="JPS_ABAN023-5_599">
        <From>
          <StopPointRef>639000791</StopPointRef>
          <TimingStatus>OTH</TimingStatus>
        </From>
        <To>
          <StopPointRef>639000801</StopPointRef>
          <TimingStatus>OTH</TimingStatus>
        </To>
        <RouteLinkRef>ABAN023_004_599</RouteLinkRef>
        <Direction>outbound</Direction>
        <RunTime>PT60S</RunTime>
      </JourneyPatternTimingLink>
      <JourneyPatternTimingLink id="JPS_ABAN023-5_600">
        <From>
          <StopPointRef>639000801</StopPointRef>
          <TimingStatus>OTH</TimingStatus>
        </From>
        <To>
          <StopPointRef>639000811</StopPointRef>
          <TimingStatus>OTH</TimingStatus>
        </To>
        <RouteLinkRef>ABAN023_004_600</RouteLinkRef>
        <Direction>outbound</Direction>
        <RunTime>PT0S</RunTime>
      </JourneyPatternTimingLink>
      <JourneyPatternTimingLink id="JPS_ABAN023-5_601">
        <From>
          <StopPointRef>639000811</StopPointRef>
          <TimingStatus>OTH</TimingStatus>
        </From>
        <To>
          <StopPointRef>639000871</StopPointRef>
          <TimingStatus>OTH</TimingStatus>
        </To>
        <RouteLinkRef>ABAN023_004_601</RouteLinkRef>
        <Direction>outbound</Direction>
        <RunTime>PT60S</RunTime>
      </JourneyPatternTimingLink>
      <JourneyPatternTimingLink id="JPS_ABAN023-5_602">
        <From>
          <StopPointRef>639000871</StopPointRef>
          <TimingStatus>OTH</TimingStatus>
        </From>
        <To>
          <StopPointRef>639000821</StopPointRef>
          <TimingStatus>OTH</TimingStatus>
        </To>
        <RouteLinkRef>ABAN023_004_602</RouteLinkRef>
        <Direction>outbound</Direction>
        <RunTime>PT0S</RunTime>
      </JourneyPatternTimingLink>
      <JourneyPatternTimingLink id="JPS_ABAN023-5_603">
        <From>
          <StopPointRef>639000821</StopPointRef>
          <TimingStatus>OTH</TimingStatus>
        </From>
        <To>
          <StopPointRef>639007311</StopPointRef>
          <TimingStatus>OTH</TimingStatus>
        </To>
        <RouteLinkRef>ABAN023_004_603</RouteLinkRef>
        <Direction>outbound</Direction>
        <RunTime>PT120S</RunTime>
      </JourneyPatternTimingLink>
      <JourneyPatternTimingLink id="JPS_ABAN023-5_604">
        <From>
          <StopPointRef>639007311</StopPointRef>
          <TimingStatus>OTH</TimingStatus>
        </From>
        <To>
          <StopPointRef>639000841</StopPointRef>
          <TimingStatus>OTH</TimingStatus>
        </To>
        <RouteLinkRef>ABAN023_004_604</RouteLinkRef>
        <Direction>outbound</Direction>
        <RunTime>PT0S</RunTime>
      </JourneyPatternTimingLink>
      <JourneyPatternTimingLink id="JPS_ABAN023-5_605">
        <From>
          <StopPointRef>639000841</StopPointRef>
          <TimingStatus>OTH</TimingStatus>
        </From>
        <To>
          <StopPointRef>639000851</StopPointRef>
          <TimingStatus>PTP</TimingStatus>
        </To>
        <RouteLinkRef>ABAN023_004_605</RouteLinkRef>
        <Direction>outbound</Direction>
        <RunTime>PT120S</RunTime>
      </JourneyPatternTimingLink>
      <JourneyPatternTimingLink id="JPS_ABAN023-5_606">
        <From>
          <StopPointRef>639000851</StopPointRef>
          <TimingStatus>PTP</TimingStatus>
        </From>
        <To>
          <StopPointRef>639005424</StopPointRef>
          <TimingStatus>OTH</TimingStatus>
        </To>
        <RouteLinkRef>ABAN023_004_606</RouteLinkRef>
        <Direction>outbound</Direction>
        <RunTime>PT60S</RunTime>
      </JourneyPatternTimingLink>
      <JourneyPatternTimingLink id="JPS_ABAN023-5_607">
        <From>
          <StopPointRef>639005424</StopPointRef>
          <TimingStatus>OTH</TimingStatus>
        </From>
        <To>
          <StopPointRef>639005752</StopPointRef>
          <TimingStatus>OTH</TimingStatus>
        </To>
        <RouteLinkRef>ABAN023_004_607</RouteLinkRef>
        <Direction>outbound</Direction>
        <RunTime>PT180S</RunTime>
      </JourneyPatternTimingLink>
      <JourneyPatternTimingLink id="JPS_ABAN023-5_608">
        <From>
          <StopPointRef>639005752</StopPointRef>
          <TimingStatus>OTH</TimingStatus>
        </From>
        <To>
          <StopPointRef>639005652</StopPointRef>
          <TimingStatus>OTH</TimingStatus>
        </To>
        <RouteLinkRef>ABAN023_004_608</RouteLinkRef>
        <Direction>outbound</Direction>
        <RunTime>PT60S</RunTime>
      </JourneyPatternTimingLink>
      <JourneyPatternTimingLink id="JPS_ABAN023-5_609">
        <From>
          <StopPointRef>639005652</StopPointRef>
          <TimingStatus>OTH</TimingStatus>
        </From>
        <To>
          <StopPointRef>639005661</StopPointRef>
          <TimingStatus>OTH</TimingStatus>
        </To>
        <RouteLinkRef>ABAN023_004_609</RouteLinkRef>
        <Direction>outbound</Direction>
        <RunTime>PT0S</RunTime>
      </JourneyPatternTimingLink>
      <JourneyPatternTimingLink id="JPS_ABAN023-5_610">
        <From>
          <StopPointRef>639005661</StopPointRef>
          <TimingStatus>OTH</TimingStatus>
        </From>
        <To>
          <StopPointRef>639008602</StopPointRef>
          <TimingStatus>OTH</TimingStatus>
        </To>
        <RouteLinkRef>ABAN023_004_610</RouteLinkRef>
        <Direction>outbound</Direction>
        <RunTime>PT120S</RunTime>
      </JourneyPatternTimingLink>
      <JourneyPatternTimingLink id="JPS_ABAN023-5_611">
        <From>
          <StopPointRef>639008602</StopPointRef>
          <TimingStatus>OTH</TimingStatus>
        </From>
        <To>
          <StopPointRef>639005691</StopPointRef>
          <TimingStatus>OTH</TimingStatus>
        </To>
        <RouteLinkRef>ABAN023_004_611</RouteLinkRef>
        <Direction>outbound</Direction>
        <RunTime>PT0S</RunTime>
      </JourneyPatternTimingLink>
      <JourneyPatternTimingLink id="JPS_ABAN023-5_612">
        <From>
          <StopPointRef>639005691</StopPointRef>
          <TimingStatus>OTH</TimingStatus>
        </From>
        <To>
          <StopPointRef>639005871</StopPointRef>
          <TimingStatus>OTH</TimingStatus>
        </To>
        <RouteLinkRef>ABAN023_004_612</RouteLinkRef>
        <Direction>outbound</Direction>
        <RunTime>PT60S</RunTime>
      </JourneyPatternTimingLink>
      <JourneyPatternTimingLink id="JPS_ABAN023-5_613">
        <From>
          <StopPointRef>639005871</StopPointRef>
          <TimingStatus>OTH</TimingStatus>
        </From>
        <To>
          <StopPointRef>639005881</StopPointRef>
          <TimingStatus>OTH</TimingStatus>
        </To>
        <RouteLinkRef>ABAN023_004_613</RouteLinkRef>
        <Direction>outbound</Direction>
        <RunTime>PT60S</RunTime>
      </JourneyPatternTimingLink>
      <JourneyPatternTimingLink id="JPS_ABAN023-5_614">
        <From>
          <StopPointRef>639005881</StopPointRef>
          <TimingStatus>OTH</TimingStatus>
        </From>
        <To>
          <StopPointRef>639005891</StopPointRef>
          <TimingStatus>OTH</TimingStatus>
        </To>
        <RouteLinkRef>ABAN023_004_614</RouteLinkRef>
        <Direction>outbound</Direction>
        <RunTime>PT0S</RunTime>
      </JourneyPatternTimingLink>
      <JourneyPatternTimingLink id="JPS_ABAN023-5_615">
        <From>
          <StopPointRef>639005891</StopPointRef>
          <TimingStatus>OTH</TimingStatus>
        </From>
        <To>
          <StopPointRef>639006001</StopPointRef>
          <TimingStatus>OTH</TimingStatus>
        </To>
        <RouteLinkRef>ABAN023_004_615</RouteLinkRef>
        <Direction>outbound</Direction>
        <RunTime>PT60S</RunTime>
      </JourneyPatternTimingLink>
      <JourneyPatternTimingLink id="JPS_ABAN023-5_616">
        <From>
          <StopPointRef>639006001</StopPointRef>
          <TimingStatus>OTH</TimingStatus>
        </From>
        <To>
          <StopPointRef>639006011</StopPointRef>
          <TimingStatus>PTP</TimingStatus>
        </To>
        <RouteLinkRef>ABAN023_004_616</RouteLinkRef>
        <Direction>outbound</Direction>
        <RunTime>PT60S</RunTime>
      </JourneyPatternTimingLink>
    </JourneyPatternSection>
  </JourneyPatternSections>
  <Operators>
    <Operator id="FAB">
      <NationalOperatorCode>FABD</NationalOperatorCode>
      <OperatorCode>FAB</OperatorCode>
      <OperatorShortName>First Aberdeen</OperatorShortName>
    </Operator>
  </Operators>
  <Services>
    <Service>
      <ServiceCode>ABAN023</ServiceCode>
      <Lines>
        <Line id="0">
          <LineName>N23</LineName>
        </Line>
      </Lines>
      <OperatingPeriod>
        <StartDate>2019-04-13</StartDate>
        <EndDate>2020-10-28</EndDate>
      </OperatingPeriod>
      <RegisteredOperatorRef>FAB</RegisteredOperatorRef>
      <StopRequirements>
        <NoNewStopsRequired />
      </StopRequirements>
      <Mode>bus</Mode>
      <Description>Aberdeen - Kingswells</Description>
      <StandardService>
        <Origin>Aberdeen</Origin>
        <Destination>Kingswells</Destination>
        <JourneyPattern id="JPS_ABAN023-3">
          <Direction>inbound</Direction>
          <JourneyPatternSectionRefs>JPS_ABAN023-3</JourneyPatternSectionRefs>
        </JourneyPattern>
        <JourneyPattern id="JPS_ABAN023-4">
          <Direction>outbound</Direction>
          <JourneyPatternSectionRefs>JPS_ABAN023-4</JourneyPatternSectionRefs>
        </JourneyPattern>
        <JourneyPattern id="JPS_ABAN023-5">
          <Direction>outbound</Direction>
          <JourneyPatternSectionRefs>JPS_ABAN023-5</JourneyPatternSectionRefs>
        </JourneyPattern>
      </StandardService>
    </Service>
  </Services>
  <VehicleJourneys>
    <VehicleJourney>
      <OperatorRef>FAB</OperatorRef>
      <OperatingProfile>
        <RegularDayType>
          <DaysOfWeek>
            <Saturday />
          </DaysOfWeek>
        </RegularDayType>
        <SpecialDaysOperation>
          <DaysOfNonOperation>
            <DateRange>
              <StartDate>2019-10-28</StartDate>
              <EndDate>2020-10-28</EndDate>
            </DateRange>
          </DaysOfNonOperation>
        </SpecialDaysOperation>
      </OperatingProfile>
      <VehicleJourneyCode>90</VehicleJourneyCode>
      <ServiceRef>ABAN023</ServiceRef>
      <LineRef>0</LineRef>
      <JourneyPatternRef>JPS_ABAN023-3</JourneyPatternRef>
      <DepartureTime>00:52:00</DepartureTime>
    </VehicleJourney>
    <VehicleJourney>
      <OperatorRef>FAB</OperatorRef>
      <OperatingProfile>
        <RegularDayType>
          <DaysOfWeek>
            <Saturday />
          </DaysOfWeek>
        </RegularDayType>
        <SpecialDaysOperation>
          <DaysOfNonOperation>
            <DateRange>
              <StartDate>2019-10-28</StartDate>
              <EndDate>2020-10-28</EndDate>
            </DateRange>
          </DaysOfNonOperation>
        </SpecialDaysOperation>
      </OperatingProfile>
      <VehicleJourneyCode>91</VehicleJourneyCode>
      <ServiceRef>ABAN023</ServiceRef>
      <LineRef>0</LineRef>
      <JourneyPatternRef>JPS_ABAN023-3</JourneyPatternRef>
      <DepartureTime>01:52:00</DepartureTime>
    </VehicleJourney>
    <VehicleJourney>
      <OperatorRef>FAB</OperatorRef>
      <OperatingProfile>
        <RegularDayType>
          <DaysOfWeek>
            <Saturday />
          </DaysOfWeek>
        </RegularDayType>
        <SpecialDaysOperation>
          <DaysOfNonOperation>
            <DateRange>
              <StartDate>2019-10-28</StartDate>
              <EndDate>2020-10-28</EndDate>
            </DateRange>
          </DaysOfNonOperation>
        </SpecialDaysOperation>
      </OperatingProfile>
      <VehicleJourneyCode>92</VehicleJourneyCode>
      <ServiceRef>ABAN023</ServiceRef>
      <LineRef>0</LineRef>
      <JourneyPatternRef>JPS_ABAN023-3</JourneyPatternRef>
      <DepartureTime>02:52:00</DepartureTime>
    </VehicleJourney>
    <VehicleJourney>
      <OperatorRef>FAB</OperatorRef>
      <OperatingProfile>
        <RegularDayType>
          <DaysOfWeek>
            <Saturday />
          </DaysOfWeek>
        </RegularDayType>
        <SpecialDaysOperation>
          <DaysOfNonOperation>
            <DateRange>
              <StartDate>2019-10-28</StartDate>
              <EndDate>2020-10-28</EndDate>
            </DateRange>
          </DaysOfNonOperation>
        </SpecialDaysOperation>
      </OperatingProfile>
      <VehicleJourneyCode>100</VehicleJourneyCode>
      <ServiceRef>ABAN023</ServiceRef>
      <LineRef>0</LineRef>
      <JourneyPatternRef>JPS_ABAN023-4</JourneyPatternRef>
      <DepartureTime>00:15:00</DepartureTime>
    </VehicleJourney>
    <VehicleJourney>
      <OperatorRef>FAB</OperatorRef>
      <OperatingProfile>
        <RegularDayType>
          <DaysOfWeek>
            <Saturday />
          </DaysOfWeek>
        </RegularDayType>
        <SpecialDaysOperation>
          <DaysOfNonOperation>
            <DateRange>
              <StartDate>2019-10-28</StartDate>
              <EndDate>2020-10-28</EndDate>
            </DateRange>
          </DaysOfNonOperation>
        </SpecialDaysOperation>
      </OperatingProfile>
      <VehicleJourneyCode>101</VehicleJourneyCode>
      <ServiceRef>ABAN023</ServiceRef>
      <LineRef>0</LineRef>
      <JourneyPatternRef>JPS_ABAN023-4</JourneyPatternRef>
      <DepartureTime>01:15:00</DepartureTime>
    </VehicleJourney>
    <VehicleJourney>
      <OperatorRef>FAB</OperatorRef>
      <OperatingProfile>
        <RegularDayType>
          <DaysOfWeek>
            <Saturday />
          </DaysOfWeek>
        </RegularDayType>
        <SpecialDaysOperation>
          <DaysOfNonOperation>
            <DateRange>
              <StartDate>2019-10-28</StartDate>
              <EndDate>2020-10-28</EndDate>
            </DateRange>
          </DaysOfNonOperation>
        </SpecialDaysOperation>
      </OperatingProfile>
      <VehicleJourneyCode>102</VehicleJourneyCode>
      <ServiceRef>ABAN023</ServiceRef>
      <LineRef>0</LineRef>
      <JourneyPatternRef>JPS_ABAN023-4</JourneyPatternRef>
      <DepartureTime>02:15:00</DepartureTime>
    </VehicleJourney>
    <VehicleJourney>
      <OperatorRef>FAB</OperatorRef>
      <OperatingProfile>
        <RegularDayType>
          <DaysOfWeek>
            <Saturday />
          </DaysOfWeek>
        </RegularDayType>
        <SpecialDaysOperation>
          <DaysOfNonOperation>
            <DateRange>
              <StartDate>2019-10-28</StartDate>
              <EndDate>2020-10-28</EndDate>
            </DateRange>
          </DaysOfNonOperation>
        </SpecialDaysOperation>
      </OperatingProfile>
      <VehicleJourneyCode>103</VehicleJourneyCode>
      <ServiceRef>ABAN023</ServiceRef>
      <LineRef>0</LineRef>
      <JourneyPatternRef>JPS_ABAN023-4</JourneyPatternRef>
      <DepartureTime>03:15:00</DepartureTime>
    </VehicleJourney>
    <VehicleJourney>
      <OperatorRef>FAB</OperatorRef>
      <OperatingProfile>
        <RegularDayType>
          <DaysOfWeek>
            <Sunday />
          </DaysOfWeek>
        </RegularDayType>
        <SpecialDaysOperation>
          <DaysOfNonOperation>
            <DateRange>
              <StartDate>2019-10-28</StartDate>
              <EndDate>2020-10-28</EndDate>
            </DateRange>
          </DaysOfNonOperation>
        </SpecialDaysOperation>
      </OperatingProfile>
      <VehicleJourneyCode>106</VehicleJourneyCode>
      <ServiceRef>ABAN023</ServiceRef>
      <LineRef>0</LineRef>
      <JourneyPatternRef>JPS_ABAN023-4</JourneyPatternRef>
      <DepartureTime>00:15:00</DepartureTime>
    </VehicleJourney>
    <VehicleJourney>
      <OperatorRef>FAB</OperatorRef>
      <OperatingProfile>
        <RegularDayType>
          <DaysOfWeek>
            <Sunday />
          </DaysOfWeek>
        </RegularDayType>
        <SpecialDaysOperation>
          <DaysOfNonOperation>
            <DateRange>
              <StartDate>2019-10-28</StartDate>
              <EndDate>2020-10-28</EndDate>
            </DateRange>
          </DaysOfNonOperation>
        </SpecialDaysOperation>
      </OperatingProfile>
      <VehicleJourneyCode>107</VehicleJourneyCode>
      <ServiceRef>ABAN023</ServiceRef>
      <LineRef>0</LineRef>
      <JourneyPatternRef>JPS_ABAN023-4</JourneyPatternRef>
      <DepartureTime>01:15:00</DepartureTime>
    </VehicleJourney>
    <VehicleJourney>
      <OperatorRef>FAB</OperatorRef>
      <OperatingProfile>
        <RegularDayType>
          <DaysOfWeek>
            <Sunday />
          </DaysOfWeek>
        </RegularDayType>
        <SpecialDaysOperation>
          <DaysOfNonOperation>
            <DateRange>
              <StartDate>2019-10-28</StartDate>
              <EndDate>2020-10-28</EndDate>
            </DateRange>
          </DaysOfNonOperation>
        </SpecialDaysOperation>
      </OperatingProfile>
      <VehicleJourneyCode>108</VehicleJourneyCode>
      <ServiceRef>ABAN023</ServiceRef>
      <LineRef>0</LineRef>
      <JourneyPatternRef>JPS_ABAN023-4</JourneyPatternRef>
      <DepartureTime>02:15:00</DepartureTime>
    </VehicleJourney>
    <VehicleJourney>
      <OperatorRef>FAB</OperatorRef>
      <OperatingProfile>
        <RegularDayType>
          <DaysOfWeek>
            <Sunday />
          </DaysOfWeek>
        </RegularDayType>
        <SpecialDaysOperation>
          <DaysOfNonOperation>
            <DateRange>
              <StartDate>2019-10-28</StartDate>
              <EndDate>2020-10-28</EndDate>
            </DateRange>
          </DaysOfNonOperation>
        </SpecialDaysOperation>
      </OperatingProfile>
      <VehicleJourneyCode>109</VehicleJourneyCode>
      <ServiceRef>ABAN023</ServiceRef>
      <LineRef>0</LineRef>
      <JourneyPatternRef>JPS_ABAN023-4</JourneyPatternRef>
      <DepartureTime>03:15:00</DepartureTime>
    </VehicleJourney>
    <VehicleJourney>
      <OperatorRef>FAB</OperatorRef>
      <OperatingProfile>
        <RegularDayType>
          <DaysOfWeek>
            <Sunday />
          </DaysOfWeek>
        </RegularDayType>
        <SpecialDaysOperation>
          <DaysOfNonOperation>
            <DateRange>
              <StartDate>2019-10-28</StartDate>
              <EndDate>2020-10-28</EndDate>
            </DateRange>
          </DaysOfNonOperation>
        </SpecialDaysOperation>
      </OperatingProfile>
      <VehicleJourneyCode>95</VehicleJourneyCode>
      <ServiceRef>ABAN023</ServiceRef>
      <LineRef>0</LineRef>
      <JourneyPatternRef>JPS_ABAN023-3</JourneyPatternRef>
      <DepartureTime>00:52:00</DepartureTime>
    </VehicleJourney>
    <VehicleJourney>
      <OperatorRef>FAB</OperatorRef>
      <OperatingProfile>
        <RegularDayType>
          <DaysOfWeek>
            <Sunday />
          </DaysOfWeek>
        </RegularDayType>
        <SpecialDaysOperation>
          <DaysOfNonOperation>
            <DateRange>
              <StartDate>2019-10-28</StartDate>
              <EndDate>2020-10-28</EndDate>
            </DateRange>
          </DaysOfNonOperation>
        </SpecialDaysOperation>
      </OperatingProfile>
      <VehicleJourneyCode>96</VehicleJourneyCode>
      <ServiceRef>ABAN023</ServiceRef>
      <LineRef>0</LineRef>
      <JourneyPatternRef>JPS_ABAN023-3</JourneyPatternRef>
      <DepartureTime>01:52:00</DepartureTime>
    </VehicleJourney>
    <VehicleJourney>
      <OperatorRef>FAB</OperatorRef>
      <OperatingProfile>
        <RegularDayType>
          <DaysOfWeek>
            <Sunday />
          </DaysOfWeek>
        </RegularDayType>
        <SpecialDaysOperation>
          <DaysOfNonOperation>
            <DateRange>
              <StartDate>2019-10-28</StartDate>
              <EndDate>2020-10-28</EndDate>
            </DateRange>
          </DaysOfNonOperation>
        </SpecialDaysOperation>
      </OperatingProfile>
      <VehicleJourneyCode>97</VehicleJourneyCode>
      <ServiceRef>ABAN023</ServiceRef>
      <LineRef>0</LineRef>
      <JourneyPatternRef>JPS_ABAN023-3</JourneyPatternRef>
      <DepartureTime>02:52:00</DepartureTime>
    </VehicleJourney>
    <VehicleJourney>
      <OperatorRef>FAB</OperatorRef>
      <OperatingProfile>
        <RegularDayType>
          <DaysOfWeek>
            <Saturday />
          </DaysOfWeek>
        </RegularDayType>
        <SpecialDaysOperation>
          <DaysOfNonOperation>
            <DateRange>
              <StartDate>2019-04-13</StartDate>
              <EndDate>2019-10-27</EndDate>
            </DateRange>
          </DaysOfNonOperation>
        </SpecialDaysOperation>
      </OperatingProfile>
      <VehicleJourneyCode>104</VehicleJourneyCode>
      <ServiceRef>ABAN023</ServiceRef>
      <LineRef>0</LineRef>
      <JourneyPatternRef>JPS_ABAN023-5</JourneyPatternRef>
      <DepartureTime>00:15:00</DepartureTime>
    </VehicleJourney>
    <VehicleJourney>
      <OperatorRef>FAB</OperatorRef>
      <OperatingProfile>
        <RegularDayType>
          <DaysOfWeek>
            <Saturday />
          </DaysOfWeek>
        </RegularDayType>
        <SpecialDaysOperation>
          <DaysOfNonOperation>
            <DateRange>
              <StartDate>2019-04-13</StartDate>
              <EndDate>2019-10-27</EndDate>
            </DateRange>
          </DaysOfNonOperation>
        </SpecialDaysOperation>
      </OperatingProfile>
      <VehicleJourneyCode>105</VehicleJourneyCode>
      <ServiceRef>ABAN023</ServiceRef>
      <LineRef>0</LineRef>
      <JourneyPatternRef>JPS_ABAN023-5</JourneyPatternRef>
      <DepartureTime>01:15:00</DepartureTime>
    </VehicleJourney>
    <VehicleJourney>
      <OperatorRef>FAB</OperatorRef>
      <OperatingProfile>
        <RegularDayType>
          <DaysOfWeek>
            <Sunday />
          </DaysOfWeek>
        </RegularDayType>
        <SpecialDaysOperation>
          <DaysOfNonOperation>
            <DateRange>
              <StartDate>2019-04-13</StartDate>
              <EndDate>2019-10-27</EndDate>
            </DateRange>
          </DaysOfNonOperation>
        </SpecialDaysOperation>
      </OperatingProfile>
      <VehicleJourneyCode>110</VehicleJourneyCode>
      <ServiceRef>ABAN023</ServiceRef>
      <LineRef>0</LineRef>
      <JourneyPatternRef>JPS_ABAN023-5</JourneyPatternRef>
      <DepartureTime>00:15:00</DepartureTime>
    </VehicleJourney>
    <VehicleJourney>
      <OperatorRef>FAB</OperatorRef>
      <OperatingProfile>
        <RegularDayType>
          <DaysOfWeek>
            <Sunday />
          </DaysOfWeek>
        </RegularDayType>
        <SpecialDaysOperation>
          <DaysOfNonOperation>
            <DateRange>
              <StartDate>2019-04-13</StartDate>
              <EndDate>2019-10-27</EndDate>
            </DateRange>
          </DaysOfNonOperation>
        </SpecialDaysOperation>
      </OperatingProfile>
      <VehicleJourneyCode>111</VehicleJourneyCode>
      <ServiceRef>ABAN023</ServiceRef>
      <LineRef>0</LineRef>
      <JourneyPatternRef>JPS_ABAN023-5</JourneyPatternRef>
      <DepartureTime>01:15:00</DepartureTime>
    </VehicleJourney>
    <VehicleJourney>
      <OperatorRef>FAB</OperatorRef>
      <OperatingProfile>
        <RegularDayType>
          <DaysOfWeek>
            <Saturday />
          </DaysOfWeek>
        </RegularDayType>
        <SpecialDaysOperation>
          <DaysOfNonOperation>
            <DateRange>
              <StartDate>2019-04-13</StartDate>
              <EndDate>2019-10-27</EndDate>
            </DateRange>
          </DaysOfNonOperation>
        </SpecialDaysOperation>
      </OperatingProfile>
      <VehicleJourneyCode>93</VehicleJourneyCode>
      <ServiceRef>ABAN023</ServiceRef>
      <LineRef>0</LineRef>
      <JourneyPatternRef>JPS_ABAN023-3</JourneyPatternRef>
      <DepartureTime>00:52:00</DepartureTime>
    </VehicleJourney>
    <VehicleJourney>
      <OperatorRef>FAB</OperatorRef>
      <OperatingProfile>
        <RegularDayType>
          <DaysOfWeek>
            <Saturday />
          </DaysOfWeek>
        </RegularDayType>
        <SpecialDaysOperation>
          <DaysOfNonOperation>
            <DateRange>
              <StartDate>2019-04-13</StartDate>
              <EndDate>2019-10-27</EndDate>
            </DateRange>
          </DaysOfNonOperation>
        </SpecialDaysOperation>
      </OperatingProfile>
      <VehicleJourneyCode>94</VehicleJourneyCode>
      <ServiceRef>ABAN023</ServiceRef>
      <LineRef>0</LineRef>
      <JourneyPatternRef>JPS_ABAN023-3</JourneyPatternRef>
      <DepartureTime>01:52:00</DepartureTime>
    </VehicleJourney>
    <VehicleJourney>
      <OperatorRef>FAB</OperatorRef>
      <OperatingProfile>
        <RegularDayType>
          <DaysOfWeek>
            <Sunday />
          </DaysOfWeek>
        </RegularDayType>
        <SpecialDaysOperation>
          <DaysOfNonOperation>
            <DateRange>
              <StartDate>2019-04-13</StartDate>
              <EndDate>2019-10-27</EndDate>
            </DateRange>
          </DaysOfNonOperation>
        </SpecialDaysOperation>
      </OperatingProfile>
      <VehicleJourneyCode>98</VehicleJourneyCode>
      <ServiceRef>ABAN023</ServiceRef>
      <LineRef>0</LineRef>
      <JourneyPatternRef>JPS_ABAN023-3</JourneyPatternRef>
      <DepartureTime>00:52:00</DepartureTime>
    </VehicleJourney>
    <VehicleJourney>
      <OperatorRef>FAB</OperatorRef>
      <OperatingProfile>
        <RegularDayType>
          <DaysOfWeek>
            <Sunday />
          </DaysOfWeek>
        </RegularDayType>
        <SpecialDaysOperation>
          <DaysOfNonOperation>
            <DateRange>
              <StartDate>2019-04-13</StartDate>
              <EndDate>2019-10-27</EndDate>
            </DateRange>
          </DaysOfNonOperation>
        </SpecialDaysOperation>
      </OperatingProfile>
      <VehicleJourneyCode>99</VehicleJourneyCode>
      <ServiceRef>ABAN023</ServiceRef>
      <LineRef>0</LineRef>
      <JourneyPatternRef>JPS_ABAN023-3</JourneyPatternRef>
      <DepartureTime>01:52:00</DepartureTime>
    </VehicleJourney>
  </VehicleJourneys>
</TransXChange>