<?xml version="1.0" encoding="utf-8"?>
<TransXChange xmlns:xsi="http://www.w3.org/2001/XMLSchema-instance" xmlns:xsd="http://www.w3.org/2001/XMLSchema" xsi:schemaLocation="http://www.transxchange.org.uk/ http://www.transxchange.org.uk/schema/2.1/TransXChange_general.xsd" CreationDateTime="2019-10-07T13:10:00-00:00" ModificationDateTime="2019-10-07T13:10:00-00:00" Modification="new" RevisionNumber="0" FileName="SVRAGAO252.xml" SchemaVersion="2.1" RegistrationDocument="false" xmlns="http://www.transxchange.org.uk/">
  <ServicedOrganisations>
    <ServicedOrganisation>
      <OrganisationCode>176</OrganisationCode>
      <Name>
QE0 : BUS.CIF
</Name>
      <WorkingDays>
        <DateRange>
          <StartDate>2019-02-08</StartDate>
          <EndDate>2019-09-01</EndDate>
        </DateRange>
        <DateRange>
          <StartDate>2019-09-03</StartDate>
          <EndDate>2019-09-15</EndDate>
        </DateRange>
        <DateRange>
          <StartDate>2019-09-17</StartDate>
          <EndDate>2019-09-29</EndDate>
        </DateRange>
        <DateRange>
          <StartDate>2019-10-01</StartDate>
          <EndDate>2019-10-13</EndDate>
        </DateRange>
        <DateRange>
          <StartDate>2019-10-15</StartDate>
          <EndDate>2019-10-27</EndDate>
        </DateRange>
        <DateRange>
          <StartDate>2019-10-29</StartDate>
          <EndDate>2049-12-31</EndDate>
        </DateRange>
      </WorkingDays>
    </ServicedOrganisation>
  </ServicedOrganisations>
  <StopPoints>
    <AnnotatedStopPointRef>
      <StopPointRef>6170521</StopPointRef>
      <CommonName>School Wynd</CommonName>
    </AnnotatedStopPointRef>
    <AnnotatedStopPointRef>
      <StopPointRef>61708</StopPointRef>
      <CommonName>School Wynd</CommonName>
    </AnnotatedStopPointRef>
    <AnnotatedStopPointRef>
      <StopPointRef>61401047</StopPointRef>
      <CommonName>Bus Station</CommonName>
    </AnnotatedStopPointRef>
    <AnnotatedStopPointRef>
      <StopPointRef>61601142</StopPointRef>
      <CommonName>Woodhead Road</CommonName>
    </AnnotatedStopPointRef>
    <AnnotatedStopPointRef>
      <StopPointRef>66903570017</StopPointRef>
      <CommonName>Church</CommonName>
    </AnnotatedStopPointRef>
    <AnnotatedStopPointRef>
      <StopPointRef>66903000024</StopPointRef>
      <CommonName>Broad Street</CommonName>
    </AnnotatedStopPointRef>
    <AnnotatedStopPointRef>
      <StopPointRef>66005810019</StopPointRef>
      <CommonName>Police Station</CommonName>
    </AnnotatedStopPointRef>
    <AnnotatedStopPointRef>
      <StopPointRef>64802316</StopPointRef>
      <CommonName>Balhaldie Filling Station</CommonName>
    </AnnotatedStopPointRef>
    <AnnotatedStopPointRef>
      <StopPointRef>64801614</StopPointRef>
      <CommonName>Gleneagles Station Road End</CommonName>
    </AnnotatedStopPointRef>
    <AnnotatedStopPointRef>
      <StopPointRef>64801265</StopPointRef>
      <CommonName>Necessity Brae</CommonName>
    </AnnotatedStopPointRef>
    <AnnotatedStopPointRef>
      <StopPointRef>64801010</StopPointRef>
      <CommonName>South Street</CommonName>
    </AnnotatedStopPointRef>
    <AnnotatedStopPointRef>
      <StopPointRef>64801651</StopPointRef>
      <CommonName>Abernyte Link Road</CommonName>
    </AnnotatedStopPointRef>
    <AnnotatedStopPointRef>
      <StopPointRef>6400A02</StopPointRef>
      <CommonName>Forum Centre</CommonName>
    </AnnotatedStopPointRef>
    <AnnotatedStopPointRef>
      <StopPointRef>6400PT1180</StopPointRef>
      <CommonName>Strips of Craigie</CommonName>
    </AnnotatedStopPointRef>
    <AnnotatedStopPointRef>
      <StopPointRef>6400L00037</StopPointRef>
      <CommonName>Library</CommonName>
    </AnnotatedStopPointRef>
    <AnnotatedStopPointRef>
      <StopPointRef>6490IM166</StopPointRef>
      <CommonName>Tesco</CommonName>
    </AnnotatedStopPointRef>
    <AnnotatedStopPointRef>
      <StopPointRef>6490IM850</StopPointRef>
      <CommonName>Parkview Health Centre</CommonName>
    </AnnotatedStopPointRef>
    <AnnotatedStopPointRef>
      <StopPointRef>6490IM587</StopPointRef>
      <CommonName>Queen Street</CommonName>
    </AnnotatedStopPointRef>
    <AnnotatedStopPointRef>
      <StopPointRef>6490IM1191</StopPointRef>
      <CommonName>Elliot Bridge</CommonName>
    </AnnotatedStopPointRef>
    <AnnotatedStopPointRef>
      <StopPointRef>6490IM1736</StopPointRef>
      <CommonName>Bus Station</CommonName>
    </AnnotatedStopPointRef>
    <AnnotatedStopPointRef>
      <StopPointRef>6490IM1190</StopPointRef>
      <CommonName>Elliot Bridge</CommonName>
    </AnnotatedStopPointRef>
    <AnnotatedStopPointRef>
      <StopPointRef>6490IM571</StopPointRef>
      <CommonName>Royal Bank</CommonName>
    </AnnotatedStopPointRef>
    <AnnotatedStopPointRef>
      <StopPointRef>6490IM849</StopPointRef>
      <CommonName>Parkview Health Centre</CommonName>
    </AnnotatedStopPointRef>
    <AnnotatedStopPointRef>
      <StopPointRef>6490IM094</StopPointRef>
      <CommonName>Tesco</CommonName>
    </AnnotatedStopPointRef>
    <AnnotatedStopPointRef>
      <StopPointRef>6400L00038</StopPointRef>
      <CommonName>Post Office</CommonName>
    </AnnotatedStopPointRef>
    <AnnotatedStopPointRef>
      <StopPointRef>6400PT1181</StopPointRef>
      <CommonName>Redmyre Gardens</CommonName>
    </AnnotatedStopPointRef>
    <AnnotatedStopPointRef>
      <StopPointRef>6400PT1169</StopPointRef>
      <CommonName>Murraygate</CommonName>
    </AnnotatedStopPointRef>
    <AnnotatedStopPointRef>
      <StopPointRef>64800191</StopPointRef>
      <CommonName>Road End</CommonName>
    </AnnotatedStopPointRef>
    <AnnotatedStopPointRef>
      <StopPointRef>64802052</StopPointRef>
      <CommonName>Canal Street</CommonName>
    </AnnotatedStopPointRef>
    <AnnotatedStopPointRef>
      <StopPointRef>64801264</StopPointRef>
      <CommonName>Necessity Brae</CommonName>
    </AnnotatedStopPointRef>
    <AnnotatedStopPointRef>
      <StopPointRef>64802315</StopPointRef>
      <CommonName>Balhaldie Filling Station</CommonName>
    </AnnotatedStopPointRef>
    <AnnotatedStopPointRef>
      <StopPointRef>66005810018</StopPointRef>
      <CommonName>Police Station</CommonName>
    </AnnotatedStopPointRef>
    <AnnotatedStopPointRef>
      <StopPointRef>66903000025</StopPointRef>
      <CommonName>Broad Street</CommonName>
    </AnnotatedStopPointRef>
    <AnnotatedStopPointRef>
      <StopPointRef>66903570016</StopPointRef>
      <CommonName>Church</CommonName>
    </AnnotatedStopPointRef>
    <AnnotatedStopPointRef>
      <StopPointRef>61601141</StopPointRef>
      <CommonName>Woodhead Road</CommonName>
    </AnnotatedStopPointRef>
    <AnnotatedStopPointRef>
      <StopPointRef>6140789</StopPointRef>
      <CommonName>Main Street</CommonName>
    </AnnotatedStopPointRef>
    <AnnotatedStopPointRef>
      <StopPointRef>61709</StopPointRef>
      <CommonName>Bank Street</CommonName>
    </AnnotatedStopPointRef>
  </StopPoints>
  <RouteSections>
    <RouteSection id="AGAO252_002">
      <RouteLink id="AGAO252_002_45451">
        <From>
          <StopPointRef>6170521</StopPointRef>
        </From>
        <To>
          <StopPointRef>61708</StopPointRef>
        </To>
        <Direction>inbound</Direction>
      </RouteLink>
      <RouteLink id="AGAO252_002_45452">
        <From>
          <StopPointRef>61708</StopPointRef>
        </From>
        <To>
          <StopPointRef>61401047</StopPointRef>
        </To>
        <Direction>inbound</Direction>
      </RouteLink>
      <RouteLink id="AGAO252_002_45453">
        <From>
          <StopPointRef>61401047</StopPointRef>
        </From>
        <To>
          <StopPointRef>61601142</StopPointRef>
        </To>
        <Direction>inbound</Direction>
      </RouteLink>
      <RouteLink id="AGAO252_002_45454">
        <From>
          <StopPointRef>61601142</StopPointRef>
        </From>
        <To>
          <StopPointRef>66903570017</StopPointRef>
        </To>
        <Direction>inbound</Direction>
      </RouteLink>
      <RouteLink id="AGAO252_002_45455">
        <From>
          <StopPointRef>66903570017</StopPointRef>
        </From>
        <To>
          <StopPointRef>66903000024</StopPointRef>
        </To>
        <Direction>inbound</Direction>
      </RouteLink>
      <RouteLink id="AGAO252_002_45456">
        <From>
          <StopPointRef>66903000024</StopPointRef>
        </From>
        <To>
          <StopPointRef>66005810019</StopPointRef>
        </To>
        <Direction>inbound</Direction>
      </RouteLink>
      <RouteLink id="AGAO252_002_45457">
        <From>
          <StopPointRef>66005810019</StopPointRef>
        </From>
        <To>
          <StopPointRef>64802316</StopPointRef>
        </To>
        <Direction>inbound</Direction>
      </RouteLink>
      <RouteLink id="AGAO252_002_45458">
        <From>
          <StopPointRef>64802316</StopPointRef>
        </From>
        <To>
          <StopPointRef>64801614</StopPointRef>
        </To>
        <Direction>inbound</Direction>
      </RouteLink>
      <RouteLink id="AGAO252_002_45459">
        <From>
          <StopPointRef>64801614</StopPointRef>
        </From>
        <To>
          <StopPointRef>64801265</StopPointRef>
        </To>
        <Direction>inbound</Direction>
      </RouteLink>
      <RouteLink id="AGAO252_002_45460">
        <From>
          <StopPointRef>64801265</StopPointRef>
        </From>
        <To>
          <StopPointRef>64801010</StopPointRef>
        </To>
        <Direction>inbound</Direction>
      </RouteLink>
      <RouteLink id="AGAO252_002_45461">
        <From>
          <StopPointRef>64801010</StopPointRef>
        </From>
        <To>
          <StopPointRef>64801651</StopPointRef>
        </To>
        <Direction>inbound</Direction>
      </RouteLink>
      <RouteLink id="AGAO252_002_45462">
        <From>
          <StopPointRef>64801651</StopPointRef>
        </From>
        <To>
          <StopPointRef>6400A02</StopPointRef>
        </To>
        <Direction>inbound</Direction>
      </RouteLink>
      <RouteLink id="AGAO252_002_45463">
        <From>
          <StopPointRef>6400A02</StopPointRef>
        </From>
        <To>
          <StopPointRef>6400PT1180</StopPointRef>
        </To>
        <Direction>inbound</Direction>
      </RouteLink>
      <RouteLink id="AGAO252_002_45464">
        <From>
          <StopPointRef>6400PT1180</StopPointRef>
        </From>
        <To>
          <StopPointRef>6400L00037</StopPointRef>
        </To>
        <Direction>inbound</Direction>
      </RouteLink>
      <RouteLink id="AGAO252_002_45465">
        <From>
          <StopPointRef>6400L00037</StopPointRef>
        </From>
        <To>
          <StopPointRef>6490IM166</StopPointRef>
        </To>
        <Direction>inbound</Direction>
      </RouteLink>
      <RouteLink id="AGAO252_002_45466">
        <From>
          <StopPointRef>6490IM166</StopPointRef>
        </From>
        <To>
          <StopPointRef>6490IM850</StopPointRef>
        </To>
        <Direction>inbound</Direction>
      </RouteLink>
      <RouteLink id="AGAO252_002_45467">
        <From>
          <StopPointRef>6490IM850</StopPointRef>
        </From>
        <To>
          <StopPointRef>6490IM587</StopPointRef>
        </To>
        <Direction>inbound</Direction>
      </RouteLink>
      <RouteLink id="AGAO252_002_45468">
        <From>
          <StopPointRef>6490IM587</StopPointRef>
        </From>
        <To>
          <StopPointRef>6490IM1191</StopPointRef>
        </To>
        <Direction>inbound</Direction>
      </RouteLink>
      <RouteLink id="AGAO252_002_45469">
        <From>
          <StopPointRef>6490IM1191</StopPointRef>
        </From>
        <To>
          <StopPointRef>6490IM1736</StopPointRef>
        </To>
        <Direction>inbound</Direction>
      </RouteLink>
    </RouteSection>
    <RouteSection id="AGAO252_001">
      <RouteLink id="AGAO252_001_45471">
        <From>
          <StopPointRef>6490IM1736</StopPointRef>
        </From>
        <To>
          <StopPointRef>6490IM1190</StopPointRef>
        </To>
        <Direction>outbound</Direction>
      </RouteLink>
      <RouteLink id="AGAO252_001_45472">
        <From>
          <StopPointRef>6490IM1190</StopPointRef>
        </From>
        <To>
          <StopPointRef>6490IM571</StopPointRef>
        </To>
        <Direction>outbound</Direction>
      </RouteLink>
      <RouteLink id="AGAO252_001_45473">
        <From>
          <StopPointRef>6490IM571</StopPointRef>
        </From>
        <To>
          <StopPointRef>6490IM849</StopPointRef>
        </To>
        <Direction>outbound</Direction>
      </RouteLink>
      <RouteLink id="AGAO252_001_45474">
        <From>
          <StopPointRef>6490IM849</StopPointRef>
        </From>
        <To>
          <StopPointRef>6490IM094</StopPointRef>
        </To>
        <Direction>outbound</Direction>
      </RouteLink>
      <RouteLink id="AGAO252_001_45475">
        <From>
          <StopPointRef>6490IM094</StopPointRef>
        </From>
        <To>
          <StopPointRef>6400L00038</StopPointRef>
        </To>
        <Direction>outbound</Direction>
      </RouteLink>
      <RouteLink id="AGAO252_001_45476">
        <From>
          <StopPointRef>6400L00038</StopPointRef>
        </From>
        <To>
          <StopPointRef>6400PT1181</StopPointRef>
        </To>
        <Direction>outbound</Direction>
      </RouteLink>
      <RouteLink id="AGAO252_001_45477">
        <From>
          <StopPointRef>6400PT1181</StopPointRef>
        </From>
        <To>
          <StopPointRef>6400PT1169</StopPointRef>
        </To>
        <Direction>outbound</Direction>
      </RouteLink>
      <RouteLink id="AGAO252_001_45478">
        <From>
          <StopPointRef>6400PT1169</StopPointRef>
        </From>
        <To>
          <StopPointRef>64800191</StopPointRef>
        </To>
        <Direction>outbound</Direction>
      </RouteLink>
      <RouteLink id="AGAO252_001_45479">
        <From>
          <StopPointRef>64800191</StopPointRef>
        </From>
        <To>
          <StopPointRef>64802052</StopPointRef>
        </To>
        <Direction>outbound</Direction>
      </RouteLink>
      <RouteLink id="AGAO252_001_45480">
        <From>
          <StopPointRef>64802052</StopPointRef>
        </From>
        <To>
          <StopPointRef>64801264</StopPointRef>
        </To>
        <Direction>outbound</Direction>
      </RouteLink>
      <RouteLink id="AGAO252_001_45481">
        <From>
          <StopPointRef>64801264</StopPointRef>
        </From>
        <To>
          <StopPointRef>64801614</StopPointRef>
        </To>
        <Direction>outbound</Direction>
      </RouteLink>
      <RouteLink id="AGAO252_001_45482">
        <From>
          <StopPointRef>64801614</StopPointRef>
        </From>
        <To>
          <StopPointRef>64802315</StopPointRef>
        </To>
        <Direction>outbound</Direction>
      </RouteLink>
      <RouteLink id="AGAO252_001_45483">
        <From>
          <StopPointRef>64802315</StopPointRef>
        </From>
        <To>
          <StopPointRef>66005810018</StopPointRef>
        </To>
        <Direction>outbound</Direction>
      </RouteLink>
      <RouteLink id="AGAO252_001_45484">
        <From>
          <StopPointRef>66005810018</StopPointRef>
        </From>
        <To>
          <StopPointRef>66903000025</StopPointRef>
        </To>
        <Direction>outbound</Direction>
      </RouteLink>
      <RouteLink id="AGAO252_001_45485">
        <From>
          <StopPointRef>66903000025</StopPointRef>
        </From>
        <To>
          <StopPointRef>66903570016</StopPointRef>
        </To>
        <Direction>outbound</Direction>
      </RouteLink>
      <RouteLink id="AGAO252_001_45486">
        <From>
          <StopPointRef>66903570016</StopPointRef>
        </From>
        <To>
          <StopPointRef>61601141</StopPointRef>
        </To>
        <Direction>outbound</Direction>
      </RouteLink>
      <RouteLink id="AGAO252_001_45487">
        <From>
          <StopPointRef>61601141</StopPointRef>
        </From>
        <To>
          <StopPointRef>61401047</StopPointRef>
        </To>
        <Direction>outbound</Direction>
      </RouteLink>
      <RouteLink id="AGAO252_001_45488">
        <From>
          <StopPointRef>61401047</StopPointRef>
        </From>
        <To>
          <StopPointRef>6140789</StopPointRef>
        </To>
        <Direction>outbound</Direction>
      </RouteLink>
      <RouteLink id="AGAO252_001_45489">
        <From>
          <StopPointRef>6140789</StopPointRef>
        </From>
        <To>
          <StopPointRef>61709</StopPointRef>
        </To>
        <Direction>outbound</Direction>
      </RouteLink>
      <RouteLink id="AGAO252_001_45490">
        <From>
          <StopPointRef>61709</StopPointRef>
        </From>
        <To>
          <StopPointRef>6170521</StopPointRef>
        </To>
        <Direction>outbound</Direction>
      </RouteLink>
    </RouteSection>
  </RouteSections>
  <Routes>
    <Route id="AGAO252_002">
      <Description>Largs - Arbroath
</Description>
      <RouteSectionRef>AGAO252_002</RouteSectionRef>
    </Route>
    <Route id="AGAO252_001">
      <Description>Arbroath - Largs
</Description>
      <RouteSectionRef>AGAO252_001</RouteSectionRef>
    </Route>
  </Routes>
  <JourneyPatternSections>
    <JourneyPatternSection id="JPS_AGAO252-3">
      <JourneyPatternTimingLink id="JPS_AGAO252-3_45451">
        <From>
          <StopPointRef>6170521</StopPointRef>
          <TimingStatus>PTP</TimingStatus>
        </From>
        <To>
          <StopPointRef>61708</StopPointRef>
          <TimingStatus>PTP</TimingStatus>
        </To>
        <RouteLinkRef>AGAO252_002_45451</RouteLinkRef>
        <Direction>inbound</Direction>
        <RunTime>PT900S</RunTime>
      </JourneyPatternTimingLink>
      <JourneyPatternTimingLink id="JPS_AGAO252-3_45452">
        <From>
          <StopPointRef>61708</StopPointRef>
          <TimingStatus>PTP</TimingStatus>
        </From>
        <To>
          <StopPointRef>61401047</StopPointRef>
          <TimingStatus>PTP</TimingStatus>
        </To>
        <RouteLinkRef>AGAO252_002_45452</RouteLinkRef>
        <Direction>inbound</Direction>
        <RunTime>PT1800S</RunTime>
      </JourneyPatternTimingLink>
      <JourneyPatternTimingLink id="JPS_AGAO252-3_45453">
        <From>
          <StopPointRef>61401047</StopPointRef>
          <TimingStatus>PTP</TimingStatus>
        </From>
        <To>
          <StopPointRef>61601142</StopPointRef>
          <TimingStatus>PTP</TimingStatus>
        </To>
        <RouteLinkRef>AGAO252_002_45453</RouteLinkRef>
        <Direction>inbound</Direction>
        <RunTime>PT1500S</RunTime>
      </JourneyPatternTimingLink>
      <JourneyPatternTimingLink id="JPS_AGAO252-3_45454">
        <From>
          <StopPointRef>61601142</StopPointRef>
          <TimingStatus>PTP</TimingStatus>
        </From>
        <To>
          <StopPointRef>66903570017</StopPointRef>
          <TimingStatus>PTP</TimingStatus>
        </To>
        <RouteLinkRef>AGAO252_002_45454</RouteLinkRef>
        <Direction>inbound</Direction>
        <RunTime>PT1020S</RunTime>
      </JourneyPatternTimingLink>
      <JourneyPatternTimingLink id="JPS_AGAO252-3_45455">
        <From>
          <StopPointRef>66903570017</StopPointRef>
          <TimingStatus>PTP</TimingStatus>
        </From>
        <To>
          <StopPointRef>66903000024</StopPointRef>
          <TimingStatus>PTP</TimingStatus>
        </To>
        <RouteLinkRef>AGAO252_002_45455</RouteLinkRef>
        <Direction>inbound</Direction>
        <RunTime>PT600S</RunTime>
      </JourneyPatternTimingLink>
      <JourneyPatternTimingLink id="JPS_AGAO252-3_45456">
        <From>
          <StopPointRef>66903000024</StopPointRef>
          <TimingStatus>PTP</TimingStatus>
        </From>
        <To>
          <StopPointRef>66005810019</StopPointRef>
          <TimingStatus>PTP</TimingStatus>
        </To>
        <RouteLinkRef>AGAO252_002_45456</RouteLinkRef>
        <Direction>inbound</Direction>
        <RunTime>PT1080S</RunTime>
      </JourneyPatternTimingLink>
      <JourneyPatternTimingLink id="JPS_AGAO252-3_45457">
        <From>
          <StopPointRef>66005810019</StopPointRef>
          <TimingStatus>PTP</TimingStatus>
        </From>
        <To>
          <StopPointRef>64802316</StopPointRef>
          <TimingStatus>PTP</TimingStatus>
        </To>
        <RouteLinkRef>AGAO252_002_45457</RouteLinkRef>
        <Direction>inbound</Direction>
        <RunTime>PT480S</RunTime>
      </JourneyPatternTimingLink>
      <JourneyPatternTimingLink id="JPS_AGAO252-3_45458">
        <From>
          <StopPointRef>64802316</StopPointRef>
          <TimingStatus>PTP</TimingStatus>
        </From>
        <To>
          <StopPointRef>64801614</StopPointRef>
          <TimingStatus>PTP</TimingStatus>
        </To>
        <RouteLinkRef>AGAO252_002_45458</RouteLinkRef>
        <Direction>inbound</Direction>
        <RunTime>PT480S</RunTime>
      </JourneyPatternTimingLink>
      <JourneyPatternTimingLink id="JPS_AGAO252-3_45459">
        <From>
          <StopPointRef>64801614</StopPointRef>
          <TimingStatus>PTP</TimingStatus>
        </From>
        <To>
          <StopPointRef>64801265</StopPointRef>
          <TimingStatus>PTP</TimingStatus>
        </To>
        <RouteLinkRef>AGAO252_002_45459</RouteLinkRef>
        <Direction>inbound</Direction>
        <RunTime>PT960S</RunTime>
      </JourneyPatternTimingLink>
      <JourneyPatternTimingLink id="JPS_AGAO252-3_45460">
        <From>
          <StopPointRef>64801265</StopPointRef>
          <TimingStatus>PTP</TimingStatus>
        </From>
        <To>
          <StopPointRef>64801010</StopPointRef>
          <TimingStatus>PTP</TimingStatus>
        </To>
        <RouteLinkRef>AGAO252_002_45460</RouteLinkRef>
        <Direction>inbound</Direction>
        <RunTime>PT360S</RunTime>
      </JourneyPatternTimingLink>
      <JourneyPatternTimingLink id="JPS_AGAO252-3_45461">
        <From>
          <WaitTime>PT180S</WaitTime>
          <StopPointRef>64801010</StopPointRef>
          <TimingStatus>PTP</TimingStatus>
        </From>
        <To>
          <StopPointRef>64801651</StopPointRef>
          <TimingStatus>PTP</TimingStatus>
        </To>
        <RouteLinkRef>AGAO252_002_45461</RouteLinkRef>
        <Direction>inbound</Direction>
        <RunTime>PT1140S</RunTime>
      </JourneyPatternTimingLink>
      <JourneyPatternTimingLink id="JPS_AGAO252-3_45462">
        <From>
          <StopPointRef>64801651</StopPointRef>
          <TimingStatus>PTP</TimingStatus>
        </From>
        <To>
          <StopPointRef>6400A02</StopPointRef>
          <TimingStatus>PTP</TimingStatus>
        </To>
        <RouteLinkRef>AGAO252_002_45462</RouteLinkRef>
        <Direction>inbound</Direction>
        <RunTime>PT900S</RunTime>
      </JourneyPatternTimingLink>
      <JourneyPatternTimingLink id="JPS_AGAO252-3_45463">
        <From>
          <WaitTime>PT180S</WaitTime>
          <StopPointRef>6400A02</StopPointRef>
          <TimingStatus>PTP</TimingStatus>
        </From>
        <To>
          <StopPointRef>6400PT1180</StopPointRef>
          <TimingStatus>PTP</TimingStatus>
        </To>
        <RouteLinkRef>AGAO252_002_45463</RouteLinkRef>
        <Direction>inbound</Direction>
        <RunTime>PT480S</RunTime>
      </JourneyPatternTimingLink>
      <JourneyPatternTimingLink id="JPS_AGAO252-3_45464">
        <From>
          <StopPointRef>6400PT1180</StopPointRef>
          <TimingStatus>PTP</TimingStatus>
        </From>
        <To>
          <StopPointRef>6400L00037</StopPointRef>
          <TimingStatus>PTP</TimingStatus>
        </To>
        <RouteLinkRef>AGAO252_002_45464</RouteLinkRef>
        <Direction>inbound</Direction>
        <RunTime>PT300S</RunTime>
      </JourneyPatternTimingLink>
      <JourneyPatternTimingLink id="JPS_AGAO252-3_45465">
        <From>
          <StopPointRef>6400L00037</StopPointRef>
          <TimingStatus>PTP</TimingStatus>
        </From>
        <To>
          <StopPointRef>6490IM166</StopPointRef>
          <TimingStatus>PTP</TimingStatus>
        </To>
        <RouteLinkRef>AGAO252_002_45465</RouteLinkRef>
        <Direction>inbound</Direction>
        <RunTime>PT420S</RunTime>
      </JourneyPatternTimingLink>
      <JourneyPatternTimingLink id="JPS_AGAO252-3_45466">
        <From>
          <StopPointRef>6490IM166</StopPointRef>
          <TimingStatus>PTP</TimingStatus>
        </From>
        <To>
          <StopPointRef>6490IM850</StopPointRef>
          <TimingStatus>PTP</TimingStatus>
        </To>
        <RouteLinkRef>AGAO252_002_45466</RouteLinkRef>
        <Direction>inbound</Direction>
        <RunTime>PT420S</RunTime>
      </JourneyPatternTimingLink>
      <JourneyPatternTimingLink id="JPS_AGAO252-3_45467">
        <From>
          <StopPointRef>6490IM850</StopPointRef>
          <TimingStatus>PTP</TimingStatus>
        </From>
        <To>
          <StopPointRef>6490IM587</StopPointRef>
          <TimingStatus>PTP</TimingStatus>
        </To>
        <RouteLinkRef>AGAO252_002_45467</RouteLinkRef>
        <Direction>inbound</Direction>
        <RunTime>PT180S</RunTime>
      </JourneyPatternTimingLink>
      <JourneyPatternTimingLink id="JPS_AGAO252-3_45468">
        <From>
          <StopPointRef>6490IM587</StopPointRef>
          <TimingStatus>PTP</TimingStatus>
        </From>
        <To>
          <StopPointRef>6490IM1191</StopPointRef>
          <TimingStatus>PTP</TimingStatus>
        </To>
        <RouteLinkRef>AGAO252_002_45468</RouteLinkRef>
        <Direction>inbound</Direction>
        <RunTime>PT600S</RunTime>
      </JourneyPatternTimingLink>
      <JourneyPatternTimingLink id="JPS_AGAO252-3_45469">
        <From>
          <StopPointRef>6490IM1191</StopPointRef>
          <TimingStatus>PTP</TimingStatus>
        </From>
        <To>
          <StopPointRef>6490IM1736</StopPointRef>
          <TimingStatus>PTP</TimingStatus>
        </To>
        <RouteLinkRef>AGAO252_002_45469</RouteLinkRef>
        <Direction>inbound</Direction>
        <RunTime>PT300S</RunTime>
      </JourneyPatternTimingLink>
    </JourneyPatternSection>
    <JourneyPatternSection id="JPS_AGAO252-4">
      <JourneyPatternTimingLink id="JPS_AGAO252-4_45471">
        <From>
          <StopPointRef>6490IM1736</StopPointRef>
          <TimingStatus>PTP</TimingStatus>
        </From>
        <To>
          <StopPointRef>6490IM1190</StopPointRef>
          <TimingStatus>PTP</TimingStatus>
        </To>
        <RouteLinkRef>AGAO252_001_45471</RouteLinkRef>
        <Direction>outbound</Direction>
        <RunTime>PT300S</RunTime>
      </JourneyPatternTimingLink>
      <JourneyPatternTimingLink id="JPS_AGAO252-4_45472">
        <From>
          <StopPointRef>6490IM1190</StopPointRef>
          <TimingStatus>PTP</TimingStatus>
        </From>
        <To>
          <StopPointRef>6490IM571</StopPointRef>
          <TimingStatus>PTP</TimingStatus>
        </To>
        <RouteLinkRef>AGAO252_001_45472</RouteLinkRef>
        <Direction>outbound</Direction>
        <RunTime>PT660S</RunTime>
      </JourneyPatternTimingLink>
      <JourneyPatternTimingLink id="JPS_AGAO252-4_45473">
        <From>
          <StopPointRef>6490IM571</StopPointRef>
          <TimingStatus>PTP</TimingStatus>
        </From>
        <To>
          <StopPointRef>6490IM849</StopPointRef>
          <TimingStatus>PTP</TimingStatus>
        </To>
        <RouteLinkRef>AGAO252_001_45473</RouteLinkRef>
        <Direction>outbound</Direction>
        <RunTime>PT180S</RunTime>
      </JourneyPatternTimingLink>
      <JourneyPatternTimingLink id="JPS_AGAO252-4_45474">
        <From>
          <StopPointRef>6490IM849</StopPointRef>
          <TimingStatus>PTP</TimingStatus>
        </From>
        <To>
          <StopPointRef>6490IM094</StopPointRef>
          <TimingStatus>PTP</TimingStatus>
        </To>
        <RouteLinkRef>AGAO252_001_45474</RouteLinkRef>
        <Direction>outbound</Direction>
        <RunTime>PT480S</RunTime>
      </JourneyPatternTimingLink>
      <JourneyPatternTimingLink id="JPS_AGAO252-4_45475">
        <From>
          <StopPointRef>6490IM094</StopPointRef>
          <TimingStatus>PTP</TimingStatus>
        </From>
        <To>
          <StopPointRef>6400L00038</StopPointRef>
          <TimingStatus>PTP</TimingStatus>
        </To>
        <RouteLinkRef>AGAO252_001_45475</RouteLinkRef>
        <Direction>outbound</Direction>
        <RunTime>PT600S</RunTime>
      </JourneyPatternTimingLink>
      <JourneyPatternTimingLink id="JPS_AGAO252-4_45476">
        <From>
          <StopPointRef>6400L00038</StopPointRef>
          <TimingStatus>PTP</TimingStatus>
        </From>
        <To>
          <StopPointRef>6400PT1181</StopPointRef>
          <TimingStatus>PTP</TimingStatus>
        </To>
        <RouteLinkRef>AGAO252_001_45476</RouteLinkRef>
        <Direction>outbound</Direction>
        <RunTime>PT420S</RunTime>
      </JourneyPatternTimingLink>
      <JourneyPatternTimingLink id="JPS_AGAO252-4_45477">
        <From>
          <StopPointRef>6400PT1181</StopPointRef>
          <TimingStatus>PTP</TimingStatus>
        </From>
        <To>
          <StopPointRef>6400PT1169</StopPointRef>
          <TimingStatus>PTP</TimingStatus>
        </To>
        <RouteLinkRef>AGAO252_001_45477</RouteLinkRef>
        <Direction>outbound</Direction>
        <RunTime>PT780S</RunTime>
      </JourneyPatternTimingLink>
      <JourneyPatternTimingLink id="JPS_AGAO252-4_45478">
        <From>
          <WaitTime>PT180S</WaitTime>
          <StopPointRef>6400PT1169</StopPointRef>
          <TimingStatus>PTP</TimingStatus>
        </From>
        <To>
          <StopPointRef>64800191</StopPointRef>
          <TimingStatus>PTP</TimingStatus>
        </To>
        <RouteLinkRef>AGAO252_001_45478</RouteLinkRef>
        <Direction>outbound</Direction>
        <RunTime>PT900S</RunTime>
      </JourneyPatternTimingLink>
      <JourneyPatternTimingLink id="JPS_AGAO252-4_45479">
        <From>
          <StopPointRef>64800191</StopPointRef>
          <TimingStatus>PTP</TimingStatus>
        </From>
        <To>
          <StopPointRef>64802052</StopPointRef>
          <TimingStatus>PTP</TimingStatus>
        </To>
        <RouteLinkRef>AGAO252_001_45479</RouteLinkRef>
        <Direction>outbound</Direction>
        <RunTime>PT1140S</RunTime>
      </JourneyPatternTimingLink>
      <JourneyPatternTimingLink id="JPS_AGAO252-4_45480">
        <From>
          <WaitTime>PT180S</WaitTime>
          <StopPointRef>64802052</StopPointRef>
          <TimingStatus>PTP</TimingStatus>
        </From>
        <To>
          <StopPointRef>64801264</StopPointRef>
          <TimingStatus>PTP</TimingStatus>
        </To>
        <RouteLinkRef>AGAO252_001_45480</RouteLinkRef>
        <Direction>outbound</Direction>
        <RunTime>PT480S</RunTime>
      </JourneyPatternTimingLink>
      <JourneyPatternTimingLink id="JPS_AGAO252-4_45481">
        <From>
          <StopPointRef>64801264</StopPointRef>
          <TimingStatus>PTP</TimingStatus>
        </From>
        <To>
          <StopPointRef>64801614</StopPointRef>
          <TimingStatus>PTP</TimingStatus>
        </To>
        <RouteLinkRef>AGAO252_001_45481</RouteLinkRef>
        <Direction>outbound</Direction>
        <RunTime>PT900S</RunTime>
      </JourneyPatternTimingLink>
      <JourneyPatternTimingLink id="JPS_AGAO252-4_45482">
        <From>
          <StopPointRef>64801614</StopPointRef>
          <TimingStatus>PTP</TimingStatus>
        </From>
        <To>
          <StopPointRef>64802315</StopPointRef>
          <TimingStatus>PTP</TimingStatus>
        </To>
        <RouteLinkRef>AGAO252_001_45482</RouteLinkRef>
        <Direction>outbound</Direction>
        <RunTime>PT480S</RunTime>
      </JourneyPatternTimingLink>
      <JourneyPatternTimingLink id="JPS_AGAO252-4_45483">
        <From>
          <StopPointRef>64802315</StopPointRef>
          <TimingStatus>PTP</TimingStatus>
        </From>
        <To>
          <StopPointRef>66005810018</StopPointRef>
          <TimingStatus>PTP</TimingStatus>
        </To>
        <RouteLinkRef>AGAO252_001_45483</RouteLinkRef>
        <Direction>outbound</Direction>
        <RunTime>PT480S</RunTime>
      </JourneyPatternTimingLink>
      <JourneyPatternTimingLink id="JPS_AGAO252-4_45484">
        <From>
          <StopPointRef>66005810018</StopPointRef>
          <TimingStatus>PTP</TimingStatus>
        </From>
        <To>
          <StopPointRef>66903000025</StopPointRef>
          <TimingStatus>PTP</TimingStatus>
        </To>
        <RouteLinkRef>AGAO252_001_45484</RouteLinkRef>
        <Direction>outbound</Direction>
        <RunTime>PT1200S</RunTime>
      </JourneyPatternTimingLink>
      <JourneyPatternTimingLink id="JPS_AGAO252-4_45485">
        <From>
          <StopPointRef>66903000025</StopPointRef>
          <TimingStatus>PTP</TimingStatus>
        </From>
        <To>
          <StopPointRef>66903570016</StopPointRef>
          <TimingStatus>PTP</TimingStatus>
        </To>
        <RouteLinkRef>AGAO252_001_45485</RouteLinkRef>
        <Direction>outbound</Direction>
        <RunTime>PT420S</RunTime>
      </JourneyPatternTimingLink>
      <JourneyPatternTimingLink id="JPS_AGAO252-4_45486">
        <From>
          <StopPointRef>66903570016</StopPointRef>
          <TimingStatus>PTP</TimingStatus>
        </From>
        <To>
          <StopPointRef>61601141</StopPointRef>
          <TimingStatus>PTP</TimingStatus>
        </To>
        <RouteLinkRef>AGAO252_001_45486</RouteLinkRef>
        <Direction>outbound</Direction>
        <RunTime>PT1020S</RunTime>
      </JourneyPatternTimingLink>
      <JourneyPatternTimingLink id="JPS_AGAO252-4_45487">
        <From>
          <StopPointRef>61601141</StopPointRef>
          <TimingStatus>PTP</TimingStatus>
        </From>
        <To>
          <StopPointRef>61401047</StopPointRef>
          <TimingStatus>PTP</TimingStatus>
        </To>
        <RouteLinkRef>AGAO252_001_45487</RouteLinkRef>
        <Direction>outbound</Direction>
        <RunTime>PT1080S</RunTime>
      </JourneyPatternTimingLink>
      <JourneyPatternTimingLink id="JPS_AGAO252-4_45488">
        <From>
          <StopPointRef>61401047</StopPointRef>
          <TimingStatus>PTP</TimingStatus>
        </From>
        <To>
          <StopPointRef>6140789</StopPointRef>
          <TimingStatus>PTP</TimingStatus>
        </To>
        <RouteLinkRef>AGAO252_001_45488</RouteLinkRef>
        <Direction>outbound</Direction>
        <RunTime>PT1380S</RunTime>
      </JourneyPatternTimingLink>
      <JourneyPatternTimingLink id="JPS_AGAO252-4_45489">
        <From>
          <StopPointRef>6140789</StopPointRef>
          <TimingStatus>PTP</TimingStatus>
        </From>
        <To>
          <StopPointRef>61709</StopPointRef>
          <TimingStatus>PTP</TimingStatus>
        </To>
        <RouteLinkRef>AGAO252_001_45489</RouteLinkRef>
        <Direction>outbound</Direction>
        <RunTime>PT420S</RunTime>
      </JourneyPatternTimingLink>
      <JourneyPatternTimingLink id="JPS_AGAO252-4_45490">
        <From>
          <StopPointRef>61709</StopPointRef>
          <TimingStatus>PTP</TimingStatus>
        </From>
        <To>
          <StopPointRef>6170521</StopPointRef>
          <TimingStatus>PTP</TimingStatus>
        </To>
        <RouteLinkRef>AGAO252_001_45490</RouteLinkRef>
        <Direction>outbound</Direction>
        <RunTime>PT900S</RunTime>
      </JourneyPatternTimingLink>
    </JourneyPatternSection>
  </JourneyPatternSections>
  <Operators>
    <Operator id="FSH">
      <NationalOperatorCode>FSHT</NationalOperatorCode>
      <OperatorCode>FSH</OperatorCode>
      <OperatorShortName>Fishers Tours</OperatorShortName>
    </Operator>
  </Operators>
  <Services>
    <Service>
      <ServiceCode>AGAO252</ServiceCode>
      <Lines>
        <Line id="0">
          <LineName>252</LineName>
        </Line>
      </Lines>
      <OperatingPeriod>
        <StartDate>2019-02-08</StartDate>
        <EndDate>2049-12-31</EndDate>
      </OperatingPeriod>
      <RegisteredOperatorRef>FSH</RegisteredOperatorRef>
      <StopRequirements>
        <NoNewStopsRequired />
      </StopRequirements>
      <Mode>bus</Mode>
      <Description>Arbroath - Largs</Description>
      <StandardService>
        <Origin>Arbroath</Origin>
        <Destination>Largs</Destination>
        <JourneyPattern id="JPS_AGAO252-3">
          <Direction>inbound</Direction>
          <JourneyPatternSectionRefs>JPS_AGAO252-3</JourneyPatternSectionRefs>
        </JourneyPattern>
        <JourneyPattern id="JPS_AGAO252-4">
          <Direction>outbound</Direction>
          <JourneyPatternSectionRefs>JPS_AGAO252-4</JourneyPatternSectionRefs>
        </JourneyPattern>
      </StandardService>
    </Service>
  </Services>
  <VehicleJourneys>
    <VehicleJourney>
      <OperatorRef>FSH</OperatorRef>
      <OperatingProfile>
        <RegularDayType>
          <DaysOfWeek>
            <Monday />
            <Tuesday />
            <Wednesday />
            <Thursday />
            <Friday />
            <Saturday />
            <Sunday />
          </DaysOfWeek>
        </RegularDayType>
        <ServicedOrganisationDayType>
          <DaysOfNonOperation>
            <WorkingDays>
              <ServicedOrganisationRef>176</ServicedOrganisationRef>
            </WorkingDays>
          </DaysOfNonOperation>
        </ServicedOrganisationDayType>
      </OperatingProfile>
      <VehicleJourneyCode>13545</VehicleJourneyCode>
      <ServiceRef>AGAO252</ServiceRef>
      <LineRef>0</LineRef>
      <JourneyPatternRef>JPS_AGAO252-3</JourneyPatternRef>
      <DepartureTime>15:30:00</DepartureTime>
    </VehicleJourney>
    <VehicleJourney>
      <OperatorRef>FSH</OperatorRef>
      <OperatingProfile>
        <RegularDayType>
          <DaysOfWeek>
            <Monday />
            <Tuesday />
            <Wednesday />
            <Thursday />
            <Friday />
            <Saturday />
            <Sunday />
          </DaysOfWeek>
        </RegularDayType>
        <ServicedOrganisationDayType>
          <DaysOfNonOperation>
            <WorkingDays>
              <ServicedOrganisationRef>176</ServicedOrganisationRef>
            </WorkingDays>
          </DaysOfNonOperation>
        </ServicedOrganisationDayType>
      </OperatingProfile>
      <VehicleJourneyCode>13546</VehicleJourneyCode>
      <ServiceRef>AGAO252</ServiceRef>
      <LineRef>0</LineRef>
      <JourneyPatternRef>JPS_AGAO252-4</JourneyPatternRef>
      <DepartureTime>08:00:00</DepartureTime>
    </VehicleJourney>
  </VehicleJourneys>
</TransXChange>