<?xml version="1.0" encoding="utf-8"?>
<TransXChange xmlns:xsi="http://www.w3.org/2001/XMLSchema-instance" xmlns:xsd="http://www.w3.org/2001/XMLSchema" xsi:schemaLocation="http://www.transxchange.org.uk/ http://www.transxchange.org.uk/schema/2.1/TransXChange_general.xsd" CreationDateTime="2019-10-07T12:01:00-00:00" ModificationDateTime="2019-10-07T12:01:00-00:00" Modification="new" RevisionNumber="0" FileName="SVRAYAO200.xml" SchemaVersion="2.1" RegistrationDocument="false" xmlns="http://www.transxchange.org.uk/">
  <ServicedOrganisations>
    <ServicedOrganisation>
      <OrganisationCode>957</OrganisationCode>
      <Name>
QE0 : Cif-200-WCM-20070816_20190509_162217.cif
</Name>
      <WorkingDays>
        <DateRange>
          <StartDate>2019-05-26</StartDate>
          <EndDate>2019-06-01</EndDate>
        </DateRange>
        <DateRange>
          <StartDate>2019-06-30</StartDate>
          <EndDate>2019-08-14</EndDate>
        </DateRange>
        <DateRange>
          <StartDate>2019-10-04</StartDate>
          <EndDate>2019-10-19</EndDate>
        </DateRange>
        <DateRange>
          <StartDate>2019-11-22</StartDate>
          <EndDate>2019-11-25</EndDate>
        </DateRange>
        <DateRange>
          <StartDate>2019-12-20</StartDate>
          <EndDate>2020-01-04</EndDate>
        </DateRange>
        <DateRange>
          <StartDate>2020-02-07</StartDate>
          <EndDate>2020-02-15</EndDate>
        </DateRange>
        <DateRange>
          <StartDate>2020-04-05</StartDate>
          <EndDate>2020-04-18</EndDate>
        </DateRange>
      </WorkingDays>
    </ServicedOrganisation>
    <ServicedOrganisation>
      <OrganisationCode>958</OrganisationCode>
      <Name>
QE0 : Cif-200-WCM-20070816_20190509_162217.cif
</Name>
      <WorkingDays>
        <DateRange>
          <StartDate>2019-05-09</StartDate>
          <EndDate>2019-05-27</EndDate>
        </DateRange>
        <DateRange>
          <StartDate>2019-06-01</StartDate>
          <EndDate>2019-06-29</EndDate>
        </DateRange>
        <DateRange>
          <StartDate>2019-08-15</StartDate>
          <EndDate>2019-10-03</EndDate>
        </DateRange>
        <DateRange>
          <StartDate>2019-10-20</StartDate>
          <EndDate>2019-11-21</EndDate>
        </DateRange>
        <DateRange>
          <StartDate>2019-11-26</StartDate>
          <EndDate>2019-12-19</EndDate>
        </DateRange>
        <DateRange>
          <StartDate>2020-01-04</StartDate>
          <EndDate>2020-02-06</EndDate>
        </DateRange>
        <DateRange>
          <StartDate>2020-02-16</StartDate>
          <EndDate>2020-04-05</EndDate>
        </DateRange>
        <DateRange>
          <StartDate>2020-04-19</StartDate>
          <EndDate>2020-05-09</EndDate>
        </DateRange>
      </WorkingDays>
    </ServicedOrganisation>
  </ServicedOrganisations>
  <StopPoints>
    <AnnotatedStopPointRef>
      <StopPointRef>60709352</StopPointRef>
      <CommonName>Bayview</CommonName>
    </AnnotatedStopPointRef>
    <AnnotatedStopPointRef>
      <StopPointRef>60709351</StopPointRef>
      <CommonName>Front Row</CommonName>
    </AnnotatedStopPointRef>
    <AnnotatedStopPointRef>
      <StopPointRef>60709350</StopPointRef>
      <CommonName>Turning Circle</CommonName>
    </AnnotatedStopPointRef>
    <AnnotatedStopPointRef>
      <StopPointRef>60709434</StopPointRef>
      <CommonName>Meadowburn Place</CommonName>
    </AnnotatedStopPointRef>
    <AnnotatedStopPointRef>
      <StopPointRef>60709346</StopPointRef>
      <CommonName>Meadows Avenue</CommonName>
    </AnnotatedStopPointRef>
    <AnnotatedStopPointRef>
      <StopPointRef>60709347</StopPointRef>
      <CommonName>Range Road junct</CommonName>
    </AnnotatedStopPointRef>
    <AnnotatedStopPointRef>
      <StopPointRef>60709348</StopPointRef>
      <CommonName>Crosshill Avenue</CommonName>
    </AnnotatedStopPointRef>
    <AnnotatedStopPointRef>
      <StopPointRef>60709349</StopPointRef>
      <CommonName>Crosshill Avenue</CommonName>
    </AnnotatedStopPointRef>
    <AnnotatedStopPointRef>
      <StopPointRef>60709340</StopPointRef>
      <CommonName>Limecraigs Road junct</CommonName>
    </AnnotatedStopPointRef>
    <AnnotatedStopPointRef>
      <StopPointRef>60709338</StopPointRef>
      <CommonName>Meadowpark</CommonName>
    </AnnotatedStopPointRef>
    <AnnotatedStopPointRef>
      <StopPointRef>60707335</StopPointRef>
      <CommonName>Castlehill Primary</CommonName>
    </AnnotatedStopPointRef>
    <AnnotatedStopPointRef>
      <StopPointRef>60709326</StopPointRef>
      <CommonName>Argyll Hotel</CommonName>
    </AnnotatedStopPointRef>
    <AnnotatedStopPointRef>
      <StopPointRef>60709327</StopPointRef>
      <CommonName>Lorne and Lowland Church</CommonName>
    </AnnotatedStopPointRef>
    <AnnotatedStopPointRef>
      <StopPointRef>60709443</StopPointRef>
      <CommonName>Fiddlers Inn</CommonName>
    </AnnotatedStopPointRef>
    <AnnotatedStopPointRef>
      <StopPointRef>60709441</StopPointRef>
      <CommonName>Tesco</CommonName>
    </AnnotatedStopPointRef>
    <AnnotatedStopPointRef>
      <StopPointRef>60709440</StopPointRef>
      <CommonName>Tesco</CommonName>
    </AnnotatedStopPointRef>
    <AnnotatedStopPointRef>
      <StopPointRef>60709324</StopPointRef>
      <CommonName>Bus Terminus</CommonName>
    </AnnotatedStopPointRef>
    <AnnotatedStopPointRef>
      <StopPointRef>60709325</StopPointRef>
      <CommonName>Argyll Street junct</CommonName>
    </AnnotatedStopPointRef>
    <AnnotatedStopPointRef>
      <StopPointRef>60709335</StopPointRef>
      <CommonName>Castlehill Primary</CommonName>
    </AnnotatedStopPointRef>
    <AnnotatedStopPointRef>
      <StopPointRef>60709337</StopPointRef>
      <CommonName>Meadowpark</CommonName>
    </AnnotatedStopPointRef>
    <AnnotatedStopPointRef>
      <StopPointRef>60709339</StopPointRef>
      <CommonName>Limecraigs Road junct</CommonName>
    </AnnotatedStopPointRef>
    <AnnotatedStopPointRef>
      <StopPointRef>60709341</StopPointRef>
      <CommonName>Ralston Road</CommonName>
    </AnnotatedStopPointRef>
    <AnnotatedStopPointRef>
      <StopPointRef>60709342</StopPointRef>
      <CommonName>Ralston Road</CommonName>
    </AnnotatedStopPointRef>
    <AnnotatedStopPointRef>
      <StopPointRef>60709343</StopPointRef>
      <CommonName>Ralston Road</CommonName>
    </AnnotatedStopPointRef>
    <AnnotatedStopPointRef>
      <StopPointRef>60709344</StopPointRef>
      <CommonName>Ralston Road</CommonName>
    </AnnotatedStopPointRef>
    <AnnotatedStopPointRef>
      <StopPointRef>60709345</StopPointRef>
      <CommonName>Tomaig Road</CommonName>
    </AnnotatedStopPointRef>
    <AnnotatedStopPointRef>
      <StopPointRef>60709827</StopPointRef>
      <CommonName>Meadowburn Place</CommonName>
    </AnnotatedStopPointRef>
    <AnnotatedStopPointRef>
      <StopPointRef>60707351</StopPointRef>
      <CommonName>Front Row</CommonName>
    </AnnotatedStopPointRef>
  </StopPoints>
  <RouteSections>
    <RouteSection id="AYAO200_004">
      <RouteLink id="AYAO200_004_287565">
        <From>
          <StopPointRef>60709352</StopPointRef>
        </From>
        <To>
          <StopPointRef>60709351</StopPointRef>
        </To>
        <Direction>inbound</Direction>
      </RouteLink>
      <RouteLink id="AYAO200_004_287566">
        <From>
          <StopPointRef>60709351</StopPointRef>
        </From>
        <To>
          <StopPointRef>60709350</StopPointRef>
        </To>
        <Direction>inbound</Direction>
      </RouteLink>
      <RouteLink id="AYAO200_004_287567">
        <From>
          <StopPointRef>60709350</StopPointRef>
        </From>
        <To>
          <StopPointRef>60709434</StopPointRef>
        </To>
        <Direction>inbound</Direction>
      </RouteLink>
      <RouteLink id="AYAO200_004_287568">
        <From>
          <StopPointRef>60709434</StopPointRef>
        </From>
        <To>
          <StopPointRef>60709346</StopPointRef>
        </To>
        <Direction>inbound</Direction>
      </RouteLink>
      <RouteLink id="AYAO200_004_287569">
        <From>
          <StopPointRef>60709346</StopPointRef>
        </From>
        <To>
          <StopPointRef>60709347</StopPointRef>
        </To>
        <Direction>inbound</Direction>
      </RouteLink>
      <RouteLink id="AYAO200_004_287570">
        <From>
          <StopPointRef>60709347</StopPointRef>
        </From>
        <To>
          <StopPointRef>60709348</StopPointRef>
        </To>
        <Direction>inbound</Direction>
      </RouteLink>
      <RouteLink id="AYAO200_004_287571">
        <From>
          <StopPointRef>60709348</StopPointRef>
        </From>
        <To>
          <StopPointRef>60709349</StopPointRef>
        </To>
        <Direction>inbound</Direction>
      </RouteLink>
      <RouteLink id="AYAO200_004_287572">
        <From>
          <StopPointRef>60709349</StopPointRef>
        </From>
        <To>
          <StopPointRef>60709340</StopPointRef>
        </To>
        <Direction>inbound</Direction>
      </RouteLink>
      <RouteLink id="AYAO200_004_287573">
        <From>
          <StopPointRef>60709340</StopPointRef>
        </From>
        <To>
          <StopPointRef>60709338</StopPointRef>
        </To>
        <Direction>inbound</Direction>
      </RouteLink>
      <RouteLink id="AYAO200_004_287574">
        <From>
          <StopPointRef>60709338</StopPointRef>
        </From>
        <To>
          <StopPointRef>60707335</StopPointRef>
        </To>
        <Direction>inbound</Direction>
      </RouteLink>
      <RouteLink id="AYAO200_004_287575">
        <From>
          <StopPointRef>60707335</StopPointRef>
        </From>
        <To>
          <StopPointRef>60709326</StopPointRef>
        </To>
        <Direction>inbound</Direction>
      </RouteLink>
    </RouteSection>
    <RouteSection id="AYAO200_003">
      <RouteLink id="AYAO200_003_287577">
        <From>
          <StopPointRef>60709352</StopPointRef>
        </From>
        <To>
          <StopPointRef>60709351</StopPointRef>
        </To>
        <Direction>inbound</Direction>
      </RouteLink>
      <RouteLink id="AYAO200_003_287578">
        <From>
          <StopPointRef>60709351</StopPointRef>
        </From>
        <To>
          <StopPointRef>60709350</StopPointRef>
        </To>
        <Direction>inbound</Direction>
      </RouteLink>
      <RouteLink id="AYAO200_003_287579">
        <From>
          <StopPointRef>60709350</StopPointRef>
        </From>
        <To>
          <StopPointRef>60709434</StopPointRef>
        </To>
        <Direction>inbound</Direction>
      </RouteLink>
      <RouteLink id="AYAO200_003_287580">
        <From>
          <StopPointRef>60709434</StopPointRef>
        </From>
        <To>
          <StopPointRef>60709346</StopPointRef>
        </To>
        <Direction>inbound</Direction>
      </RouteLink>
      <RouteLink id="AYAO200_003_287581">
        <From>
          <StopPointRef>60709346</StopPointRef>
        </From>
        <To>
          <StopPointRef>60709347</StopPointRef>
        </To>
        <Direction>inbound</Direction>
      </RouteLink>
      <RouteLink id="AYAO200_003_287582">
        <From>
          <StopPointRef>60709347</StopPointRef>
        </From>
        <To>
          <StopPointRef>60709348</StopPointRef>
        </To>
        <Direction>inbound</Direction>
      </RouteLink>
      <RouteLink id="AYAO200_003_287583">
        <From>
          <StopPointRef>60709348</StopPointRef>
        </From>
        <To>
          <StopPointRef>60709349</StopPointRef>
        </To>
        <Direction>inbound</Direction>
      </RouteLink>
      <RouteLink id="AYAO200_003_287584">
        <From>
          <StopPointRef>60709349</StopPointRef>
        </From>
        <To>
          <StopPointRef>60709340</StopPointRef>
        </To>
        <Direction>inbound</Direction>
      </RouteLink>
      <RouteLink id="AYAO200_003_287585">
        <From>
          <StopPointRef>60709340</StopPointRef>
        </From>
        <To>
          <StopPointRef>60709338</StopPointRef>
        </To>
        <Direction>inbound</Direction>
      </RouteLink>
      <RouteLink id="AYAO200_003_287586">
        <From>
          <StopPointRef>60709338</StopPointRef>
        </From>
        <To>
          <StopPointRef>60707335</StopPointRef>
        </To>
        <Direction>inbound</Direction>
      </RouteLink>
      <RouteLink id="AYAO200_003_287587">
        <From>
          <StopPointRef>60707335</StopPointRef>
        </From>
        <To>
          <StopPointRef>60709326</StopPointRef>
        </To>
        <Direction>inbound</Direction>
      </RouteLink>
      <RouteLink id="AYAO200_003_287588">
        <From>
          <StopPointRef>60709326</StopPointRef>
        </From>
        <To>
          <StopPointRef>60709327</StopPointRef>
        </To>
        <Direction>inbound</Direction>
      </RouteLink>
      <RouteLink id="AYAO200_003_287589">
        <From>
          <StopPointRef>60709327</StopPointRef>
        </From>
        <To>
          <StopPointRef>60709443</StopPointRef>
        </To>
        <Direction>inbound</Direction>
      </RouteLink>
      <RouteLink id="AYAO200_003_287590">
        <From>
          <StopPointRef>60709443</StopPointRef>
        </From>
        <To>
          <StopPointRef>60709441</StopPointRef>
        </To>
        <Direction>inbound</Direction>
      </RouteLink>
    </RouteSection>
    <RouteSection id="AYAO200_001">
      <RouteLink id="AYAO200_001_287592">
        <From>
          <StopPointRef>60709440</StopPointRef>
        </From>
        <To>
          <StopPointRef>60709324</StopPointRef>
        </To>
        <Direction>outbound</Direction>
      </RouteLink>
      <RouteLink id="AYAO200_001_287593">
        <From>
          <StopPointRef>60709324</StopPointRef>
        </From>
        <To>
          <StopPointRef>60709325</StopPointRef>
        </To>
        <Direction>outbound</Direction>
      </RouteLink>
      <RouteLink id="AYAO200_001_287594">
        <From>
          <StopPointRef>60709325</StopPointRef>
        </From>
        <To>
          <StopPointRef>60709335</StopPointRef>
        </To>
        <Direction>outbound</Direction>
      </RouteLink>
      <RouteLink id="AYAO200_001_287595">
        <From>
          <StopPointRef>60709335</StopPointRef>
        </From>
        <To>
          <StopPointRef>60709337</StopPointRef>
        </To>
        <Direction>outbound</Direction>
      </RouteLink>
      <RouteLink id="AYAO200_001_287596">
        <From>
          <StopPointRef>60709337</StopPointRef>
        </From>
        <To>
          <StopPointRef>60709339</StopPointRef>
        </To>
        <Direction>outbound</Direction>
      </RouteLink>
      <RouteLink id="AYAO200_001_287597">
        <From>
          <StopPointRef>60709339</StopPointRef>
        </From>
        <To>
          <StopPointRef>60709341</StopPointRef>
        </To>
        <Direction>outbound</Direction>
      </RouteLink>
      <RouteLink id="AYAO200_001_287598">
        <From>
          <StopPointRef>60709341</StopPointRef>
        </From>
        <To>
          <StopPointRef>60709342</StopPointRef>
        </To>
        <Direction>outbound</Direction>
      </RouteLink>
      <RouteLink id="AYAO200_001_287599">
        <From>
          <StopPointRef>60709342</StopPointRef>
        </From>
        <To>
          <StopPointRef>60709343</StopPointRef>
        </To>
        <Direction>outbound</Direction>
      </RouteLink>
      <RouteLink id="AYAO200_001_287600">
        <From>
          <StopPointRef>60709343</StopPointRef>
        </From>
        <To>
          <StopPointRef>60709344</StopPointRef>
        </To>
        <Direction>outbound</Direction>
      </RouteLink>
      <RouteLink id="AYAO200_001_287601">
        <From>
          <StopPointRef>60709344</StopPointRef>
        </From>
        <To>
          <StopPointRef>60709345</StopPointRef>
        </To>
        <Direction>outbound</Direction>
      </RouteLink>
      <RouteLink id="AYAO200_001_287602">
        <From>
          <StopPointRef>60709345</StopPointRef>
        </From>
        <To>
          <StopPointRef>60709827</StopPointRef>
        </To>
        <Direction>outbound</Direction>
      </RouteLink>
      <RouteLink id="AYAO200_001_287603">
        <From>
          <StopPointRef>60709827</StopPointRef>
        </From>
        <To>
          <StopPointRef>60709350</StopPointRef>
        </To>
        <Direction>outbound</Direction>
      </RouteLink>
      <RouteLink id="AYAO200_001_287604">
        <From>
          <StopPointRef>60709350</StopPointRef>
        </From>
        <To>
          <StopPointRef>60707351</StopPointRef>
        </To>
        <Direction>outbound</Direction>
      </RouteLink>
      <RouteLink id="AYAO200_001_287605">
        <From>
          <StopPointRef>60707351</StopPointRef>
        </From>
        <To>
          <StopPointRef>60709352</StopPointRef>
        </To>
        <Direction>outbound</Direction>
      </RouteLink>
    </RouteSection>
    <RouteSection id="AYAO200_002">
      <RouteLink id="AYAO200_002_287607">
        <From>
          <StopPointRef>60709324</StopPointRef>
        </From>
        <To>
          <StopPointRef>60709325</StopPointRef>
        </To>
        <Direction>outbound</Direction>
      </RouteLink>
      <RouteLink id="AYAO200_002_287608">
        <From>
          <StopPointRef>60709325</StopPointRef>
        </From>
        <To>
          <StopPointRef>60709335</StopPointRef>
        </To>
        <Direction>outbound</Direction>
      </RouteLink>
      <RouteLink id="AYAO200_002_287609">
        <From>
          <StopPointRef>60709335</StopPointRef>
        </From>
        <To>
          <StopPointRef>60709337</StopPointRef>
        </To>
        <Direction>outbound</Direction>
      </RouteLink>
      <RouteLink id="AYAO200_002_287610">
        <From>
          <StopPointRef>60709337</StopPointRef>
        </From>
        <To>
          <StopPointRef>60709339</StopPointRef>
        </To>
        <Direction>outbound</Direction>
      </RouteLink>
      <RouteLink id="AYAO200_002_287611">
        <From>
          <StopPointRef>60709339</StopPointRef>
        </From>
        <To>
          <StopPointRef>60709341</StopPointRef>
        </To>
        <Direction>outbound</Direction>
      </RouteLink>
      <RouteLink id="AYAO200_002_287612">
        <From>
          <StopPointRef>60709341</StopPointRef>
        </From>
        <To>
          <StopPointRef>60709342</StopPointRef>
        </To>
        <Direction>outbound</Direction>
      </RouteLink>
      <RouteLink id="AYAO200_002_287613">
        <From>
          <StopPointRef>60709342</StopPointRef>
        </From>
        <To>
          <StopPointRef>60709343</StopPointRef>
        </To>
        <Direction>outbound</Direction>
      </RouteLink>
      <RouteLink id="AYAO200_002_287614">
        <From>
          <StopPointRef>60709343</StopPointRef>
        </From>
        <To>
          <StopPointRef>60709344</StopPointRef>
        </To>
        <Direction>outbound</Direction>
      </RouteLink>
      <RouteLink id="AYAO200_002_287615">
        <From>
          <StopPointRef>60709344</StopPointRef>
        </From>
        <To>
          <StopPointRef>60709345</StopPointRef>
        </To>
        <Direction>outbound</Direction>
      </RouteLink>
      <RouteLink id="AYAO200_002_287616">
        <From>
          <StopPointRef>60709345</StopPointRef>
        </From>
        <To>
          <StopPointRef>60709827</StopPointRef>
        </To>
        <Direction>outbound</Direction>
      </RouteLink>
      <RouteLink id="AYAO200_002_287617">
        <From>
          <StopPointRef>60709827</StopPointRef>
        </From>
        <To>
          <StopPointRef>60709350</StopPointRef>
        </To>
        <Direction>outbound</Direction>
      </RouteLink>
      <RouteLink id="AYAO200_002_287618">
        <From>
          <StopPointRef>60709350</StopPointRef>
        </From>
        <To>
          <StopPointRef>60707351</StopPointRef>
        </To>
        <Direction>outbound</Direction>
      </RouteLink>
      <RouteLink id="AYAO200_002_287619">
        <From>
          <StopPointRef>60707351</StopPointRef>
        </From>
        <To>
          <StopPointRef>60709352</StopPointRef>
        </To>
        <Direction>outbound</Direction>
      </RouteLink>
    </RouteSection>
  </RouteSections>
  <Routes>
    <Route id="AYAO200_004">
      <Description>Machrihanish - Campbeltown
</Description>
      <RouteSectionRef>AYAO200_004</RouteSectionRef>
    </Route>
    <Route id="AYAO200_003">
      <Description>Machrihanish - Campbeltown
</Description>
      <RouteSectionRef>AYAO200_003</RouteSectionRef>
    </Route>
    <Route id="AYAO200_001">
      <Description>Campbeltown - Machrihanish
</Description>
      <RouteSectionRef>AYAO200_001</RouteSectionRef>
    </Route>
    <Route id="AYAO200_002">
      <Description>Campbeltown - Machrihanish
</Description>
      <RouteSectionRef>AYAO200_002</RouteSectionRef>
    </Route>
  </Routes>
  <JourneyPatternSections>
    <JourneyPatternSection id="JPS_AYAO200-5">
      <JourneyPatternTimingLink id="JPS_AYAO200-5_287565">
        <From>
          <StopPointRef>60709352</StopPointRef>
          <TimingStatus>PTP</TimingStatus>
        </From>
        <To>
          <StopPointRef>60709351</StopPointRef>
          <TimingStatus>PTP</TimingStatus>
        </To>
        <RouteLinkRef>AYAO200_004_287565</RouteLinkRef>
        <Direction>inbound</Direction>
        <RunTime>PT300S</RunTime>
      </JourneyPatternTimingLink>
      <JourneyPatternTimingLink id="JPS_AYAO200-5_287566">
        <From>
          <StopPointRef>60709351</StopPointRef>
          <TimingStatus>PTP</TimingStatus>
        </From>
        <To>
          <StopPointRef>60709350</StopPointRef>
          <TimingStatus>PTP</TimingStatus>
        </To>
        <RouteLinkRef>AYAO200_004_287566</RouteLinkRef>
        <Direction>inbound</Direction>
        <RunTime>PT300S</RunTime>
      </JourneyPatternTimingLink>
      <JourneyPatternTimingLink id="JPS_AYAO200-5_287567">
        <From>
          <StopPointRef>60709350</StopPointRef>
          <TimingStatus>PTP</TimingStatus>
        </From>
        <To>
          <StopPointRef>60709434</StopPointRef>
          <TimingStatus>OTH</TimingStatus>
        </To>
        <RouteLinkRef>AYAO200_004_287567</RouteLinkRef>
        <Direction>inbound</Direction>
        <RunTime>PT240S</RunTime>
      </JourneyPatternTimingLink>
      <JourneyPatternTimingLink id="JPS_AYAO200-5_287568">
        <From>
          <StopPointRef>60709434</StopPointRef>
          <TimingStatus>OTH</TimingStatus>
        </From>
        <To>
          <StopPointRef>60709346</StopPointRef>
          <TimingStatus>OTH</TimingStatus>
        </To>
        <RouteLinkRef>AYAO200_004_287568</RouteLinkRef>
        <Direction>inbound</Direction>
        <RunTime>PT0S</RunTime>
      </JourneyPatternTimingLink>
      <JourneyPatternTimingLink id="JPS_AYAO200-5_287569">
        <From>
          <StopPointRef>60709346</StopPointRef>
          <TimingStatus>OTH</TimingStatus>
        </From>
        <To>
          <StopPointRef>60709347</StopPointRef>
          <TimingStatus>PTP</TimingStatus>
        </To>
        <RouteLinkRef>AYAO200_004_287569</RouteLinkRef>
        <Direction>inbound</Direction>
        <RunTime>PT60S</RunTime>
      </JourneyPatternTimingLink>
      <JourneyPatternTimingLink id="JPS_AYAO200-5_287570">
        <From>
          <StopPointRef>60709347</StopPointRef>
          <TimingStatus>PTP</TimingStatus>
        </From>
        <To>
          <StopPointRef>60709348</StopPointRef>
          <TimingStatus>OTH</TimingStatus>
        </To>
        <RouteLinkRef>AYAO200_004_287570</RouteLinkRef>
        <Direction>inbound</Direction>
        <RunTime>PT0S</RunTime>
      </JourneyPatternTimingLink>
      <JourneyPatternTimingLink id="JPS_AYAO200-5_287571">
        <From>
          <StopPointRef>60709348</StopPointRef>
          <TimingStatus>OTH</TimingStatus>
        </From>
        <To>
          <StopPointRef>60709349</StopPointRef>
          <TimingStatus>OTH</TimingStatus>
        </To>
        <RouteLinkRef>AYAO200_004_287571</RouteLinkRef>
        <Direction>inbound</Direction>
        <RunTime>PT0S</RunTime>
      </JourneyPatternTimingLink>
      <JourneyPatternTimingLink id="JPS_AYAO200-5_287572">
        <From>
          <StopPointRef>60709349</StopPointRef>
          <TimingStatus>OTH</TimingStatus>
        </From>
        <To>
          <StopPointRef>60709340</StopPointRef>
          <TimingStatus>OTH</TimingStatus>
        </To>
        <RouteLinkRef>AYAO200_004_287572</RouteLinkRef>
        <Direction>inbound</Direction>
        <RunTime>PT0S</RunTime>
      </JourneyPatternTimingLink>
      <JourneyPatternTimingLink id="JPS_AYAO200-5_287573">
        <From>
          <StopPointRef>60709340</StopPointRef>
          <TimingStatus>OTH</TimingStatus>
        </From>
        <To>
          <StopPointRef>60709338</StopPointRef>
          <TimingStatus>OTH</TimingStatus>
        </To>
        <RouteLinkRef>AYAO200_004_287573</RouteLinkRef>
        <Direction>inbound</Direction>
        <RunTime>PT60S</RunTime>
      </JourneyPatternTimingLink>
      <JourneyPatternTimingLink id="JPS_AYAO200-5_287574">
        <From>
          <StopPointRef>60709338</StopPointRef>
          <TimingStatus>OTH</TimingStatus>
        </From>
        <To>
          <StopPointRef>60707335</StopPointRef>
          <TimingStatus>OTH</TimingStatus>
        </To>
        <RouteLinkRef>AYAO200_004_287574</RouteLinkRef>
        <Direction>inbound</Direction>
        <RunTime>PT0S</RunTime>
      </JourneyPatternTimingLink>
      <JourneyPatternTimingLink id="JPS_AYAO200-5_287575">
        <From>
          <StopPointRef>60707335</StopPointRef>
          <TimingStatus>OTH</TimingStatus>
        </From>
        <To>
          <StopPointRef>60709326</StopPointRef>
          <TimingStatus>PTP</TimingStatus>
        </To>
        <RouteLinkRef>AYAO200_004_287575</RouteLinkRef>
        <Direction>inbound</Direction>
        <RunTime>PT60S</RunTime>
      </JourneyPatternTimingLink>
    </JourneyPatternSection>
    <JourneyPatternSection id="JPS_AYAO200-6">
      <JourneyPatternTimingLink id="JPS_AYAO200-6_287577">
        <From>
          <StopPointRef>60709352</StopPointRef>
          <TimingStatus>PTP</TimingStatus>
        </From>
        <To>
          <StopPointRef>60709351</StopPointRef>
          <TimingStatus>PTP</TimingStatus>
        </To>
        <RouteLinkRef>AYAO200_003_287577</RouteLinkRef>
        <Direction>inbound</Direction>
        <RunTime>PT300S</RunTime>
      </JourneyPatternTimingLink>
      <JourneyPatternTimingLink id="JPS_AYAO200-6_287578">
        <From>
          <StopPointRef>60709351</StopPointRef>
          <TimingStatus>PTP</TimingStatus>
        </From>
        <To>
          <StopPointRef>60709350</StopPointRef>
          <TimingStatus>PTP</TimingStatus>
        </To>
        <RouteLinkRef>AYAO200_003_287578</RouteLinkRef>
        <Direction>inbound</Direction>
        <RunTime>PT300S</RunTime>
      </JourneyPatternTimingLink>
      <JourneyPatternTimingLink id="JPS_AYAO200-6_287579">
        <From>
          <StopPointRef>60709350</StopPointRef>
          <TimingStatus>PTP</TimingStatus>
        </From>
        <To>
          <StopPointRef>60709434</StopPointRef>
          <TimingStatus>OTH</TimingStatus>
        </To>
        <RouteLinkRef>AYAO200_003_287579</RouteLinkRef>
        <Direction>inbound</Direction>
        <RunTime>PT240S</RunTime>
      </JourneyPatternTimingLink>
      <JourneyPatternTimingLink id="JPS_AYAO200-6_287580">
        <From>
          <StopPointRef>60709434</StopPointRef>
          <TimingStatus>OTH</TimingStatus>
        </From>
        <To>
          <StopPointRef>60709346</StopPointRef>
          <TimingStatus>OTH</TimingStatus>
        </To>
        <RouteLinkRef>AYAO200_003_287580</RouteLinkRef>
        <Direction>inbound</Direction>
        <RunTime>PT0S</RunTime>
      </JourneyPatternTimingLink>
      <JourneyPatternTimingLink id="JPS_AYAO200-6_287581">
        <From>
          <StopPointRef>60709346</StopPointRef>
          <TimingStatus>OTH</TimingStatus>
        </From>
        <To>
          <StopPointRef>60709347</StopPointRef>
          <TimingStatus>PTP</TimingStatus>
        </To>
        <RouteLinkRef>AYAO200_003_287581</RouteLinkRef>
        <Direction>inbound</Direction>
        <RunTime>PT60S</RunTime>
      </JourneyPatternTimingLink>
      <JourneyPatternTimingLink id="JPS_AYAO200-6_287582">
        <From>
          <StopPointRef>60709347</StopPointRef>
          <TimingStatus>PTP</TimingStatus>
        </From>
        <To>
          <StopPointRef>60709348</StopPointRef>
          <TimingStatus>OTH</TimingStatus>
        </To>
        <RouteLinkRef>AYAO200_003_287582</RouteLinkRef>
        <Direction>inbound</Direction>
        <RunTime>PT0S</RunTime>
      </JourneyPatternTimingLink>
      <JourneyPatternTimingLink id="JPS_AYAO200-6_287583">
        <From>
          <StopPointRef>60709348</StopPointRef>
          <TimingStatus>OTH</TimingStatus>
        </From>
        <To>
          <StopPointRef>60709349</StopPointRef>
          <TimingStatus>OTH</TimingStatus>
        </To>
        <RouteLinkRef>AYAO200_003_287583</RouteLinkRef>
        <Direction>inbound</Direction>
        <RunTime>PT0S</RunTime>
      </JourneyPatternTimingLink>
      <JourneyPatternTimingLink id="JPS_AYAO200-6_287584">
        <From>
          <StopPointRef>60709349</StopPointRef>
          <TimingStatus>OTH</TimingStatus>
        </From>
        <To>
          <StopPointRef>60709340</StopPointRef>
          <TimingStatus>OTH</TimingStatus>
        </To>
        <RouteLinkRef>AYAO200_003_287584</RouteLinkRef>
        <Direction>inbound</Direction>
        <RunTime>PT0S</RunTime>
      </JourneyPatternTimingLink>
      <JourneyPatternTimingLink id="JPS_AYAO200-6_287585">
        <From>
          <StopPointRef>60709340</StopPointRef>
          <TimingStatus>OTH</TimingStatus>
        </From>
        <To>
          <StopPointRef>60709338</StopPointRef>
          <TimingStatus>OTH</TimingStatus>
        </To>
        <RouteLinkRef>AYAO200_003_287585</RouteLinkRef>
        <Direction>inbound</Direction>
        <RunTime>PT60S</RunTime>
      </JourneyPatternTimingLink>
      <JourneyPatternTimingLink id="JPS_AYAO200-6_287586">
        <From>
          <StopPointRef>60709338</StopPointRef>
          <TimingStatus>OTH</TimingStatus>
        </From>
        <To>
          <StopPointRef>60707335</StopPointRef>
          <TimingStatus>OTH</TimingStatus>
        </To>
        <RouteLinkRef>AYAO200_003_287586</RouteLinkRef>
        <Direction>inbound</Direction>
        <RunTime>PT0S</RunTime>
      </JourneyPatternTimingLink>
      <JourneyPatternTimingLink id="JPS_AYAO200-6_287587">
        <From>
          <StopPointRef>60707335</StopPointRef>
          <TimingStatus>OTH</TimingStatus>
        </From>
        <To>
          <StopPointRef>60709326</StopPointRef>
          <TimingStatus>PTP</TimingStatus>
        </To>
        <RouteLinkRef>AYAO200_003_287587</RouteLinkRef>
        <Direction>inbound</Direction>
        <RunTime>PT60S</RunTime>
      </JourneyPatternTimingLink>
      <JourneyPatternTimingLink id="JPS_AYAO200-6_287588">
        <From>
          <StopPointRef>60709326</StopPointRef>
          <TimingStatus>PTP</TimingStatus>
        </From>
        <To>
          <StopPointRef>60709327</StopPointRef>
          <TimingStatus>OTH</TimingStatus>
        </To>
        <RouteLinkRef>AYAO200_003_287588</RouteLinkRef>
        <Direction>inbound</Direction>
        <RunTime>PT60S</RunTime>
      </JourneyPatternTimingLink>
      <JourneyPatternTimingLink id="JPS_AYAO200-6_287589">
        <From>
          <StopPointRef>60709327</StopPointRef>
          <TimingStatus>OTH</TimingStatus>
        </From>
        <To>
          <StopPointRef>60709443</StopPointRef>
          <TimingStatus>OTH</TimingStatus>
        </To>
        <RouteLinkRef>AYAO200_003_287589</RouteLinkRef>
        <Direction>inbound</Direction>
        <RunTime>PT60S</RunTime>
      </JourneyPatternTimingLink>
      <JourneyPatternTimingLink id="JPS_AYAO200-6_287590">
        <From>
          <StopPointRef>60709443</StopPointRef>
          <TimingStatus>OTH</TimingStatus>
        </From>
        <To>
          <StopPointRef>60709441</StopPointRef>
          <TimingStatus>PTP</TimingStatus>
        </To>
        <RouteLinkRef>AYAO200_003_287590</RouteLinkRef>
        <Direction>inbound</Direction>
        <RunTime>PT60S</RunTime>
      </JourneyPatternTimingLink>
    </JourneyPatternSection>
    <JourneyPatternSection id="JPS_AYAO200-7">
      <JourneyPatternTimingLink id="JPS_AYAO200-7_287592">
        <From>
          <StopPointRef>60709440</StopPointRef>
          <TimingStatus>PTP</TimingStatus>
        </From>
        <To>
          <StopPointRef>60709324</StopPointRef>
          <TimingStatus>PTP</TimingStatus>
        </To>
        <RouteLinkRef>AYAO200_001_287592</RouteLinkRef>
        <Direction>outbound</Direction>
        <RunTime>PT120S</RunTime>
      </JourneyPatternTimingLink>
      <JourneyPatternTimingLink id="JPS_AYAO200-7_287593">
        <From>
          <StopPointRef>60709324</StopPointRef>
          <TimingStatus>PTP</TimingStatus>
        </From>
        <To>
          <StopPointRef>60709325</StopPointRef>
          <TimingStatus>PTP</TimingStatus>
        </To>
        <RouteLinkRef>AYAO200_001_287593</RouteLinkRef>
        <Direction>outbound</Direction>
        <RunTime>PT120S</RunTime>
      </JourneyPatternTimingLink>
      <JourneyPatternTimingLink id="JPS_AYAO200-7_287594">
        <From>
          <StopPointRef>60709325</StopPointRef>
          <TimingStatus>PTP</TimingStatus>
        </From>
        <To>
          <StopPointRef>60709335</StopPointRef>
          <TimingStatus>OTH</TimingStatus>
        </To>
        <RouteLinkRef>AYAO200_001_287594</RouteLinkRef>
        <Direction>outbound</Direction>
        <RunTime>PT0S</RunTime>
      </JourneyPatternTimingLink>
      <JourneyPatternTimingLink id="JPS_AYAO200-7_287595">
        <From>
          <StopPointRef>60709335</StopPointRef>
          <TimingStatus>OTH</TimingStatus>
        </From>
        <To>
          <StopPointRef>60709337</StopPointRef>
          <TimingStatus>OTH</TimingStatus>
        </To>
        <RouteLinkRef>AYAO200_001_287595</RouteLinkRef>
        <Direction>outbound</Direction>
        <RunTime>PT60S</RunTime>
      </JourneyPatternTimingLink>
      <JourneyPatternTimingLink id="JPS_AYAO200-7_287596">
        <From>
          <StopPointRef>60709337</StopPointRef>
          <TimingStatus>OTH</TimingStatus>
        </From>
        <To>
          <StopPointRef>60709339</StopPointRef>
          <TimingStatus>OTH</TimingStatus>
        </To>
        <RouteLinkRef>AYAO200_001_287596</RouteLinkRef>
        <Direction>outbound</Direction>
        <RunTime>PT0S</RunTime>
      </JourneyPatternTimingLink>
      <JourneyPatternTimingLink id="JPS_AYAO200-7_287597">
        <From>
          <StopPointRef>60709339</StopPointRef>
          <TimingStatus>OTH</TimingStatus>
        </From>
        <To>
          <StopPointRef>60709341</StopPointRef>
          <TimingStatus>OTH</TimingStatus>
        </To>
        <RouteLinkRef>AYAO200_001_287597</RouteLinkRef>
        <Direction>outbound</Direction>
        <RunTime>PT0S</RunTime>
      </JourneyPatternTimingLink>
      <JourneyPatternTimingLink id="JPS_AYAO200-7_287598">
        <From>
          <StopPointRef>60709341</StopPointRef>
          <TimingStatus>OTH</TimingStatus>
        </From>
        <To>
          <StopPointRef>60709342</StopPointRef>
          <TimingStatus>OTH</TimingStatus>
        </To>
        <RouteLinkRef>AYAO200_001_287598</RouteLinkRef>
        <Direction>outbound</Direction>
        <RunTime>PT60S</RunTime>
      </JourneyPatternTimingLink>
      <JourneyPatternTimingLink id="JPS_AYAO200-7_287599">
        <From>
          <StopPointRef>60709342</StopPointRef>
          <TimingStatus>OTH</TimingStatus>
        </From>
        <To>
          <StopPointRef>60709343</StopPointRef>
          <TimingStatus>PTP</TimingStatus>
        </To>
        <RouteLinkRef>AYAO200_001_287599</RouteLinkRef>
        <Direction>outbound</Direction>
        <RunTime>PT60S</RunTime>
      </JourneyPatternTimingLink>
      <JourneyPatternTimingLink id="JPS_AYAO200-7_287600">
        <From>
          <StopPointRef>60709343</StopPointRef>
          <TimingStatus>PTP</TimingStatus>
        </From>
        <To>
          <StopPointRef>60709344</StopPointRef>
          <TimingStatus>OTH</TimingStatus>
        </To>
        <RouteLinkRef>AYAO200_001_287600</RouteLinkRef>
        <Direction>outbound</Direction>
        <RunTime>PT0S</RunTime>
      </JourneyPatternTimingLink>
      <JourneyPatternTimingLink id="JPS_AYAO200-7_287601">
        <From>
          <StopPointRef>60709344</StopPointRef>
          <TimingStatus>OTH</TimingStatus>
        </From>
        <To>
          <StopPointRef>60709345</StopPointRef>
          <TimingStatus>OTH</TimingStatus>
        </To>
        <RouteLinkRef>AYAO200_001_287601</RouteLinkRef>
        <Direction>outbound</Direction>
        <RunTime>PT0S</RunTime>
      </JourneyPatternTimingLink>
      <JourneyPatternTimingLink id="JPS_AYAO200-7_287602">
        <From>
          <StopPointRef>60709345</StopPointRef>
          <TimingStatus>OTH</TimingStatus>
        </From>
        <To>
          <StopPointRef>60709827</StopPointRef>
          <TimingStatus>OTH</TimingStatus>
        </To>
        <RouteLinkRef>AYAO200_001_287602</RouteLinkRef>
        <Direction>outbound</Direction>
        <RunTime>PT60S</RunTime>
      </JourneyPatternTimingLink>
      <JourneyPatternTimingLink id="JPS_AYAO200-7_287603">
        <From>
          <StopPointRef>60709827</StopPointRef>
          <TimingStatus>OTH</TimingStatus>
        </From>
        <To>
          <StopPointRef>60709350</StopPointRef>
          <TimingStatus>PTP</TimingStatus>
        </To>
        <RouteLinkRef>AYAO200_001_287603</RouteLinkRef>
        <Direction>outbound</Direction>
        <RunTime>PT240S</RunTime>
      </JourneyPatternTimingLink>
      <JourneyPatternTimingLink id="JPS_AYAO200-7_287604">
        <From>
          <StopPointRef>60709350</StopPointRef>
          <TimingStatus>PTP</TimingStatus>
        </From>
        <To>
          <StopPointRef>60707351</StopPointRef>
          <TimingStatus>PTP</TimingStatus>
        </To>
        <RouteLinkRef>AYAO200_001_287604</RouteLinkRef>
        <Direction>outbound</Direction>
        <RunTime>PT480S</RunTime>
      </JourneyPatternTimingLink>
      <JourneyPatternTimingLink id="JPS_AYAO200-7_287605">
        <From>
          <StopPointRef>60707351</StopPointRef>
          <TimingStatus>PTP</TimingStatus>
        </From>
        <To>
          <StopPointRef>60709352</StopPointRef>
          <TimingStatus>PTP</TimingStatus>
        </To>
        <RouteLinkRef>AYAO200_001_287605</RouteLinkRef>
        <Direction>outbound</Direction>
        <RunTime>PT300S</RunTime>
      </JourneyPatternTimingLink>
    </JourneyPatternSection>
    <JourneyPatternSection id="JPS_AYAO200-8">
      <JourneyPatternTimingLink id="JPS_AYAO200-8_287607">
        <From>
          <StopPointRef>60709324</StopPointRef>
          <TimingStatus>PTP</TimingStatus>
        </From>
        <To>
          <StopPointRef>60709325</StopPointRef>
          <TimingStatus>PTP</TimingStatus>
        </To>
        <RouteLinkRef>AYAO200_002_287607</RouteLinkRef>
        <Direction>outbound</Direction>
        <RunTime>PT120S</RunTime>
      </JourneyPatternTimingLink>
      <JourneyPatternTimingLink id="JPS_AYAO200-8_287608">
        <From>
          <StopPointRef>60709325</StopPointRef>
          <TimingStatus>PTP</TimingStatus>
        </From>
        <To>
          <StopPointRef>60709335</StopPointRef>
          <TimingStatus>OTH</TimingStatus>
        </To>
        <RouteLinkRef>AYAO200_002_287608</RouteLinkRef>
        <Direction>outbound</Direction>
        <RunTime>PT0S</RunTime>
      </JourneyPatternTimingLink>
      <JourneyPatternTimingLink id="JPS_AYAO200-8_287609">
        <From>
          <StopPointRef>60709335</StopPointRef>
          <TimingStatus>OTH</TimingStatus>
        </From>
        <To>
          <StopPointRef>60709337</StopPointRef>
          <TimingStatus>OTH</TimingStatus>
        </To>
        <RouteLinkRef>AYAO200_002_287609</RouteLinkRef>
        <Direction>outbound</Direction>
        <RunTime>PT60S</RunTime>
      </JourneyPatternTimingLink>
      <JourneyPatternTimingLink id="JPS_AYAO200-8_287610">
        <From>
          <StopPointRef>60709337</StopPointRef>
          <TimingStatus>OTH</TimingStatus>
        </From>
        <To>
          <StopPointRef>60709339</StopPointRef>
          <TimingStatus>OTH</TimingStatus>
        </To>
        <RouteLinkRef>AYAO200_002_287610</RouteLinkRef>
        <Direction>outbound</Direction>
        <RunTime>PT0S</RunTime>
      </JourneyPatternTimingLink>
      <JourneyPatternTimingLink id="JPS_AYAO200-8_287611">
        <From>
          <StopPointRef>60709339</StopPointRef>
          <TimingStatus>OTH</TimingStatus>
        </From>
        <To>
          <StopPointRef>60709341</StopPointRef>
          <TimingStatus>OTH</TimingStatus>
        </To>
        <RouteLinkRef>AYAO200_002_287611</RouteLinkRef>
        <Direction>outbound</Direction>
        <RunTime>PT0S</RunTime>
      </JourneyPatternTimingLink>
      <JourneyPatternTimingLink id="JPS_AYAO200-8_287612">
        <From>
          <StopPointRef>60709341</StopPointRef>
          <TimingStatus>OTH</TimingStatus>
        </From>
        <To>
          <StopPointRef>60709342</StopPointRef>
          <TimingStatus>OTH</TimingStatus>
        </To>
        <RouteLinkRef>AYAO200_002_287612</RouteLinkRef>
        <Direction>outbound</Direction>
        <RunTime>PT60S</RunTime>
      </JourneyPatternTimingLink>
      <JourneyPatternTimingLink id="JPS_AYAO200-8_287613">
        <From>
          <StopPointRef>60709342</StopPointRef>
          <TimingStatus>OTH</TimingStatus>
        </From>
        <To>
          <StopPointRef>60709343</StopPointRef>
          <TimingStatus>PTP</TimingStatus>
        </To>
        <RouteLinkRef>AYAO200_002_287613</RouteLinkRef>
        <Direction>outbound</Direction>
        <RunTime>PT60S</RunTime>
      </JourneyPatternTimingLink>
      <JourneyPatternTimingLink id="JPS_AYAO200-8_287614">
        <From>
          <StopPointRef>60709343</StopPointRef>
          <TimingStatus>PTP</TimingStatus>
        </From>
        <To>
          <StopPointRef>60709344</StopPointRef>
          <TimingStatus>OTH</TimingStatus>
        </To>
        <RouteLinkRef>AYAO200_002_287614</RouteLinkRef>
        <Direction>outbound</Direction>
        <RunTime>PT0S</RunTime>
      </JourneyPatternTimingLink>
      <JourneyPatternTimingLink id="JPS_AYAO200-8_287615">
        <From>
          <StopPointRef>60709344</StopPointRef>
          <TimingStatus>OTH</TimingStatus>
        </From>
        <To>
          <StopPointRef>60709345</StopPointRef>
          <TimingStatus>OTH</TimingStatus>
        </To>
        <RouteLinkRef>AYAO200_002_287615</RouteLinkRef>
        <Direction>outbound</Direction>
        <RunTime>PT0S</RunTime>
      </JourneyPatternTimingLink>
      <JourneyPatternTimingLink id="JPS_AYAO200-8_287616">
        <From>
          <StopPointRef>60709345</StopPointRef>
          <TimingStatus>OTH</TimingStatus>
        </From>
        <To>
          <StopPointRef>60709827</StopPointRef>
          <TimingStatus>OTH</TimingStatus>
        </To>
        <RouteLinkRef>AYAO200_002_287616</RouteLinkRef>
        <Direction>outbound</Direction>
        <RunTime>PT60S</RunTime>
      </JourneyPatternTimingLink>
      <JourneyPatternTimingLink id="JPS_AYAO200-8_287617">
        <From>
          <StopPointRef>60709827</StopPointRef>
          <TimingStatus>OTH</TimingStatus>
        </From>
        <To>
          <StopPointRef>60709350</StopPointRef>
          <TimingStatus>PTP</TimingStatus>
        </To>
        <RouteLinkRef>AYAO200_002_287617</RouteLinkRef>
        <Direction>outbound</Direction>
        <RunTime>PT240S</RunTime>
      </JourneyPatternTimingLink>
      <JourneyPatternTimingLink id="JPS_AYAO200-8_287618">
        <From>
          <StopPointRef>60709350</StopPointRef>
          <TimingStatus>PTP</TimingStatus>
        </From>
        <To>
          <StopPointRef>60707351</StopPointRef>
          <TimingStatus>PTP</TimingStatus>
        </To>
        <RouteLinkRef>AYAO200_002_287618</RouteLinkRef>
        <Direction>outbound</Direction>
        <RunTime>PT300S</RunTime>
      </JourneyPatternTimingLink>
      <JourneyPatternTimingLink id="JPS_AYAO200-8_287619">
        <From>
          <StopPointRef>60707351</StopPointRef>
          <TimingStatus>PTP</TimingStatus>
        </From>
        <To>
          <StopPointRef>60709352</StopPointRef>
          <TimingStatus>PTP</TimingStatus>
        </To>
        <RouteLinkRef>AYAO200_002_287619</RouteLinkRef>
        <Direction>outbound</Direction>
        <RunTime>PT300S</RunTime>
      </JourneyPatternTimingLink>
    </JourneyPatternSection>
    <JourneyPatternSection id="JPS_AYAO200-9">
      <JourneyPatternTimingLink id="JPS_AYAO200-9_287592">
        <From>
          <StopPointRef>60709440</StopPointRef>
          <TimingStatus>PTP</TimingStatus>
        </From>
        <To>
          <StopPointRef>60709324</StopPointRef>
          <TimingStatus>PTP</TimingStatus>
        </To>
        <RouteLinkRef>AYAO200_001_287592</RouteLinkRef>
        <Direction>outbound</Direction>
        <RunTime>PT120S</RunTime>
      </JourneyPatternTimingLink>
      <JourneyPatternTimingLink id="JPS_AYAO200-9_287593">
        <From>
          <StopPointRef>60709324</StopPointRef>
          <TimingStatus>PTP</TimingStatus>
        </From>
        <To>
          <StopPointRef>60709325</StopPointRef>
          <TimingStatus>PTP</TimingStatus>
        </To>
        <RouteLinkRef>AYAO200_001_287593</RouteLinkRef>
        <Direction>outbound</Direction>
        <RunTime>PT120S</RunTime>
      </JourneyPatternTimingLink>
      <JourneyPatternTimingLink id="JPS_AYAO200-9_287594">
        <From>
          <StopPointRef>60709325</StopPointRef>
          <TimingStatus>PTP</TimingStatus>
        </From>
        <To>
          <StopPointRef>60709335</StopPointRef>
          <TimingStatus>OTH</TimingStatus>
        </To>
        <RouteLinkRef>AYAO200_001_287594</RouteLinkRef>
        <Direction>outbound</Direction>
        <RunTime>PT0S</RunTime>
      </JourneyPatternTimingLink>
      <JourneyPatternTimingLink id="JPS_AYAO200-9_287595">
        <From>
          <StopPointRef>60709335</StopPointRef>
          <TimingStatus>OTH</TimingStatus>
        </From>
        <To>
          <StopPointRef>60709337</StopPointRef>
          <TimingStatus>OTH</TimingStatus>
        </To>
        <RouteLinkRef>AYAO200_001_287595</RouteLinkRef>
        <Direction>outbound</Direction>
        <RunTime>PT60S</RunTime>
      </JourneyPatternTimingLink>
      <JourneyPatternTimingLink id="JPS_AYAO200-9_287596">
        <From>
          <StopPointRef>60709337</StopPointRef>
          <TimingStatus>OTH</TimingStatus>
        </From>
        <To>
          <StopPointRef>60709339</StopPointRef>
          <TimingStatus>OTH</TimingStatus>
        </To>
        <RouteLinkRef>AYAO200_001_287596</RouteLinkRef>
        <Direction>outbound</Direction>
        <RunTime>PT0S</RunTime>
      </JourneyPatternTimingLink>
      <JourneyPatternTimingLink id="JPS_AYAO200-9_287597">
        <From>
          <StopPointRef>60709339</StopPointRef>
          <TimingStatus>OTH</TimingStatus>
        </From>
        <To>
          <StopPointRef>60709341</StopPointRef>
          <TimingStatus>OTH</TimingStatus>
        </To>
        <RouteLinkRef>AYAO200_001_287597</RouteLinkRef>
        <Direction>outbound</Direction>
        <RunTime>PT0S</RunTime>
      </JourneyPatternTimingLink>
      <JourneyPatternTimingLink id="JPS_AYAO200-9_287598">
        <From>
          <StopPointRef>60709341</StopPointRef>
          <TimingStatus>OTH</TimingStatus>
        </From>
        <To>
          <StopPointRef>60709342</StopPointRef>
          <TimingStatus>OTH</TimingStatus>
        </To>
        <RouteLinkRef>AYAO200_001_287598</RouteLinkRef>
        <Direction>outbound</Direction>
        <RunTime>PT60S</RunTime>
      </JourneyPatternTimingLink>
      <JourneyPatternTimingLink id="JPS_AYAO200-9_287599">
        <From>
          <StopPointRef>60709342</StopPointRef>
          <TimingStatus>OTH</TimingStatus>
        </From>
        <To>
          <StopPointRef>60709343</StopPointRef>
          <TimingStatus>PTP</TimingStatus>
        </To>
        <RouteLinkRef>AYAO200_001_287599</RouteLinkRef>
        <Direction>outbound</Direction>
        <RunTime>PT60S</RunTime>
      </JourneyPatternTimingLink>
      <JourneyPatternTimingLink id="JPS_AYAO200-9_287600">
        <From>
          <StopPointRef>60709343</StopPointRef>
          <TimingStatus>PTP</TimingStatus>
        </From>
        <To>
          <StopPointRef>60709344</StopPointRef>
          <TimingStatus>OTH</TimingStatus>
        </To>
        <RouteLinkRef>AYAO200_001_287600</RouteLinkRef>
        <Direction>outbound</Direction>
        <RunTime>PT0S</RunTime>
      </JourneyPatternTimingLink>
      <JourneyPatternTimingLink id="JPS_AYAO200-9_287601">
        <From>
          <StopPointRef>60709344</StopPointRef>
          <TimingStatus>OTH</TimingStatus>
        </From>
        <To>
          <StopPointRef>60709345</StopPointRef>
          <TimingStatus>OTH</TimingStatus>
        </To>
        <RouteLinkRef>AYAO200_001_287601</RouteLinkRef>
        <Direction>outbound</Direction>
        <RunTime>PT0S</RunTime>
      </JourneyPatternTimingLink>
      <JourneyPatternTimingLink id="JPS_AYAO200-9_287602">
        <From>
          <StopPointRef>60709345</StopPointRef>
          <TimingStatus>OTH</TimingStatus>
        </From>
        <To>
          <StopPointRef>60709827</StopPointRef>
          <TimingStatus>OTH</TimingStatus>
        </To>
        <RouteLinkRef>AYAO200_001_287602</RouteLinkRef>
        <Direction>outbound</Direction>
        <RunTime>PT60S</RunTime>
      </JourneyPatternTimingLink>
      <JourneyPatternTimingLink id="JPS_AYAO200-9_287603">
        <From>
          <StopPointRef>60709827</StopPointRef>
          <TimingStatus>OTH</TimingStatus>
        </From>
        <To>
          <StopPointRef>60709350</StopPointRef>
          <TimingStatus>PTP</TimingStatus>
        </To>
        <RouteLinkRef>AYAO200_001_287603</RouteLinkRef>
        <Direction>outbound</Direction>
        <RunTime>PT240S</RunTime>
      </JourneyPatternTimingLink>
      <JourneyPatternTimingLink id="JPS_AYAO200-9_287604">
        <From>
          <StopPointRef>60709350</StopPointRef>
          <TimingStatus>PTP</TimingStatus>
        </From>
        <To>
          <StopPointRef>60707351</StopPointRef>
          <TimingStatus>PTP</TimingStatus>
        </To>
        <RouteLinkRef>AYAO200_001_287604</RouteLinkRef>
        <Direction>outbound</Direction>
        <RunTime>PT300S</RunTime>
      </JourneyPatternTimingLink>
      <JourneyPatternTimingLink id="JPS_AYAO200-9_287605">
        <From>
          <StopPointRef>60707351</StopPointRef>
          <TimingStatus>PTP</TimingStatus>
        </From>
        <To>
          <StopPointRef>60709352</StopPointRef>
          <TimingStatus>PTP</TimingStatus>
        </To>
        <RouteLinkRef>AYAO200_001_287605</RouteLinkRef>
        <Direction>outbound</Direction>
        <RunTime>PT300S</RunTime>
      </JourneyPatternTimingLink>
    </JourneyPatternSection>
  </JourneyPatternSections>
  <Operators>
    <Operator id="WCM">
      <NationalOperatorCode>WCMO</NationalOperatorCode>
      <OperatorCode>WCM</OperatorCode>
      <OperatorShortName>West Coast Motors</OperatorShortName>
    </Operator>
  </Operators>
  <Services>
    <Service>
      <ServiceCode>AYAO200</ServiceCode>
      <Lines>
        <Line id="0">
          <LineName>200</LineName>
        </Line>
      </Lines>
      <OperatingPeriod>
        <StartDate>2007-01-30</StartDate>
        <EndDate>2020-05-09</EndDate>
      </OperatingPeriod>
      <RegisteredOperatorRef>WCM</RegisteredOperatorRef>
      <StopRequirements>
        <NoNewStopsRequired />
      </StopRequirements>
      <Mode>bus</Mode>
      <Description>Campbeltown - Machrihanish</Description>
      <StandardService>
        <Origin>Campbeltown</Origin>
        <Destination>Machrihanish</Destination>
        <JourneyPattern id="JPS_AYAO200-5">
          <Direction>inbound</Direction>
          <JourneyPatternSectionRefs>JPS_AYAO200-5</JourneyPatternSectionRefs>
        </JourneyPattern>
        <JourneyPattern id="JPS_AYAO200-6">
          <Direction>inbound</Direction>
          <JourneyPatternSectionRefs>JPS_AYAO200-6</JourneyPatternSectionRefs>
        </JourneyPattern>
        <JourneyPattern id="JPS_AYAO200-7">
          <Direction>outbound</Direction>
          <JourneyPatternSectionRefs>JPS_AYAO200-7</JourneyPatternSectionRefs>
        </JourneyPattern>
        <JourneyPattern id="JPS_AYAO200-8">
          <Direction>outbound</Direction>
          <JourneyPatternSectionRefs>JPS_AYAO200-8</JourneyPatternSectionRefs>
        </JourneyPattern>
        <JourneyPattern id="JPS_AYAO200-9">
          <Direction>outbound</Direction>
          <JourneyPatternSectionRefs>JPS_AYAO200-9</JourneyPatternSectionRefs>
        </JourneyPattern>
      </StandardService>
    </Service>
  </Services>
  <VehicleJourneys>
    <VehicleJourney>
      <OperatorRef>WCM</OperatorRef>
      <OperatingProfile>
        <RegularDayType>
          <DaysOfWeek>
            <Monday />
            <Tuesday />
            <Wednesday />
            <Thursday />
            <Friday />
          </DaysOfWeek>
        </RegularDayType>
        <ServicedOrganisationDayType>
          <DaysOfNonOperation>
            <WorkingDays>
              <ServicedOrganisationRef>957</ServicedOrganisationRef>
            </WorkingDays>
          </DaysOfNonOperation>
        </ServicedOrganisationDayType>
        <SpecialDaysOperation>
          <DaysOfNonOperation>
            <DateRange>
              <StartDate>2007-01-30</StartDate>
              <EndDate>2007-08-15</EndDate>
            </DateRange>
          </DaysOfNonOperation>
        </SpecialDaysOperation>
      </OperatingProfile>
      <VehicleJourneyCode>98018</VehicleJourneyCode>
      <ServiceRef>AYAO200</ServiceRef>
      <LineRef>0</LineRef>
      <JourneyPatternRef>JPS_AYAO200-5</JourneyPatternRef>
      <Note>
        <NoteCode>Sch-7</NoteCode>
        <NoteText>School Days Only</NoteText>
      </Note>
      <DepartureTime>15:10:00</DepartureTime>
    </VehicleJourney>
    <VehicleJourney>
      <OperatorRef>WCM</OperatorRef>
      <OperatingProfile>
        <RegularDayType>
          <DaysOfWeek>
            <Monday />
            <Tuesday />
            <Wednesday />
            <Thursday />
            <Friday />
          </DaysOfWeek>
        </RegularDayType>
        <SpecialDaysOperation>
          <DaysOfNonOperation>
            <DateRange>
              <StartDate>2007-01-30</StartDate>
              <EndDate>2007-08-15</EndDate>
            </DateRange>
            <DateRange>
              <StartDate>2020-04-10</StartDate>
              <EndDate>2020-04-10</EndDate>
            </DateRange>
            <DateRange>
              <StartDate>2020-05-04</StartDate>
              <EndDate>2020-05-04</EndDate>
            </DateRange>
          </DaysOfNonOperation>
        </SpecialDaysOperation>
      </OperatingProfile>
      <VehicleJourneyCode>98019</VehicleJourneyCode>
      <ServiceRef>AYAO200</ServiceRef>
      <LineRef>0</LineRef>
      <JourneyPatternRef>JPS_AYAO200-6</JourneyPatternRef>
      <DepartureTime>08:30:00</DepartureTime>
    </VehicleJourney>
    <VehicleJourney>
      <OperatorRef>WCM</OperatorRef>
      <OperatingProfile>
        <RegularDayType>
          <DaysOfWeek>
            <Monday />
            <Tuesday />
            <Wednesday />
            <Thursday />
            <Friday />
          </DaysOfWeek>
        </RegularDayType>
        <SpecialDaysOperation>
          <DaysOfNonOperation>
            <DateRange>
              <StartDate>2007-01-30</StartDate>
              <EndDate>2007-08-15</EndDate>
            </DateRange>
            <DateRange>
              <StartDate>2020-04-10</StartDate>
              <EndDate>2020-04-10</EndDate>
            </DateRange>
            <DateRange>
              <StartDate>2020-05-04</StartDate>
              <EndDate>2020-05-04</EndDate>
            </DateRange>
          </DaysOfNonOperation>
        </SpecialDaysOperation>
      </OperatingProfile>
      <VehicleJourneyCode>98020</VehicleJourneyCode>
      <ServiceRef>AYAO200</ServiceRef>
      <LineRef>0</LineRef>
      <JourneyPatternRef>JPS_AYAO200-6</JourneyPatternRef>
      <DepartureTime>10:25:00</DepartureTime>
    </VehicleJourney>
    <VehicleJourney>
      <OperatorRef>WCM</OperatorRef>
      <OperatingProfile>
        <RegularDayType>
          <DaysOfWeek>
            <Monday />
            <Tuesday />
            <Wednesday />
            <Thursday />
            <Friday />
          </DaysOfWeek>
        </RegularDayType>
        <SpecialDaysOperation>
          <DaysOfNonOperation>
            <DateRange>
              <StartDate>2007-01-30</StartDate>
              <EndDate>2007-08-15</EndDate>
            </DateRange>
            <DateRange>
              <StartDate>2020-04-10</StartDate>
              <EndDate>2020-04-10</EndDate>
            </DateRange>
            <DateRange>
              <StartDate>2020-05-04</StartDate>
              <EndDate>2020-05-04</EndDate>
            </DateRange>
          </DaysOfNonOperation>
        </SpecialDaysOperation>
      </OperatingProfile>
      <VehicleJourneyCode>98021</VehicleJourneyCode>
      <ServiceRef>AYAO200</ServiceRef>
      <LineRef>0</LineRef>
      <JourneyPatternRef>JPS_AYAO200-6</JourneyPatternRef>
      <DepartureTime>13:30:00</DepartureTime>
    </VehicleJourney>
    <VehicleJourney>
      <OperatorRef>WCM</OperatorRef>
      <OperatingProfile>
        <RegularDayType>
          <DaysOfWeek>
            <Monday />
            <Tuesday />
            <Wednesday />
            <Thursday />
            <Friday />
          </DaysOfWeek>
        </RegularDayType>
        <ServicedOrganisationDayType>
          <DaysOfNonOperation>
            <WorkingDays>
              <ServicedOrganisationRef>958</ServicedOrganisationRef>
            </WorkingDays>
          </DaysOfNonOperation>
        </ServicedOrganisationDayType>
        <SpecialDaysOperation>
          <DaysOfNonOperation>
            <DateRange>
              <StartDate>2007-01-30</StartDate>
              <EndDate>2007-08-15</EndDate>
            </DateRange>
            <DateRange>
              <StartDate>2019-08-05</StartDate>
              <EndDate>2019-08-05</EndDate>
            </DateRange>
            <DateRange>
              <StartDate>2020-04-10</StartDate>
              <EndDate>2020-04-10</EndDate>
            </DateRange>
          </DaysOfNonOperation>
        </SpecialDaysOperation>
      </OperatingProfile>
      <VehicleJourneyCode>98022</VehicleJourneyCode>
      <ServiceRef>AYAO200</ServiceRef>
      <LineRef>0</LineRef>
      <JourneyPatternRef>JPS_AYAO200-6</JourneyPatternRef>
      <Note>
        <NoteCode>NSch-</NoteCode>
        <NoteText>School Holidays Only</NoteText>
      </Note>
      <DepartureTime>15:30:00</DepartureTime>
    </VehicleJourney>
    <VehicleJourney>
      <OperatorRef>WCM</OperatorRef>
      <OperatingProfile>
        <RegularDayType>
          <DaysOfWeek>
            <Monday />
            <Tuesday />
            <Wednesday />
            <Thursday />
            <Friday />
          </DaysOfWeek>
        </RegularDayType>
        <SpecialDaysOperation>
          <DaysOfNonOperation>
            <DateRange>
              <StartDate>2007-01-30</StartDate>
              <EndDate>2007-08-15</EndDate>
            </DateRange>
            <DateRange>
              <StartDate>2020-04-10</StartDate>
              <EndDate>2020-04-10</EndDate>
            </DateRange>
            <DateRange>
              <StartDate>2020-05-04</StartDate>
              <EndDate>2020-05-04</EndDate>
            </DateRange>
          </DaysOfNonOperation>
        </SpecialDaysOperation>
      </OperatingProfile>
      <VehicleJourneyCode>98023</VehicleJourneyCode>
      <ServiceRef>AYAO200</ServiceRef>
      <LineRef>0</LineRef>
      <JourneyPatternRef>JPS_AYAO200-6</JourneyPatternRef>
      <DepartureTime>16:30:00</DepartureTime>
    </VehicleJourney>
    <VehicleJourney>
      <OperatorRef>WCM</OperatorRef>
      <OperatingProfile>
        <RegularDayType>
          <DaysOfWeek>
            <Monday />
            <Tuesday />
            <Wednesday />
            <Thursday />
            <Friday />
          </DaysOfWeek>
        </RegularDayType>
        <SpecialDaysOperation>
          <DaysOfNonOperation>
            <DateRange>
              <StartDate>2007-01-30</StartDate>
              <EndDate>2007-08-15</EndDate>
            </DateRange>
            <DateRange>
              <StartDate>2020-04-10</StartDate>
              <EndDate>2020-04-10</EndDate>
            </DateRange>
            <DateRange>
              <StartDate>2020-05-04</StartDate>
              <EndDate>2020-05-04</EndDate>
            </DateRange>
          </DaysOfNonOperation>
        </SpecialDaysOperation>
      </OperatingProfile>
      <VehicleJourneyCode>98024</VehicleJourneyCode>
      <ServiceRef>AYAO200</ServiceRef>
      <LineRef>0</LineRef>
      <JourneyPatternRef>JPS_AYAO200-6</JourneyPatternRef>
      <DepartureTime>17:55:00</DepartureTime>
    </VehicleJourney>
    <VehicleJourney>
      <OperatorRef>WCM</OperatorRef>
      <OperatingProfile>
        <RegularDayType>
          <DaysOfWeek>
            <Saturday />
          </DaysOfWeek>
        </RegularDayType>
        <SpecialDaysOperation>
          <DaysOfNonOperation>
            <DateRange>
              <StartDate>2007-01-30</StartDate>
              <EndDate>2007-08-15</EndDate>
            </DateRange>
          </DaysOfNonOperation>
        </SpecialDaysOperation>
      </OperatingProfile>
      <VehicleJourneyCode>98025</VehicleJourneyCode>
      <ServiceRef>AYAO200</ServiceRef>
      <LineRef>0</LineRef>
      <JourneyPatternRef>JPS_AYAO200-6</JourneyPatternRef>
      <DepartureTime>08:30:00</DepartureTime>
    </VehicleJourney>
    <VehicleJourney>
      <OperatorRef>WCM</OperatorRef>
      <OperatingProfile>
        <RegularDayType>
          <DaysOfWeek>
            <Saturday />
          </DaysOfWeek>
        </RegularDayType>
        <SpecialDaysOperation>
          <DaysOfNonOperation>
            <DateRange>
              <StartDate>2007-01-30</StartDate>
              <EndDate>2007-08-15</EndDate>
            </DateRange>
          </DaysOfNonOperation>
        </SpecialDaysOperation>
      </OperatingProfile>
      <VehicleJourneyCode>98026</VehicleJourneyCode>
      <ServiceRef>AYAO200</ServiceRef>
      <LineRef>0</LineRef>
      <JourneyPatternRef>JPS_AYAO200-6</JourneyPatternRef>
      <DepartureTime>10:25:00</DepartureTime>
    </VehicleJourney>
    <VehicleJourney>
      <OperatorRef>WCM</OperatorRef>
      <OperatingProfile>
        <RegularDayType>
          <DaysOfWeek>
            <Saturday />
          </DaysOfWeek>
        </RegularDayType>
        <SpecialDaysOperation>
          <DaysOfNonOperation>
            <DateRange>
              <StartDate>2007-01-30</StartDate>
              <EndDate>2007-08-15</EndDate>
            </DateRange>
          </DaysOfNonOperation>
        </SpecialDaysOperation>
      </OperatingProfile>
      <VehicleJourneyCode>98027</VehicleJourneyCode>
      <ServiceRef>AYAO200</ServiceRef>
      <LineRef>0</LineRef>
      <JourneyPatternRef>JPS_AYAO200-6</JourneyPatternRef>
      <DepartureTime>13:30:00</DepartureTime>
    </VehicleJourney>
    <VehicleJourney>
      <OperatorRef>WCM</OperatorRef>
      <OperatingProfile>
        <RegularDayType>
          <DaysOfWeek>
            <Saturday />
          </DaysOfWeek>
        </RegularDayType>
        <SpecialDaysOperation>
          <DaysOfNonOperation>
            <DateRange>
              <StartDate>2007-01-30</StartDate>
              <EndDate>2007-08-15</EndDate>
            </DateRange>
          </DaysOfNonOperation>
        </SpecialDaysOperation>
      </OperatingProfile>
      <VehicleJourneyCode>98028</VehicleJourneyCode>
      <ServiceRef>AYAO200</ServiceRef>
      <LineRef>0</LineRef>
      <JourneyPatternRef>JPS_AYAO200-6</JourneyPatternRef>
      <DepartureTime>15:30:00</DepartureTime>
    </VehicleJourney>
    <VehicleJourney>
      <OperatorRef>WCM</OperatorRef>
      <OperatingProfile>
        <RegularDayType>
          <DaysOfWeek>
            <Saturday />
          </DaysOfWeek>
        </RegularDayType>
        <SpecialDaysOperation>
          <DaysOfNonOperation>
            <DateRange>
              <StartDate>2007-01-30</StartDate>
              <EndDate>2007-08-15</EndDate>
            </DateRange>
          </DaysOfNonOperation>
        </SpecialDaysOperation>
      </OperatingProfile>
      <VehicleJourneyCode>98029</VehicleJourneyCode>
      <ServiceRef>AYAO200</ServiceRef>
      <LineRef>0</LineRef>
      <JourneyPatternRef>JPS_AYAO200-6</JourneyPatternRef>
      <DepartureTime>16:30:00</DepartureTime>
    </VehicleJourney>
    <VehicleJourney>
      <OperatorRef>WCM</OperatorRef>
      <OperatingProfile>
        <RegularDayType>
          <DaysOfWeek>
            <Saturday />
          </DaysOfWeek>
        </RegularDayType>
        <SpecialDaysOperation>
          <DaysOfNonOperation>
            <DateRange>
              <StartDate>2007-01-30</StartDate>
              <EndDate>2007-08-15</EndDate>
            </DateRange>
          </DaysOfNonOperation>
        </SpecialDaysOperation>
      </OperatingProfile>
      <VehicleJourneyCode>98030</VehicleJourneyCode>
      <ServiceRef>AYAO200</ServiceRef>
      <LineRef>0</LineRef>
      <JourneyPatternRef>JPS_AYAO200-6</JourneyPatternRef>
      <DepartureTime>17:55:00</DepartureTime>
    </VehicleJourney>
    <VehicleJourney>
      <OperatorRef>WCM</OperatorRef>
      <OperatingProfile>
        <RegularDayType>
          <DaysOfWeek>
            <Monday />
            <Tuesday />
            <Wednesday />
            <Thursday />
            <Friday />
          </DaysOfWeek>
        </RegularDayType>
        <ServicedOrganisationDayType>
          <DaysOfNonOperation>
            <WorkingDays>
              <ServicedOrganisationRef>957</ServicedOrganisationRef>
            </WorkingDays>
          </DaysOfNonOperation>
        </ServicedOrganisationDayType>
        <SpecialDaysOperation>
          <DaysOfNonOperation>
            <DateRange>
              <StartDate>2007-01-30</StartDate>
              <EndDate>2007-08-15</EndDate>
            </DateRange>
          </DaysOfNonOperation>
        </SpecialDaysOperation>
      </OperatingProfile>
      <VehicleJourneyCode>98031</VehicleJourneyCode>
      <ServiceRef>AYAO200</ServiceRef>
      <LineRef>0</LineRef>
      <JourneyPatternRef>JPS_AYAO200-7</JourneyPatternRef>
      <Note>
        <NoteCode>Sch-7</NoteCode>
        <NoteText>School Days Only</NoteText>
      </Note>
      <DepartureTime>14:43:00</DepartureTime>
    </VehicleJourney>
    <VehicleJourney>
      <OperatorRef>WCM</OperatorRef>
      <OperatingProfile>
        <RegularDayType>
          <DaysOfWeek>
            <Monday />
            <Tuesday />
            <Wednesday />
            <Thursday />
            <Friday />
          </DaysOfWeek>
        </RegularDayType>
        <ServicedOrganisationDayType>
          <DaysOfNonOperation>
            <WorkingDays>
              <ServicedOrganisationRef>957</ServicedOrganisationRef>
            </WorkingDays>
          </DaysOfNonOperation>
        </ServicedOrganisationDayType>
        <SpecialDaysOperation>
          <DaysOfNonOperation>
            <DateRange>
              <StartDate>2007-01-30</StartDate>
              <EndDate>2007-08-15</EndDate>
            </DateRange>
          </DaysOfNonOperation>
        </SpecialDaysOperation>
      </OperatingProfile>
      <VehicleJourneyCode>98032</VehicleJourneyCode>
      <ServiceRef>AYAO200</ServiceRef>
      <LineRef>0</LineRef>
      <JourneyPatternRef>JPS_AYAO200-8</JourneyPatternRef>
      <Note>
        <NoteCode>Sch-7</NoteCode>
        <NoteText>School Days Only</NoteText>
      </Note>
      <DepartureTime>15:45:00</DepartureTime>
    </VehicleJourney>
    <VehicleJourney>
      <OperatorRef>WCM</OperatorRef>
      <OperatingProfile>
        <RegularDayType>
          <DaysOfWeek>
            <Monday />
            <Tuesday />
            <Wednesday />
            <Thursday />
            <Friday />
          </DaysOfWeek>
        </RegularDayType>
        <SpecialDaysOperation>
          <DaysOfNonOperation>
            <DateRange>
              <StartDate>2007-01-30</StartDate>
              <EndDate>2007-08-15</EndDate>
            </DateRange>
            <DateRange>
              <StartDate>2020-04-10</StartDate>
              <EndDate>2020-04-10</EndDate>
            </DateRange>
            <DateRange>
              <StartDate>2020-05-04</StartDate>
              <EndDate>2020-05-04</EndDate>
            </DateRange>
          </DaysOfNonOperation>
        </SpecialDaysOperation>
      </OperatingProfile>
      <VehicleJourneyCode>98033</VehicleJourneyCode>
      <ServiceRef>AYAO200</ServiceRef>
      <LineRef>0</LineRef>
      <JourneyPatternRef>JPS_AYAO200-9</JourneyPatternRef>
      <DepartureTime>08:03:00</DepartureTime>
    </VehicleJourney>
    <VehicleJourney>
      <OperatorRef>WCM</OperatorRef>
      <OperatingProfile>
        <RegularDayType>
          <DaysOfWeek>
            <Monday />
            <Tuesday />
            <Wednesday />
            <Thursday />
            <Friday />
          </DaysOfWeek>
        </RegularDayType>
        <SpecialDaysOperation>
          <DaysOfNonOperation>
            <DateRange>
              <StartDate>2007-01-30</StartDate>
              <EndDate>2007-08-15</EndDate>
            </DateRange>
            <DateRange>
              <StartDate>2020-04-10</StartDate>
              <EndDate>2020-04-10</EndDate>
            </DateRange>
            <DateRange>
              <StartDate>2020-05-04</StartDate>
              <EndDate>2020-05-04</EndDate>
            </DateRange>
          </DaysOfNonOperation>
        </SpecialDaysOperation>
      </OperatingProfile>
      <VehicleJourneyCode>98034</VehicleJourneyCode>
      <ServiceRef>AYAO200</ServiceRef>
      <LineRef>0</LineRef>
      <JourneyPatternRef>JPS_AYAO200-9</JourneyPatternRef>
      <DepartureTime>09:58:00</DepartureTime>
    </VehicleJourney>
    <VehicleJourney>
      <OperatorRef>WCM</OperatorRef>
      <OperatingProfile>
        <RegularDayType>
          <DaysOfWeek>
            <Monday />
            <Tuesday />
            <Wednesday />
            <Thursday />
            <Friday />
          </DaysOfWeek>
        </RegularDayType>
        <SpecialDaysOperation>
          <DaysOfNonOperation>
            <DateRange>
              <StartDate>2007-01-30</StartDate>
              <EndDate>2007-08-15</EndDate>
            </DateRange>
            <DateRange>
              <StartDate>2020-04-10</StartDate>
              <EndDate>2020-04-10</EndDate>
            </DateRange>
            <DateRange>
              <StartDate>2020-05-04</StartDate>
              <EndDate>2020-05-04</EndDate>
            </DateRange>
          </DaysOfNonOperation>
        </SpecialDaysOperation>
      </OperatingProfile>
      <VehicleJourneyCode>98035</VehicleJourneyCode>
      <ServiceRef>AYAO200</ServiceRef>
      <LineRef>0</LineRef>
      <JourneyPatternRef>JPS_AYAO200-9</JourneyPatternRef>
      <DepartureTime>12:58:00</DepartureTime>
    </VehicleJourney>
    <VehicleJourney>
      <OperatorRef>WCM</OperatorRef>
      <OperatingProfile>
        <RegularDayType>
          <DaysOfWeek>
            <Monday />
            <Tuesday />
            <Wednesday />
            <Thursday />
            <Friday />
          </DaysOfWeek>
        </RegularDayType>
        <ServicedOrganisationDayType>
          <DaysOfNonOperation>
            <WorkingDays>
              <ServicedOrganisationRef>958</ServicedOrganisationRef>
            </WorkingDays>
          </DaysOfNonOperation>
        </ServicedOrganisationDayType>
        <SpecialDaysOperation>
          <DaysOfNonOperation>
            <DateRange>
              <StartDate>2007-01-30</StartDate>
              <EndDate>2007-08-15</EndDate>
            </DateRange>
            <DateRange>
              <StartDate>2019-08-05</StartDate>
              <EndDate>2019-08-05</EndDate>
            </DateRange>
            <DateRange>
              <StartDate>2020-04-10</StartDate>
              <EndDate>2020-04-10</EndDate>
            </DateRange>
          </DaysOfNonOperation>
        </SpecialDaysOperation>
      </OperatingProfile>
      <VehicleJourneyCode>98036</VehicleJourneyCode>
      <ServiceRef>AYAO200</ServiceRef>
      <LineRef>0</LineRef>
      <JourneyPatternRef>JPS_AYAO200-9</JourneyPatternRef>
      <Note>
        <NoteCode>NSch-</NoteCode>
        <NoteText>School Holidays Only</NoteText>
      </Note>
      <DepartureTime>14:58:00</DepartureTime>
    </VehicleJourney>
    <VehicleJourney>
      <OperatorRef>WCM</OperatorRef>
      <OperatingProfile>
        <RegularDayType>
          <DaysOfWeek>
            <Monday />
            <Tuesday />
            <Wednesday />
            <Thursday />
            <Friday />
          </DaysOfWeek>
        </RegularDayType>
        <ServicedOrganisationDayType>
          <DaysOfNonOperation>
            <WorkingDays>
              <ServicedOrganisationRef>958</ServicedOrganisationRef>
            </WorkingDays>
          </DaysOfNonOperation>
        </ServicedOrganisationDayType>
        <SpecialDaysOperation>
          <DaysOfNonOperation>
            <DateRange>
              <StartDate>2007-01-30</StartDate>
              <EndDate>2007-08-15</EndDate>
            </DateRange>
            <DateRange>
              <StartDate>2019-08-05</StartDate>
              <EndDate>2019-08-05</EndDate>
            </DateRange>
            <DateRange>
              <StartDate>2020-04-10</StartDate>
              <EndDate>2020-04-10</EndDate>
            </DateRange>
          </DaysOfNonOperation>
        </SpecialDaysOperation>
      </OperatingProfile>
      <VehicleJourneyCode>98037</VehicleJourneyCode>
      <ServiceRef>AYAO200</ServiceRef>
      <LineRef>0</LineRef>
      <JourneyPatternRef>JPS_AYAO200-9</JourneyPatternRef>
      <Note>
        <NoteCode>NSch-</NoteCode>
        <NoteText>School Holidays Only</NoteText>
      </Note>
      <DepartureTime>15:58:00</DepartureTime>
    </VehicleJourney>
    <VehicleJourney>
      <OperatorRef>WCM</OperatorRef>
      <OperatingProfile>
        <RegularDayType>
          <DaysOfWeek>
            <Monday />
            <Tuesday />
            <Wednesday />
            <Thursday />
            <Friday />
          </DaysOfWeek>
        </RegularDayType>
        <SpecialDaysOperation>
          <DaysOfNonOperation>
            <DateRange>
              <StartDate>2007-01-30</StartDate>
              <EndDate>2007-08-15</EndDate>
            </DateRange>
            <DateRange>
              <StartDate>2020-04-10</StartDate>
              <EndDate>2020-04-10</EndDate>
            </DateRange>
            <DateRange>
              <StartDate>2020-05-04</StartDate>
              <EndDate>2020-05-04</EndDate>
            </DateRange>
          </DaysOfNonOperation>
        </SpecialDaysOperation>
      </OperatingProfile>
      <VehicleJourneyCode>98038</VehicleJourneyCode>
      <ServiceRef>AYAO200</ServiceRef>
      <LineRef>0</LineRef>
      <JourneyPatternRef>JPS_AYAO200-9</JourneyPatternRef>
      <DepartureTime>17:26:00</DepartureTime>
    </VehicleJourney>
    <VehicleJourney>
      <OperatorRef>WCM</OperatorRef>
      <OperatingProfile>
        <RegularDayType>
          <DaysOfWeek>
            <Saturday />
          </DaysOfWeek>
        </RegularDayType>
        <SpecialDaysOperation>
          <DaysOfNonOperation>
            <DateRange>
              <StartDate>2007-01-30</StartDate>
              <EndDate>2007-08-15</EndDate>
            </DateRange>
          </DaysOfNonOperation>
        </SpecialDaysOperation>
      </OperatingProfile>
      <VehicleJourneyCode>98039</VehicleJourneyCode>
      <ServiceRef>AYAO200</ServiceRef>
      <LineRef>0</LineRef>
      <JourneyPatternRef>JPS_AYAO200-9</JourneyPatternRef>
      <DepartureTime>08:03:00</DepartureTime>
    </VehicleJourney>
    <VehicleJourney>
      <OperatorRef>WCM</OperatorRef>
      <OperatingProfile>
        <RegularDayType>
          <DaysOfWeek>
            <Saturday />
          </DaysOfWeek>
        </RegularDayType>
        <SpecialDaysOperation>
          <DaysOfNonOperation>
            <DateRange>
              <StartDate>2007-01-30</StartDate>
              <EndDate>2007-08-15</EndDate>
            </DateRange>
          </DaysOfNonOperation>
        </SpecialDaysOperation>
      </OperatingProfile>
      <VehicleJourneyCode>98040</VehicleJourneyCode>
      <ServiceRef>AYAO200</ServiceRef>
      <LineRef>0</LineRef>
      <JourneyPatternRef>JPS_AYAO200-9</JourneyPatternRef>
      <DepartureTime>09:58:00</DepartureTime>
    </VehicleJourney>
    <VehicleJourney>
      <OperatorRef>WCM</OperatorRef>
      <OperatingProfile>
        <RegularDayType>
          <DaysOfWeek>
            <Saturday />
          </DaysOfWeek>
        </RegularDayType>
        <SpecialDaysOperation>
          <DaysOfNonOperation>
            <DateRange>
              <StartDate>2007-01-30</StartDate>
              <EndDate>2007-08-15</EndDate>
            </DateRange>
          </DaysOfNonOperation>
        </SpecialDaysOperation>
      </OperatingProfile>
      <VehicleJourneyCode>98041</VehicleJourneyCode>
      <ServiceRef>AYAO200</ServiceRef>
      <LineRef>0</LineRef>
      <JourneyPatternRef>JPS_AYAO200-9</JourneyPatternRef>
      <DepartureTime>12:58:00</DepartureTime>
    </VehicleJourney>
    <VehicleJourney>
      <OperatorRef>WCM</OperatorRef>
      <OperatingProfile>
        <RegularDayType>
          <DaysOfWeek>
            <Saturday />
          </DaysOfWeek>
        </RegularDayType>
        <SpecialDaysOperation>
          <DaysOfNonOperation>
            <DateRange>
              <StartDate>2007-01-30</StartDate>
              <EndDate>2007-08-15</EndDate>
            </DateRange>
          </DaysOfNonOperation>
        </SpecialDaysOperation>
      </OperatingProfile>
      <VehicleJourneyCode>98042</VehicleJourneyCode>
      <ServiceRef>AYAO200</ServiceRef>
      <LineRef>0</LineRef>
      <JourneyPatternRef>JPS_AYAO200-9</JourneyPatternRef>
      <DepartureTime>14:58:00</DepartureTime>
    </VehicleJourney>
    <VehicleJourney>
      <OperatorRef>WCM</OperatorRef>
      <OperatingProfile>
        <RegularDayType>
          <DaysOfWeek>
            <Saturday />
          </DaysOfWeek>
        </RegularDayType>
        <SpecialDaysOperation>
          <DaysOfNonOperation>
            <DateRange>
              <StartDate>2007-01-30</StartDate>
              <EndDate>2007-08-15</EndDate>
            </DateRange>
          </DaysOfNonOperation>
        </SpecialDaysOperation>
      </OperatingProfile>
      <VehicleJourneyCode>98043</VehicleJourneyCode>
      <ServiceRef>AYAO200</ServiceRef>
      <LineRef>0</LineRef>
      <JourneyPatternRef>JPS_AYAO200-9</JourneyPatternRef>
      <DepartureTime>15:58:00</DepartureTime>
    </VehicleJourney>
    <VehicleJourney>
      <OperatorRef>WCM</OperatorRef>
      <OperatingProfile>
        <RegularDayType>
          <DaysOfWeek>
            <Saturday />
          </DaysOfWeek>
        </RegularDayType>
        <SpecialDaysOperation>
          <DaysOfNonOperation>
            <DateRange>
              <StartDate>2007-01-30</StartDate>
              <EndDate>2007-08-15</EndDate>
            </DateRange>
          </DaysOfNonOperation>
        </SpecialDaysOperation>
      </OperatingProfile>
      <VehicleJourneyCode>98044</VehicleJourneyCode>
      <ServiceRef>AYAO200</ServiceRef>
      <LineRef>0</LineRef>
      <JourneyPatternRef>JPS_AYAO200-9</JourneyPatternRef>
      <DepartureTime>17:26:00</DepartureTime>
    </VehicleJourney>
  </VehicleJourneys>
</TransXChange>