<?xml version="1.0" encoding="utf-8"?>
<TransXChange xmlns:xsi="http://www.w3.org/2001/XMLSchema-instance" xmlns:xsd="http://www.w3.org/2001/XMLSchema" xsi:schemaLocation="http://www.transxchange.org.uk/ http://www.transxchange.org.uk/schema/2.1/TransXChange_general.xsd" CreationDateTime="2019-10-07T13:21:00-00:00" ModificationDateTime="2019-10-07T13:21:00-00:00" Modification="new" RevisionNumber="0" FileName="SVRAGCK022.xml" SchemaVersion="2.1" RegistrationDocument="false" xmlns="http://www.transxchange.org.uk/">
  <ServicedOrganisations>
    <ServicedOrganisation>
      <OrganisationCode>160</OrganisationCode>
      <Name>
QE0 : BUS.CIF
</Name>
      <WorkingDays>
        <DateRange>
          <StartDate>2019-10-05</StartDate>
          <EndDate>2019-10-20</EndDate>
        </DateRange>
        <DateRange>
          <StartDate>2019-12-04</StartDate>
          <EndDate>2019-12-08</EndDate>
        </DateRange>
        <DateRange>
          <StartDate>2019-12-21</StartDate>
          <EndDate>2020-01-05</EndDate>
        </DateRange>
        <DateRange>
          <StartDate>2020-02-13</StartDate>
          <EndDate>2020-02-17</EndDate>
        </DateRange>
        <DateRange>
          <StartDate>2020-04-04</StartDate>
          <EndDate>2020-04-19</EndDate>
        </DateRange>
        <DateRange>
          <StartDate>2020-05-02</StartDate>
          <EndDate>2020-05-04</EndDate>
        </DateRange>
        <DateRange>
          <StartDate>2020-05-23</StartDate>
          <EndDate>2020-05-25</EndDate>
        </DateRange>
        <DateRange>
          <StartDate>2020-06-27</StartDate>
          <EndDate>2049-12-31</EndDate>
        </DateRange>
      </WorkingDays>
    </ServicedOrganisation>
  </ServicedOrganisations>
  <StopPoints>
    <AnnotatedStopPointRef>
      <StopPointRef>6490IM1701</StopPointRef>
      <CommonName>Webster's High School</CommonName>
    </AnnotatedStopPointRef>
    <AnnotatedStopPointRef>
      <StopPointRef>6490IM752</StopPointRef>
      <CommonName>Spar</CommonName>
    </AnnotatedStopPointRef>
    <AnnotatedStopPointRef>
      <StopPointRef>6490IM753</StopPointRef>
      <CommonName>Knowehead Crescent</CommonName>
    </AnnotatedStopPointRef>
    <AnnotatedStopPointRef>
      <StopPointRef>6490IM754</StopPointRef>
      <CommonName>Viewfield</CommonName>
    </AnnotatedStopPointRef>
    <AnnotatedStopPointRef>
      <StopPointRef>6490IM1292</StopPointRef>
      <CommonName>Slade Gardens</CommonName>
    </AnnotatedStopPointRef>
    <AnnotatedStopPointRef>
      <StopPointRef>6490IM756</StopPointRef>
      <CommonName>Kinnordy Road</CommonName>
    </AnnotatedStopPointRef>
    <AnnotatedStopPointRef>
      <StopPointRef>6490IM757</StopPointRef>
      <CommonName>Woodend Drive</CommonName>
    </AnnotatedStopPointRef>
    <AnnotatedStopPointRef>
      <StopPointRef>6490IM521</StopPointRef>
      <CommonName>Mid Road</CommonName>
    </AnnotatedStopPointRef>
    <AnnotatedStopPointRef>
      <StopPointRef>6490IM760</StopPointRef>
      <CommonName>Cairn Road</CommonName>
    </AnnotatedStopPointRef>
    <AnnotatedStopPointRef>
      <StopPointRef>6490IM374</StopPointRef>
      <CommonName>Prosen Bridge</CommonName>
    </AnnotatedStopPointRef>
    <AnnotatedStopPointRef>
      <StopPointRef>6490IM1990</StopPointRef>
      <CommonName>Road End</CommonName>
    </AnnotatedStopPointRef>
    <AnnotatedStopPointRef>
      <StopPointRef>6490IM297</StopPointRef>
      <CommonName>Dykehead Royal Jubilee Arms</CommonName>
    </AnnotatedStopPointRef>
    <AnnotatedStopPointRef>
      <StopPointRef>6490IM18695</StopPointRef>
      <CommonName>Crossmiln Cottage</CommonName>
    </AnnotatedStopPointRef>
    <AnnotatedStopPointRef>
      <StopPointRef>6490IM18693</StopPointRef>
      <CommonName>Crossmiln Cottage</CommonName>
    </AnnotatedStopPointRef>
    <AnnotatedStopPointRef>
      <StopPointRef>6490IM57</StopPointRef>
      <CommonName>Royal Jubilee Arms</CommonName>
    </AnnotatedStopPointRef>
    <AnnotatedStopPointRef>
      <StopPointRef>6490IM1991</StopPointRef>
      <CommonName>Road End</CommonName>
    </AnnotatedStopPointRef>
    <AnnotatedStopPointRef>
      <StopPointRef>6490IM365</StopPointRef>
      <CommonName>Prosen Bridge</CommonName>
    </AnnotatedStopPointRef>
    <AnnotatedStopPointRef>
      <StopPointRef>6490IM759</StopPointRef>
      <CommonName>Cairn Road</CommonName>
    </AnnotatedStopPointRef>
    <AnnotatedStopPointRef>
      <StopPointRef>6490IM758</StopPointRef>
      <CommonName>Mid Road</CommonName>
    </AnnotatedStopPointRef>
    <AnnotatedStopPointRef>
      <StopPointRef>6490IM710</StopPointRef>
      <CommonName>Woodend Drive</CommonName>
    </AnnotatedStopPointRef>
    <AnnotatedStopPointRef>
      <StopPointRef>6490IM443</StopPointRef>
      <CommonName>Northmuir Golf Course</CommonName>
    </AnnotatedStopPointRef>
    <AnnotatedStopPointRef>
      <StopPointRef>6490IM987</StopPointRef>
      <CommonName>Easthill Road</CommonName>
    </AnnotatedStopPointRef>
    <AnnotatedStopPointRef>
      <StopPointRef>6490IM763</StopPointRef>
      <CommonName>Airlie Place</CommonName>
    </AnnotatedStopPointRef>
    <AnnotatedStopPointRef>
      <StopPointRef>6490IM642</StopPointRef>
      <CommonName>Woodville Inn</CommonName>
    </AnnotatedStopPointRef>
    <AnnotatedStopPointRef>
      <StopPointRef>6490IM918</StopPointRef>
      <CommonName>Northmuir Primary School</CommonName>
    </AnnotatedStopPointRef>
    <AnnotatedStopPointRef>
      <StopPointRef>6490IM643</StopPointRef>
      <CommonName>Hillrise</CommonName>
    </AnnotatedStopPointRef>
    <AnnotatedStopPointRef>
      <StopPointRef>6490IM765</StopPointRef>
      <CommonName>East Hill Bank</CommonName>
    </AnnotatedStopPointRef>
    <AnnotatedStopPointRef>
      <StopPointRef>6490IM767</StopPointRef>
      <CommonName>St Anthony's</CommonName>
    </AnnotatedStopPointRef>
    <AnnotatedStopPointRef>
      <StopPointRef>6490IM481</StopPointRef>
      <CommonName>Post Office</CommonName>
    </AnnotatedStopPointRef>
    <AnnotatedStopPointRef>
      <StopPointRef>6490IM271</StopPointRef>
      <CommonName>Bank Street</CommonName>
    </AnnotatedStopPointRef>
    <AnnotatedStopPointRef>
      <StopPointRef>6490IM1008</StopPointRef>
      <CommonName>St. Andrew's Church</CommonName>
    </AnnotatedStopPointRef>
  </StopPoints>
  <RouteSections>
    <RouteSection id="AGCK022_003">
      <RouteLink id="AGCK022_003_48467">
        <From>
          <StopPointRef>6490IM1701</StopPointRef>
        </From>
        <To>
          <StopPointRef>6490IM752</StopPointRef>
        </To>
        <Direction>outbound</Direction>
      </RouteLink>
      <RouteLink id="AGCK022_003_48468">
        <From>
          <StopPointRef>6490IM752</StopPointRef>
        </From>
        <To>
          <StopPointRef>6490IM753</StopPointRef>
        </To>
        <Direction>outbound</Direction>
      </RouteLink>
      <RouteLink id="AGCK022_003_48469">
        <From>
          <StopPointRef>6490IM753</StopPointRef>
        </From>
        <To>
          <StopPointRef>6490IM754</StopPointRef>
        </To>
        <Direction>outbound</Direction>
      </RouteLink>
      <RouteLink id="AGCK022_003_48470">
        <From>
          <StopPointRef>6490IM754</StopPointRef>
        </From>
        <To>
          <StopPointRef>6490IM1292</StopPointRef>
        </To>
        <Direction>outbound</Direction>
      </RouteLink>
      <RouteLink id="AGCK022_003_48471">
        <From>
          <StopPointRef>6490IM1292</StopPointRef>
        </From>
        <To>
          <StopPointRef>6490IM756</StopPointRef>
        </To>
        <Direction>outbound</Direction>
      </RouteLink>
      <RouteLink id="AGCK022_003_48472">
        <From>
          <StopPointRef>6490IM756</StopPointRef>
        </From>
        <To>
          <StopPointRef>6490IM757</StopPointRef>
        </To>
        <Direction>outbound</Direction>
      </RouteLink>
      <RouteLink id="AGCK022_003_48473">
        <From>
          <StopPointRef>6490IM757</StopPointRef>
        </From>
        <To>
          <StopPointRef>6490IM521</StopPointRef>
        </To>
        <Direction>outbound</Direction>
      </RouteLink>
      <RouteLink id="AGCK022_003_48474">
        <From>
          <StopPointRef>6490IM521</StopPointRef>
        </From>
        <To>
          <StopPointRef>6490IM760</StopPointRef>
        </To>
        <Direction>outbound</Direction>
      </RouteLink>
      <RouteLink id="AGCK022_003_48475">
        <From>
          <StopPointRef>6490IM760</StopPointRef>
        </From>
        <To>
          <StopPointRef>6490IM374</StopPointRef>
        </To>
        <Direction>outbound</Direction>
      </RouteLink>
      <RouteLink id="AGCK022_003_48476">
        <From>
          <StopPointRef>6490IM374</StopPointRef>
        </From>
        <To>
          <StopPointRef>6490IM1990</StopPointRef>
        </To>
        <Direction>outbound</Direction>
      </RouteLink>
      <RouteLink id="AGCK022_003_48477">
        <From>
          <StopPointRef>6490IM1990</StopPointRef>
        </From>
        <To>
          <StopPointRef>6490IM297</StopPointRef>
        </To>
        <Direction>outbound</Direction>
      </RouteLink>
      <RouteLink id="AGCK022_003_48478">
        <From>
          <StopPointRef>6490IM297</StopPointRef>
        </From>
        <To>
          <StopPointRef>6490IM18695</StopPointRef>
        </To>
        <Direction>outbound</Direction>
      </RouteLink>
      <RouteLink id="AGCK022_003_48479">
        <From>
          <StopPointRef>6490IM18695</StopPointRef>
        </From>
        <To>
          <StopPointRef>6490IM18693</StopPointRef>
        </To>
        <Direction>outbound</Direction>
      </RouteLink>
      <RouteLink id="AGCK022_003_48480">
        <From>
          <StopPointRef>6490IM18693</StopPointRef>
        </From>
        <To>
          <StopPointRef>6490IM57</StopPointRef>
        </To>
        <Direction>outbound</Direction>
      </RouteLink>
      <RouteLink id="AGCK022_003_48481">
        <From>
          <StopPointRef>6490IM57</StopPointRef>
        </From>
        <To>
          <StopPointRef>6490IM1991</StopPointRef>
        </To>
        <Direction>outbound</Direction>
      </RouteLink>
      <RouteLink id="AGCK022_003_48482">
        <From>
          <StopPointRef>6490IM1991</StopPointRef>
        </From>
        <To>
          <StopPointRef>6490IM365</StopPointRef>
        </To>
        <Direction>outbound</Direction>
      </RouteLink>
      <RouteLink id="AGCK022_003_48483">
        <From>
          <StopPointRef>6490IM365</StopPointRef>
        </From>
        <To>
          <StopPointRef>6490IM759</StopPointRef>
        </To>
        <Direction>outbound</Direction>
      </RouteLink>
      <RouteLink id="AGCK022_003_48484">
        <From>
          <StopPointRef>6490IM759</StopPointRef>
        </From>
        <To>
          <StopPointRef>6490IM758</StopPointRef>
        </To>
        <Direction>outbound</Direction>
      </RouteLink>
      <RouteLink id="AGCK022_003_48485">
        <From>
          <StopPointRef>6490IM758</StopPointRef>
        </From>
        <To>
          <StopPointRef>6490IM710</StopPointRef>
        </To>
        <Direction>outbound</Direction>
      </RouteLink>
    </RouteSection>
    <RouteSection id="AGCK022_001">
      <RouteLink id="AGCK022_001_48487">
        <From>
          <StopPointRef>6490IM757</StopPointRef>
        </From>
        <To>
          <StopPointRef>6490IM521</StopPointRef>
        </To>
        <Direction>outbound</Direction>
      </RouteLink>
      <RouteLink id="AGCK022_001_48488">
        <From>
          <StopPointRef>6490IM521</StopPointRef>
        </From>
        <To>
          <StopPointRef>6490IM760</StopPointRef>
        </To>
        <Direction>outbound</Direction>
      </RouteLink>
      <RouteLink id="AGCK022_001_48489">
        <From>
          <StopPointRef>6490IM760</StopPointRef>
        </From>
        <To>
          <StopPointRef>6490IM374</StopPointRef>
        </To>
        <Direction>outbound</Direction>
      </RouteLink>
      <RouteLink id="AGCK022_001_48490">
        <From>
          <StopPointRef>6490IM374</StopPointRef>
        </From>
        <To>
          <StopPointRef>6490IM1990</StopPointRef>
        </To>
        <Direction>outbound</Direction>
      </RouteLink>
      <RouteLink id="AGCK022_001_48491">
        <From>
          <StopPointRef>6490IM1990</StopPointRef>
        </From>
        <To>
          <StopPointRef>6490IM297</StopPointRef>
        </To>
        <Direction>outbound</Direction>
      </RouteLink>
      <RouteLink id="AGCK022_001_48492">
        <From>
          <StopPointRef>6490IM297</StopPointRef>
        </From>
        <To>
          <StopPointRef>6490IM18695</StopPointRef>
        </To>
        <Direction>outbound</Direction>
      </RouteLink>
      <RouteLink id="AGCK022_001_48493">
        <From>
          <StopPointRef>6490IM18695</StopPointRef>
        </From>
        <To>
          <StopPointRef>6490IM18693</StopPointRef>
        </To>
        <Direction>outbound</Direction>
      </RouteLink>
      <RouteLink id="AGCK022_001_48494">
        <From>
          <StopPointRef>6490IM18693</StopPointRef>
        </From>
        <To>
          <StopPointRef>6490IM57</StopPointRef>
        </To>
        <Direction>outbound</Direction>
      </RouteLink>
      <RouteLink id="AGCK022_001_48495">
        <From>
          <StopPointRef>6490IM57</StopPointRef>
        </From>
        <To>
          <StopPointRef>6490IM1991</StopPointRef>
        </To>
        <Direction>outbound</Direction>
      </RouteLink>
      <RouteLink id="AGCK022_001_48496">
        <From>
          <StopPointRef>6490IM1991</StopPointRef>
        </From>
        <To>
          <StopPointRef>6490IM365</StopPointRef>
        </To>
        <Direction>outbound</Direction>
      </RouteLink>
      <RouteLink id="AGCK022_001_48497">
        <From>
          <StopPointRef>6490IM365</StopPointRef>
        </From>
        <To>
          <StopPointRef>6490IM443</StopPointRef>
        </To>
        <Direction>outbound</Direction>
      </RouteLink>
      <RouteLink id="AGCK022_001_48498">
        <From>
          <StopPointRef>6490IM443</StopPointRef>
        </From>
        <To>
          <StopPointRef>6490IM987</StopPointRef>
        </To>
        <Direction>outbound</Direction>
      </RouteLink>
      <RouteLink id="AGCK022_001_48499">
        <From>
          <StopPointRef>6490IM987</StopPointRef>
        </From>
        <To>
          <StopPointRef>6490IM763</StopPointRef>
        </To>
        <Direction>outbound</Direction>
      </RouteLink>
      <RouteLink id="AGCK022_001_48500">
        <From>
          <StopPointRef>6490IM763</StopPointRef>
        </From>
        <To>
          <StopPointRef>6490IM642</StopPointRef>
        </To>
        <Direction>outbound</Direction>
      </RouteLink>
      <RouteLink id="AGCK022_001_48501">
        <From>
          <StopPointRef>6490IM642</StopPointRef>
        </From>
        <To>
          <StopPointRef>6490IM918</StopPointRef>
        </To>
        <Direction>outbound</Direction>
      </RouteLink>
      <RouteLink id="AGCK022_001_48502">
        <From>
          <StopPointRef>6490IM918</StopPointRef>
        </From>
        <To>
          <StopPointRef>6490IM643</StopPointRef>
        </To>
        <Direction>outbound</Direction>
      </RouteLink>
      <RouteLink id="AGCK022_001_48503">
        <From>
          <StopPointRef>6490IM643</StopPointRef>
        </From>
        <To>
          <StopPointRef>6490IM765</StopPointRef>
        </To>
        <Direction>outbound</Direction>
      </RouteLink>
      <RouteLink id="AGCK022_001_48504">
        <From>
          <StopPointRef>6490IM765</StopPointRef>
        </From>
        <To>
          <StopPointRef>6490IM767</StopPointRef>
        </To>
        <Direction>outbound</Direction>
      </RouteLink>
      <RouteLink id="AGCK022_001_48505">
        <From>
          <StopPointRef>6490IM767</StopPointRef>
        </From>
        <To>
          <StopPointRef>6490IM481</StopPointRef>
        </To>
        <Direction>outbound</Direction>
      </RouteLink>
      <RouteLink id="AGCK022_001_48506">
        <From>
          <StopPointRef>6490IM481</StopPointRef>
        </From>
        <To>
          <StopPointRef>6490IM271</StopPointRef>
        </To>
        <Direction>outbound</Direction>
      </RouteLink>
      <RouteLink id="AGCK022_001_48507">
        <From>
          <StopPointRef>6490IM271</StopPointRef>
        </From>
        <To>
          <StopPointRef>6490IM1008</StopPointRef>
        </To>
        <Direction>outbound</Direction>
      </RouteLink>
      <RouteLink id="AGCK022_001_48508">
        <From>
          <StopPointRef>6490IM1008</StopPointRef>
        </From>
        <To>
          <StopPointRef>6490IM1701</StopPointRef>
        </To>
        <Direction>outbound</Direction>
      </RouteLink>
    </RouteSection>
    <RouteSection id="AGCK022_002">
      <RouteLink id="AGCK022_002_48510">
        <From>
          <StopPointRef>6490IM918</StopPointRef>
        </From>
        <To>
          <StopPointRef>6490IM643</StopPointRef>
        </To>
        <Direction>outbound</Direction>
      </RouteLink>
      <RouteLink id="AGCK022_002_48511">
        <From>
          <StopPointRef>6490IM643</StopPointRef>
        </From>
        <To>
          <StopPointRef>6490IM765</StopPointRef>
        </To>
        <Direction>outbound</Direction>
      </RouteLink>
      <RouteLink id="AGCK022_002_48512">
        <From>
          <StopPointRef>6490IM765</StopPointRef>
        </From>
        <To>
          <StopPointRef>6490IM767</StopPointRef>
        </To>
        <Direction>outbound</Direction>
      </RouteLink>
      <RouteLink id="AGCK022_002_48513">
        <From>
          <StopPointRef>6490IM767</StopPointRef>
        </From>
        <To>
          <StopPointRef>6490IM481</StopPointRef>
        </To>
        <Direction>outbound</Direction>
      </RouteLink>
      <RouteLink id="AGCK022_002_48514">
        <From>
          <StopPointRef>6490IM481</StopPointRef>
        </From>
        <To>
          <StopPointRef>6490IM271</StopPointRef>
        </To>
        <Direction>outbound</Direction>
      </RouteLink>
      <RouteLink id="AGCK022_002_48515">
        <From>
          <StopPointRef>6490IM271</StopPointRef>
        </From>
        <To>
          <StopPointRef>6490IM1008</StopPointRef>
        </To>
        <Direction>outbound</Direction>
      </RouteLink>
      <RouteLink id="AGCK022_002_48516">
        <From>
          <StopPointRef>6490IM1008</StopPointRef>
        </From>
        <To>
          <StopPointRef>6490IM1701</StopPointRef>
        </To>
        <Direction>outbound</Direction>
      </RouteLink>
      <RouteLink id="AGCK022_002_48517">
        <From>
          <StopPointRef>6490IM1701</StopPointRef>
        </From>
        <To>
          <StopPointRef>6490IM752</StopPointRef>
        </To>
        <Direction>outbound</Direction>
      </RouteLink>
      <RouteLink id="AGCK022_002_48518">
        <From>
          <StopPointRef>6490IM752</StopPointRef>
        </From>
        <To>
          <StopPointRef>6490IM753</StopPointRef>
        </To>
        <Direction>outbound</Direction>
      </RouteLink>
      <RouteLink id="AGCK022_002_48519">
        <From>
          <StopPointRef>6490IM753</StopPointRef>
        </From>
        <To>
          <StopPointRef>6490IM754</StopPointRef>
        </To>
        <Direction>outbound</Direction>
      </RouteLink>
      <RouteLink id="AGCK022_002_48520">
        <From>
          <StopPointRef>6490IM754</StopPointRef>
        </From>
        <To>
          <StopPointRef>6490IM1292</StopPointRef>
        </To>
        <Direction>outbound</Direction>
      </RouteLink>
      <RouteLink id="AGCK022_002_48521">
        <From>
          <StopPointRef>6490IM1292</StopPointRef>
        </From>
        <To>
          <StopPointRef>6490IM756</StopPointRef>
        </To>
        <Direction>outbound</Direction>
      </RouteLink>
      <RouteLink id="AGCK022_002_48522">
        <From>
          <StopPointRef>6490IM756</StopPointRef>
        </From>
        <To>
          <StopPointRef>6490IM757</StopPointRef>
        </To>
        <Direction>outbound</Direction>
      </RouteLink>
      <RouteLink id="AGCK022_002_48523">
        <From>
          <StopPointRef>6490IM757</StopPointRef>
        </From>
        <To>
          <StopPointRef>6490IM521</StopPointRef>
        </To>
        <Direction>outbound</Direction>
      </RouteLink>
      <RouteLink id="AGCK022_002_48524">
        <From>
          <StopPointRef>6490IM521</StopPointRef>
        </From>
        <To>
          <StopPointRef>6490IM760</StopPointRef>
        </To>
        <Direction>outbound</Direction>
      </RouteLink>
      <RouteLink id="AGCK022_002_48525">
        <From>
          <StopPointRef>6490IM760</StopPointRef>
        </From>
        <To>
          <StopPointRef>6490IM374</StopPointRef>
        </To>
        <Direction>outbound</Direction>
      </RouteLink>
      <RouteLink id="AGCK022_002_48526">
        <From>
          <StopPointRef>6490IM374</StopPointRef>
        </From>
        <To>
          <StopPointRef>6490IM1990</StopPointRef>
        </To>
        <Direction>outbound</Direction>
      </RouteLink>
      <RouteLink id="AGCK022_002_48527">
        <From>
          <StopPointRef>6490IM1990</StopPointRef>
        </From>
        <To>
          <StopPointRef>6490IM297</StopPointRef>
        </To>
        <Direction>outbound</Direction>
      </RouteLink>
      <RouteLink id="AGCK022_002_48528">
        <From>
          <StopPointRef>6490IM297</StopPointRef>
        </From>
        <To>
          <StopPointRef>6490IM18695</StopPointRef>
        </To>
        <Direction>outbound</Direction>
      </RouteLink>
      <RouteLink id="AGCK022_002_48529">
        <From>
          <StopPointRef>6490IM18695</StopPointRef>
        </From>
        <To>
          <StopPointRef>6490IM18693</StopPointRef>
        </To>
        <Direction>outbound</Direction>
      </RouteLink>
      <RouteLink id="AGCK022_002_48530">
        <From>
          <StopPointRef>6490IM18693</StopPointRef>
        </From>
        <To>
          <StopPointRef>6490IM57</StopPointRef>
        </To>
        <Direction>outbound</Direction>
      </RouteLink>
      <RouteLink id="AGCK022_002_48531">
        <From>
          <StopPointRef>6490IM57</StopPointRef>
        </From>
        <To>
          <StopPointRef>6490IM1991</StopPointRef>
        </To>
        <Direction>outbound</Direction>
      </RouteLink>
      <RouteLink id="AGCK022_002_48532">
        <From>
          <StopPointRef>6490IM1991</StopPointRef>
        </From>
        <To>
          <StopPointRef>6490IM365</StopPointRef>
        </To>
        <Direction>outbound</Direction>
      </RouteLink>
      <RouteLink id="AGCK022_002_48533">
        <From>
          <StopPointRef>6490IM365</StopPointRef>
        </From>
        <To>
          <StopPointRef>6490IM759</StopPointRef>
        </To>
        <Direction>outbound</Direction>
      </RouteLink>
      <RouteLink id="AGCK022_002_48534">
        <From>
          <StopPointRef>6490IM759</StopPointRef>
        </From>
        <To>
          <StopPointRef>6490IM758</StopPointRef>
        </To>
        <Direction>outbound</Direction>
      </RouteLink>
      <RouteLink id="AGCK022_002_48535">
        <From>
          <StopPointRef>6490IM758</StopPointRef>
        </From>
        <To>
          <StopPointRef>6490IM710</StopPointRef>
        </To>
        <Direction>outbound</Direction>
      </RouteLink>
    </RouteSection>
  </RouteSections>
  <Routes>
    <Route id="AGCK022_003">
      <Description>Dykehead - Kirriemuir Schools
</Description>
      <RouteSectionRef>AGCK022_003</RouteSectionRef>
    </Route>
    <Route id="AGCK022_001">
      <Description>Dykehead - Kirriemuir Schools
</Description>
      <RouteSectionRef>AGCK022_001</RouteSectionRef>
    </Route>
    <Route id="AGCK022_002">
      <Description>Dykehead - Kirriemuir Schools
</Description>
      <RouteSectionRef>AGCK022_002</RouteSectionRef>
    </Route>
  </Routes>
  <JourneyPatternSections>
    <JourneyPatternSection id="JPS_AGCK022-4">
      <JourneyPatternTimingLink id="JPS_AGCK022-4_48467">
        <From>
          <StopPointRef>6490IM1701</StopPointRef>
          <TimingStatus>PTP</TimingStatus>
        </From>
        <To>
          <StopPointRef>6490IM752</StopPointRef>
          <TimingStatus>OTH</TimingStatus>
        </To>
        <RouteLinkRef>AGCK022_003_48467</RouteLinkRef>
        <Direction>outbound</Direction>
        <RunTime>PT60S</RunTime>
      </JourneyPatternTimingLink>
      <JourneyPatternTimingLink id="JPS_AGCK022-4_48468">
        <From>
          <StopPointRef>6490IM752</StopPointRef>
          <TimingStatus>OTH</TimingStatus>
        </From>
        <To>
          <StopPointRef>6490IM753</StopPointRef>
          <TimingStatus>OTH</TimingStatus>
        </To>
        <RouteLinkRef>AGCK022_003_48468</RouteLinkRef>
        <Direction>outbound</Direction>
        <RunTime>PT60S</RunTime>
      </JourneyPatternTimingLink>
      <JourneyPatternTimingLink id="JPS_AGCK022-4_48469">
        <From>
          <StopPointRef>6490IM753</StopPointRef>
          <TimingStatus>OTH</TimingStatus>
        </From>
        <To>
          <StopPointRef>6490IM754</StopPointRef>
          <TimingStatus>OTH</TimingStatus>
        </To>
        <RouteLinkRef>AGCK022_003_48469</RouteLinkRef>
        <Direction>outbound</Direction>
        <RunTime>PT0S</RunTime>
      </JourneyPatternTimingLink>
      <JourneyPatternTimingLink id="JPS_AGCK022-4_48470">
        <From>
          <StopPointRef>6490IM754</StopPointRef>
          <TimingStatus>OTH</TimingStatus>
        </From>
        <To>
          <StopPointRef>6490IM1292</StopPointRef>
          <TimingStatus>OTH</TimingStatus>
        </To>
        <RouteLinkRef>AGCK022_003_48470</RouteLinkRef>
        <Direction>outbound</Direction>
        <RunTime>PT60S</RunTime>
      </JourneyPatternTimingLink>
      <JourneyPatternTimingLink id="JPS_AGCK022-4_48471">
        <From>
          <StopPointRef>6490IM1292</StopPointRef>
          <TimingStatus>OTH</TimingStatus>
        </From>
        <To>
          <StopPointRef>6490IM756</StopPointRef>
          <TimingStatus>OTH</TimingStatus>
        </To>
        <RouteLinkRef>AGCK022_003_48471</RouteLinkRef>
        <Direction>outbound</Direction>
        <RunTime>PT0S</RunTime>
      </JourneyPatternTimingLink>
      <JourneyPatternTimingLink id="JPS_AGCK022-4_48472">
        <From>
          <StopPointRef>6490IM756</StopPointRef>
          <TimingStatus>OTH</TimingStatus>
        </From>
        <To>
          <StopPointRef>6490IM757</StopPointRef>
          <TimingStatus>PTP</TimingStatus>
        </To>
        <RouteLinkRef>AGCK022_003_48472</RouteLinkRef>
        <Direction>outbound</Direction>
        <RunTime>PT60S</RunTime>
      </JourneyPatternTimingLink>
      <JourneyPatternTimingLink id="JPS_AGCK022-4_48473">
        <From>
          <StopPointRef>6490IM757</StopPointRef>
          <TimingStatus>PTP</TimingStatus>
        </From>
        <To>
          <StopPointRef>6490IM521</StopPointRef>
          <TimingStatus>OTH</TimingStatus>
        </To>
        <RouteLinkRef>AGCK022_003_48473</RouteLinkRef>
        <Direction>outbound</Direction>
        <RunTime>PT60S</RunTime>
      </JourneyPatternTimingLink>
      <JourneyPatternTimingLink id="JPS_AGCK022-4_48474">
        <From>
          <StopPointRef>6490IM521</StopPointRef>
          <TimingStatus>OTH</TimingStatus>
        </From>
        <To>
          <StopPointRef>6490IM760</StopPointRef>
          <TimingStatus>OTH</TimingStatus>
        </To>
        <RouteLinkRef>AGCK022_003_48474</RouteLinkRef>
        <Direction>outbound</Direction>
        <RunTime>PT0S</RunTime>
      </JourneyPatternTimingLink>
      <JourneyPatternTimingLink id="JPS_AGCK022-4_48475">
        <From>
          <StopPointRef>6490IM760</StopPointRef>
          <TimingStatus>OTH</TimingStatus>
        </From>
        <To>
          <StopPointRef>6490IM374</StopPointRef>
          <TimingStatus>PTP</TimingStatus>
        </To>
        <RouteLinkRef>AGCK022_003_48475</RouteLinkRef>
        <Direction>outbound</Direction>
        <RunTime>PT240S</RunTime>
      </JourneyPatternTimingLink>
      <JourneyPatternTimingLink id="JPS_AGCK022-4_48476">
        <From>
          <StopPointRef>6490IM374</StopPointRef>
          <TimingStatus>PTP</TimingStatus>
        </From>
        <To>
          <StopPointRef>6490IM1990</StopPointRef>
          <TimingStatus>PTP</TimingStatus>
        </To>
        <RouteLinkRef>AGCK022_003_48476</RouteLinkRef>
        <Direction>outbound</Direction>
        <RunTime>PT120S</RunTime>
      </JourneyPatternTimingLink>
      <JourneyPatternTimingLink id="JPS_AGCK022-4_48477">
        <From>
          <StopPointRef>6490IM1990</StopPointRef>
          <TimingStatus>PTP</TimingStatus>
        </From>
        <To>
          <StopPointRef>6490IM297</StopPointRef>
          <TimingStatus>PTP</TimingStatus>
        </To>
        <RouteLinkRef>AGCK022_003_48477</RouteLinkRef>
        <Direction>outbound</Direction>
        <RunTime>PT60S</RunTime>
      </JourneyPatternTimingLink>
      <JourneyPatternTimingLink id="JPS_AGCK022-4_48478">
        <From>
          <StopPointRef>6490IM297</StopPointRef>
          <TimingStatus>PTP</TimingStatus>
        </From>
        <To>
          <StopPointRef>6490IM18695</StopPointRef>
          <TimingStatus>OTH</TimingStatus>
        </To>
        <RouteLinkRef>AGCK022_003_48478</RouteLinkRef>
        <Direction>outbound</Direction>
        <RunTime>PT180S</RunTime>
      </JourneyPatternTimingLink>
      <JourneyPatternTimingLink id="JPS_AGCK022-4_48479">
        <From>
          <StopPointRef>6490IM18695</StopPointRef>
          <TimingStatus>OTH</TimingStatus>
        </From>
        <To>
          <StopPointRef>6490IM18693</StopPointRef>
          <TimingStatus>PTP</TimingStatus>
        </To>
        <RouteLinkRef>AGCK022_003_48479</RouteLinkRef>
        <Direction>outbound</Direction>
        <RunTime>PT60S</RunTime>
      </JourneyPatternTimingLink>
      <JourneyPatternTimingLink id="JPS_AGCK022-4_48480">
        <From>
          <StopPointRef>6490IM18693</StopPointRef>
          <TimingStatus>PTP</TimingStatus>
        </From>
        <To>
          <StopPointRef>6490IM57</StopPointRef>
          <TimingStatus>PTP</TimingStatus>
        </To>
        <RouteLinkRef>AGCK022_003_48480</RouteLinkRef>
        <Direction>outbound</Direction>
        <RunTime>PT240S</RunTime>
      </JourneyPatternTimingLink>
      <JourneyPatternTimingLink id="JPS_AGCK022-4_48481">
        <From>
          <StopPointRef>6490IM57</StopPointRef>
          <TimingStatus>PTP</TimingStatus>
        </From>
        <To>
          <StopPointRef>6490IM1991</StopPointRef>
          <TimingStatus>PTP</TimingStatus>
        </To>
        <RouteLinkRef>AGCK022_003_48481</RouteLinkRef>
        <Direction>outbound</Direction>
        <RunTime>PT120S</RunTime>
      </JourneyPatternTimingLink>
      <JourneyPatternTimingLink id="JPS_AGCK022-4_48482">
        <From>
          <StopPointRef>6490IM1991</StopPointRef>
          <TimingStatus>PTP</TimingStatus>
        </From>
        <To>
          <StopPointRef>6490IM365</StopPointRef>
          <TimingStatus>PTP</TimingStatus>
        </To>
        <RouteLinkRef>AGCK022_003_48482</RouteLinkRef>
        <Direction>outbound</Direction>
        <RunTime>PT60S</RunTime>
      </JourneyPatternTimingLink>
      <JourneyPatternTimingLink id="JPS_AGCK022-4_48483">
        <From>
          <StopPointRef>6490IM365</StopPointRef>
          <TimingStatus>PTP</TimingStatus>
        </From>
        <To>
          <StopPointRef>6490IM759</StopPointRef>
          <TimingStatus>OTH</TimingStatus>
        </To>
        <RouteLinkRef>AGCK022_003_48483</RouteLinkRef>
        <Direction>outbound</Direction>
        <RunTime>PT180S</RunTime>
      </JourneyPatternTimingLink>
      <JourneyPatternTimingLink id="JPS_AGCK022-4_48484">
        <From>
          <StopPointRef>6490IM759</StopPointRef>
          <TimingStatus>OTH</TimingStatus>
        </From>
        <To>
          <StopPointRef>6490IM758</StopPointRef>
          <TimingStatus>OTH</TimingStatus>
        </To>
        <RouteLinkRef>AGCK022_003_48484</RouteLinkRef>
        <Direction>outbound</Direction>
        <RunTime>PT60S</RunTime>
      </JourneyPatternTimingLink>
      <JourneyPatternTimingLink id="JPS_AGCK022-4_48485">
        <From>
          <StopPointRef>6490IM758</StopPointRef>
          <TimingStatus>OTH</TimingStatus>
        </From>
        <To>
          <StopPointRef>6490IM710</StopPointRef>
          <TimingStatus>PTP</TimingStatus>
        </To>
        <RouteLinkRef>AGCK022_003_48485</RouteLinkRef>
        <Direction>outbound</Direction>
        <RunTime>PT0S</RunTime>
      </JourneyPatternTimingLink>
    </JourneyPatternSection>
    <JourneyPatternSection id="JPS_AGCK022-5">
      <JourneyPatternTimingLink id="JPS_AGCK022-5_48487">
        <From>
          <StopPointRef>6490IM757</StopPointRef>
          <TimingStatus>PTP</TimingStatus>
        </From>
        <To>
          <StopPointRef>6490IM521</StopPointRef>
          <TimingStatus>OTH</TimingStatus>
        </To>
        <RouteLinkRef>AGCK022_001_48487</RouteLinkRef>
        <Direction>outbound</Direction>
        <RunTime>PT0S</RunTime>
      </JourneyPatternTimingLink>
      <JourneyPatternTimingLink id="JPS_AGCK022-5_48488">
        <From>
          <StopPointRef>6490IM521</StopPointRef>
          <TimingStatus>OTH</TimingStatus>
        </From>
        <To>
          <StopPointRef>6490IM760</StopPointRef>
          <TimingStatus>OTH</TimingStatus>
        </To>
        <RouteLinkRef>AGCK022_001_48488</RouteLinkRef>
        <Direction>outbound</Direction>
        <RunTime>PT60S</RunTime>
      </JourneyPatternTimingLink>
      <JourneyPatternTimingLink id="JPS_AGCK022-5_48489">
        <From>
          <StopPointRef>6490IM760</StopPointRef>
          <TimingStatus>OTH</TimingStatus>
        </From>
        <To>
          <StopPointRef>6490IM374</StopPointRef>
          <TimingStatus>PTP</TimingStatus>
        </To>
        <RouteLinkRef>AGCK022_001_48489</RouteLinkRef>
        <Direction>outbound</Direction>
        <RunTime>PT180S</RunTime>
      </JourneyPatternTimingLink>
      <JourneyPatternTimingLink id="JPS_AGCK022-5_48490">
        <From>
          <StopPointRef>6490IM374</StopPointRef>
          <TimingStatus>PTP</TimingStatus>
        </From>
        <To>
          <StopPointRef>6490IM1990</StopPointRef>
          <TimingStatus>PTP</TimingStatus>
        </To>
        <RouteLinkRef>AGCK022_001_48490</RouteLinkRef>
        <Direction>outbound</Direction>
        <RunTime>PT60S</RunTime>
      </JourneyPatternTimingLink>
      <JourneyPatternTimingLink id="JPS_AGCK022-5_48491">
        <From>
          <StopPointRef>6490IM1990</StopPointRef>
          <TimingStatus>PTP</TimingStatus>
        </From>
        <To>
          <StopPointRef>6490IM297</StopPointRef>
          <TimingStatus>PTP</TimingStatus>
        </To>
        <RouteLinkRef>AGCK022_001_48491</RouteLinkRef>
        <Direction>outbound</Direction>
        <RunTime>PT120S</RunTime>
      </JourneyPatternTimingLink>
      <JourneyPatternTimingLink id="JPS_AGCK022-5_48492">
        <From>
          <StopPointRef>6490IM297</StopPointRef>
          <TimingStatus>PTP</TimingStatus>
        </From>
        <To>
          <StopPointRef>6490IM18695</StopPointRef>
          <TimingStatus>OTH</TimingStatus>
        </To>
        <RouteLinkRef>AGCK022_001_48492</RouteLinkRef>
        <Direction>outbound</Direction>
        <RunTime>PT180S</RunTime>
      </JourneyPatternTimingLink>
      <JourneyPatternTimingLink id="JPS_AGCK022-5_48493">
        <From>
          <StopPointRef>6490IM18695</StopPointRef>
          <TimingStatus>OTH</TimingStatus>
        </From>
        <To>
          <StopPointRef>6490IM18693</StopPointRef>
          <TimingStatus>PTP</TimingStatus>
        </To>
        <RouteLinkRef>AGCK022_001_48493</RouteLinkRef>
        <Direction>outbound</Direction>
        <RunTime>PT60S</RunTime>
      </JourneyPatternTimingLink>
      <JourneyPatternTimingLink id="JPS_AGCK022-5_48494">
        <From>
          <StopPointRef>6490IM18693</StopPointRef>
          <TimingStatus>PTP</TimingStatus>
        </From>
        <To>
          <StopPointRef>6490IM57</StopPointRef>
          <TimingStatus>PTP</TimingStatus>
        </To>
        <RouteLinkRef>AGCK022_001_48494</RouteLinkRef>
        <Direction>outbound</Direction>
        <RunTime>PT240S</RunTime>
      </JourneyPatternTimingLink>
      <JourneyPatternTimingLink id="JPS_AGCK022-5_48495">
        <From>
          <StopPointRef>6490IM57</StopPointRef>
          <TimingStatus>PTP</TimingStatus>
        </From>
        <To>
          <StopPointRef>6490IM1991</StopPointRef>
          <TimingStatus>PTP</TimingStatus>
        </To>
        <RouteLinkRef>AGCK022_001_48495</RouteLinkRef>
        <Direction>outbound</Direction>
        <RunTime>PT120S</RunTime>
      </JourneyPatternTimingLink>
      <JourneyPatternTimingLink id="JPS_AGCK022-5_48496">
        <From>
          <StopPointRef>6490IM1991</StopPointRef>
          <TimingStatus>PTP</TimingStatus>
        </From>
        <To>
          <StopPointRef>6490IM365</StopPointRef>
          <TimingStatus>PTP</TimingStatus>
        </To>
        <RouteLinkRef>AGCK022_001_48496</RouteLinkRef>
        <Direction>outbound</Direction>
        <RunTime>PT60S</RunTime>
      </JourneyPatternTimingLink>
      <JourneyPatternTimingLink id="JPS_AGCK022-5_48497">
        <From>
          <StopPointRef>6490IM365</StopPointRef>
          <TimingStatus>PTP</TimingStatus>
        </From>
        <To>
          <StopPointRef>6490IM443</StopPointRef>
          <TimingStatus>OTH</TimingStatus>
        </To>
        <RouteLinkRef>AGCK022_001_48497</RouteLinkRef>
        <Direction>outbound</Direction>
        <RunTime>PT180S</RunTime>
      </JourneyPatternTimingLink>
      <JourneyPatternTimingLink id="JPS_AGCK022-5_48498">
        <From>
          <StopPointRef>6490IM443</StopPointRef>
          <TimingStatus>OTH</TimingStatus>
        </From>
        <To>
          <StopPointRef>6490IM987</StopPointRef>
          <TimingStatus>OTH</TimingStatus>
        </To>
        <RouteLinkRef>AGCK022_001_48498</RouteLinkRef>
        <Direction>outbound</Direction>
        <RunTime>PT60S</RunTime>
      </JourneyPatternTimingLink>
      <JourneyPatternTimingLink id="JPS_AGCK022-5_48499">
        <From>
          <StopPointRef>6490IM987</StopPointRef>
          <TimingStatus>OTH</TimingStatus>
        </From>
        <To>
          <StopPointRef>6490IM763</StopPointRef>
          <TimingStatus>OTH</TimingStatus>
        </To>
        <RouteLinkRef>AGCK022_001_48499</RouteLinkRef>
        <Direction>outbound</Direction>
        <RunTime>PT60S</RunTime>
      </JourneyPatternTimingLink>
      <JourneyPatternTimingLink id="JPS_AGCK022-5_48500">
        <From>
          <StopPointRef>6490IM763</StopPointRef>
          <TimingStatus>OTH</TimingStatus>
        </From>
        <To>
          <StopPointRef>6490IM642</StopPointRef>
          <TimingStatus>OTH</TimingStatus>
        </To>
        <RouteLinkRef>AGCK022_001_48500</RouteLinkRef>
        <Direction>outbound</Direction>
        <RunTime>PT60S</RunTime>
      </JourneyPatternTimingLink>
      <JourneyPatternTimingLink id="JPS_AGCK022-5_48501">
        <From>
          <StopPointRef>6490IM642</StopPointRef>
          <TimingStatus>OTH</TimingStatus>
        </From>
        <To>
          <StopPointRef>6490IM918</StopPointRef>
          <TimingStatus>PTP</TimingStatus>
        </To>
        <RouteLinkRef>AGCK022_001_48501</RouteLinkRef>
        <Direction>outbound</Direction>
        <RunTime>PT60S</RunTime>
      </JourneyPatternTimingLink>
      <JourneyPatternTimingLink id="JPS_AGCK022-5_48502">
        <From>
          <StopPointRef>6490IM918</StopPointRef>
          <TimingStatus>PTP</TimingStatus>
        </From>
        <To>
          <StopPointRef>6490IM643</StopPointRef>
          <TimingStatus>OTH</TimingStatus>
        </To>
        <RouteLinkRef>AGCK022_001_48502</RouteLinkRef>
        <Direction>outbound</Direction>
        <RunTime>PT60S</RunTime>
      </JourneyPatternTimingLink>
      <JourneyPatternTimingLink id="JPS_AGCK022-5_48503">
        <From>
          <StopPointRef>6490IM643</StopPointRef>
          <TimingStatus>OTH</TimingStatus>
        </From>
        <To>
          <StopPointRef>6490IM765</StopPointRef>
          <TimingStatus>OTH</TimingStatus>
        </To>
        <RouteLinkRef>AGCK022_001_48503</RouteLinkRef>
        <Direction>outbound</Direction>
        <RunTime>PT60S</RunTime>
      </JourneyPatternTimingLink>
      <JourneyPatternTimingLink id="JPS_AGCK022-5_48504">
        <From>
          <StopPointRef>6490IM765</StopPointRef>
          <TimingStatus>OTH</TimingStatus>
        </From>
        <To>
          <StopPointRef>6490IM767</StopPointRef>
          <TimingStatus>OTH</TimingStatus>
        </To>
        <RouteLinkRef>AGCK022_001_48504</RouteLinkRef>
        <Direction>outbound</Direction>
        <RunTime>PT60S</RunTime>
      </JourneyPatternTimingLink>
      <JourneyPatternTimingLink id="JPS_AGCK022-5_48505">
        <From>
          <StopPointRef>6490IM767</StopPointRef>
          <TimingStatus>OTH</TimingStatus>
        </From>
        <To>
          <StopPointRef>6490IM481</StopPointRef>
          <TimingStatus>OTH</TimingStatus>
        </To>
        <RouteLinkRef>AGCK022_001_48505</RouteLinkRef>
        <Direction>outbound</Direction>
        <RunTime>PT0S</RunTime>
      </JourneyPatternTimingLink>
      <JourneyPatternTimingLink id="JPS_AGCK022-5_48506">
        <From>
          <StopPointRef>6490IM481</StopPointRef>
          <TimingStatus>OTH</TimingStatus>
        </From>
        <To>
          <StopPointRef>6490IM271</StopPointRef>
          <TimingStatus>OTH</TimingStatus>
        </To>
        <RouteLinkRef>AGCK022_001_48506</RouteLinkRef>
        <Direction>outbound</Direction>
        <RunTime>PT0S</RunTime>
      </JourneyPatternTimingLink>
      <JourneyPatternTimingLink id="JPS_AGCK022-5_48507">
        <From>
          <StopPointRef>6490IM271</StopPointRef>
          <TimingStatus>OTH</TimingStatus>
        </From>
        <To>
          <StopPointRef>6490IM1008</StopPointRef>
          <TimingStatus>OTH</TimingStatus>
        </To>
        <RouteLinkRef>AGCK022_001_48507</RouteLinkRef>
        <Direction>outbound</Direction>
        <RunTime>PT60S</RunTime>
      </JourneyPatternTimingLink>
      <JourneyPatternTimingLink id="JPS_AGCK022-5_48508">
        <From>
          <StopPointRef>6490IM1008</StopPointRef>
          <TimingStatus>OTH</TimingStatus>
        </From>
        <To>
          <StopPointRef>6490IM1701</StopPointRef>
          <TimingStatus>PTP</TimingStatus>
        </To>
        <RouteLinkRef>AGCK022_001_48508</RouteLinkRef>
        <Direction>outbound</Direction>
        <RunTime>PT60S</RunTime>
      </JourneyPatternTimingLink>
    </JourneyPatternSection>
    <JourneyPatternSection id="JPS_AGCK022-6">
      <JourneyPatternTimingLink id="JPS_AGCK022-6_48510">
        <From>
          <StopPointRef>6490IM918</StopPointRef>
          <TimingStatus>PTP</TimingStatus>
        </From>
        <To>
          <StopPointRef>6490IM643</StopPointRef>
          <TimingStatus>OTH</TimingStatus>
        </To>
        <RouteLinkRef>AGCK022_002_48510</RouteLinkRef>
        <Direction>outbound</Direction>
        <RunTime>PT60S</RunTime>
      </JourneyPatternTimingLink>
      <JourneyPatternTimingLink id="JPS_AGCK022-6_48511">
        <From>
          <StopPointRef>6490IM643</StopPointRef>
          <TimingStatus>OTH</TimingStatus>
        </From>
        <To>
          <StopPointRef>6490IM765</StopPointRef>
          <TimingStatus>OTH</TimingStatus>
        </To>
        <RouteLinkRef>AGCK022_002_48511</RouteLinkRef>
        <Direction>outbound</Direction>
        <RunTime>PT60S</RunTime>
      </JourneyPatternTimingLink>
      <JourneyPatternTimingLink id="JPS_AGCK022-6_48512">
        <From>
          <StopPointRef>6490IM765</StopPointRef>
          <TimingStatus>OTH</TimingStatus>
        </From>
        <To>
          <StopPointRef>6490IM767</StopPointRef>
          <TimingStatus>OTH</TimingStatus>
        </To>
        <RouteLinkRef>AGCK022_002_48512</RouteLinkRef>
        <Direction>outbound</Direction>
        <RunTime>PT60S</RunTime>
      </JourneyPatternTimingLink>
      <JourneyPatternTimingLink id="JPS_AGCK022-6_48513">
        <From>
          <StopPointRef>6490IM767</StopPointRef>
          <TimingStatus>OTH</TimingStatus>
        </From>
        <To>
          <StopPointRef>6490IM481</StopPointRef>
          <TimingStatus>OTH</TimingStatus>
        </To>
        <RouteLinkRef>AGCK022_002_48513</RouteLinkRef>
        <Direction>outbound</Direction>
        <RunTime>PT60S</RunTime>
      </JourneyPatternTimingLink>
      <JourneyPatternTimingLink id="JPS_AGCK022-6_48514">
        <From>
          <StopPointRef>6490IM481</StopPointRef>
          <TimingStatus>OTH</TimingStatus>
        </From>
        <To>
          <StopPointRef>6490IM271</StopPointRef>
          <TimingStatus>OTH</TimingStatus>
        </To>
        <RouteLinkRef>AGCK022_002_48514</RouteLinkRef>
        <Direction>outbound</Direction>
        <RunTime>PT60S</RunTime>
      </JourneyPatternTimingLink>
      <JourneyPatternTimingLink id="JPS_AGCK022-6_48515">
        <From>
          <StopPointRef>6490IM271</StopPointRef>
          <TimingStatus>OTH</TimingStatus>
        </From>
        <To>
          <StopPointRef>6490IM1008</StopPointRef>
          <TimingStatus>OTH</TimingStatus>
        </To>
        <RouteLinkRef>AGCK022_002_48515</RouteLinkRef>
        <Direction>outbound</Direction>
        <RunTime>PT180S</RunTime>
      </JourneyPatternTimingLink>
      <JourneyPatternTimingLink id="JPS_AGCK022-6_48516">
        <From>
          <StopPointRef>6490IM1008</StopPointRef>
          <TimingStatus>OTH</TimingStatus>
        </From>
        <To>
          <StopPointRef>6490IM1701</StopPointRef>
          <TimingStatus>PTP</TimingStatus>
        </To>
        <RouteLinkRef>AGCK022_002_48516</RouteLinkRef>
        <Direction>outbound</Direction>
        <RunTime>PT120S</RunTime>
      </JourneyPatternTimingLink>
      <JourneyPatternTimingLink id="JPS_AGCK022-6_48517">
        <From>
          <WaitTime>PT1200S</WaitTime>
          <StopPointRef>6490IM1701</StopPointRef>
          <TimingStatus>PTP</TimingStatus>
        </From>
        <To>
          <StopPointRef>6490IM752</StopPointRef>
          <TimingStatus>OTH</TimingStatus>
        </To>
        <RouteLinkRef>AGCK022_002_48517</RouteLinkRef>
        <Direction>outbound</Direction>
        <RunTime>PT60S</RunTime>
      </JourneyPatternTimingLink>
      <JourneyPatternTimingLink id="JPS_AGCK022-6_48518">
        <From>
          <StopPointRef>6490IM752</StopPointRef>
          <TimingStatus>OTH</TimingStatus>
        </From>
        <To>
          <StopPointRef>6490IM753</StopPointRef>
          <TimingStatus>OTH</TimingStatus>
        </To>
        <RouteLinkRef>AGCK022_002_48518</RouteLinkRef>
        <Direction>outbound</Direction>
        <RunTime>PT60S</RunTime>
      </JourneyPatternTimingLink>
      <JourneyPatternTimingLink id="JPS_AGCK022-6_48519">
        <From>
          <StopPointRef>6490IM753</StopPointRef>
          <TimingStatus>OTH</TimingStatus>
        </From>
        <To>
          <StopPointRef>6490IM754</StopPointRef>
          <TimingStatus>OTH</TimingStatus>
        </To>
        <RouteLinkRef>AGCK022_002_48519</RouteLinkRef>
        <Direction>outbound</Direction>
        <RunTime>PT0S</RunTime>
      </JourneyPatternTimingLink>
      <JourneyPatternTimingLink id="JPS_AGCK022-6_48520">
        <From>
          <StopPointRef>6490IM754</StopPointRef>
          <TimingStatus>OTH</TimingStatus>
        </From>
        <To>
          <StopPointRef>6490IM1292</StopPointRef>
          <TimingStatus>OTH</TimingStatus>
        </To>
        <RouteLinkRef>AGCK022_002_48520</RouteLinkRef>
        <Direction>outbound</Direction>
        <RunTime>PT60S</RunTime>
      </JourneyPatternTimingLink>
      <JourneyPatternTimingLink id="JPS_AGCK022-6_48521">
        <From>
          <StopPointRef>6490IM1292</StopPointRef>
          <TimingStatus>OTH</TimingStatus>
        </From>
        <To>
          <StopPointRef>6490IM756</StopPointRef>
          <TimingStatus>OTH</TimingStatus>
        </To>
        <RouteLinkRef>AGCK022_002_48521</RouteLinkRef>
        <Direction>outbound</Direction>
        <RunTime>PT0S</RunTime>
      </JourneyPatternTimingLink>
      <JourneyPatternTimingLink id="JPS_AGCK022-6_48522">
        <From>
          <StopPointRef>6490IM756</StopPointRef>
          <TimingStatus>OTH</TimingStatus>
        </From>
        <To>
          <StopPointRef>6490IM757</StopPointRef>
          <TimingStatus>PTP</TimingStatus>
        </To>
        <RouteLinkRef>AGCK022_002_48522</RouteLinkRef>
        <Direction>outbound</Direction>
        <RunTime>PT60S</RunTime>
      </JourneyPatternTimingLink>
      <JourneyPatternTimingLink id="JPS_AGCK022-6_48523">
        <From>
          <StopPointRef>6490IM757</StopPointRef>
          <TimingStatus>PTP</TimingStatus>
        </From>
        <To>
          <StopPointRef>6490IM521</StopPointRef>
          <TimingStatus>OTH</TimingStatus>
        </To>
        <RouteLinkRef>AGCK022_002_48523</RouteLinkRef>
        <Direction>outbound</Direction>
        <RunTime>PT60S</RunTime>
      </JourneyPatternTimingLink>
      <JourneyPatternTimingLink id="JPS_AGCK022-6_48524">
        <From>
          <StopPointRef>6490IM521</StopPointRef>
          <TimingStatus>OTH</TimingStatus>
        </From>
        <To>
          <StopPointRef>6490IM760</StopPointRef>
          <TimingStatus>OTH</TimingStatus>
        </To>
        <RouteLinkRef>AGCK022_002_48524</RouteLinkRef>
        <Direction>outbound</Direction>
        <RunTime>PT0S</RunTime>
      </JourneyPatternTimingLink>
      <JourneyPatternTimingLink id="JPS_AGCK022-6_48525">
        <From>
          <StopPointRef>6490IM760</StopPointRef>
          <TimingStatus>OTH</TimingStatus>
        </From>
        <To>
          <StopPointRef>6490IM374</StopPointRef>
          <TimingStatus>PTP</TimingStatus>
        </To>
        <RouteLinkRef>AGCK022_002_48525</RouteLinkRef>
        <Direction>outbound</Direction>
        <RunTime>PT240S</RunTime>
      </JourneyPatternTimingLink>
      <JourneyPatternTimingLink id="JPS_AGCK022-6_48526">
        <From>
          <StopPointRef>6490IM374</StopPointRef>
          <TimingStatus>PTP</TimingStatus>
        </From>
        <To>
          <StopPointRef>6490IM1990</StopPointRef>
          <TimingStatus>PTP</TimingStatus>
        </To>
        <RouteLinkRef>AGCK022_002_48526</RouteLinkRef>
        <Direction>outbound</Direction>
        <RunTime>PT120S</RunTime>
      </JourneyPatternTimingLink>
      <JourneyPatternTimingLink id="JPS_AGCK022-6_48527">
        <From>
          <StopPointRef>6490IM1990</StopPointRef>
          <TimingStatus>PTP</TimingStatus>
        </From>
        <To>
          <StopPointRef>6490IM297</StopPointRef>
          <TimingStatus>PTP</TimingStatus>
        </To>
        <RouteLinkRef>AGCK022_002_48527</RouteLinkRef>
        <Direction>outbound</Direction>
        <RunTime>PT60S</RunTime>
      </JourneyPatternTimingLink>
      <JourneyPatternTimingLink id="JPS_AGCK022-6_48528">
        <From>
          <StopPointRef>6490IM297</StopPointRef>
          <TimingStatus>PTP</TimingStatus>
        </From>
        <To>
          <StopPointRef>6490IM18695</StopPointRef>
          <TimingStatus>OTH</TimingStatus>
        </To>
        <RouteLinkRef>AGCK022_002_48528</RouteLinkRef>
        <Direction>outbound</Direction>
        <RunTime>PT180S</RunTime>
      </JourneyPatternTimingLink>
      <JourneyPatternTimingLink id="JPS_AGCK022-6_48529">
        <From>
          <StopPointRef>6490IM18695</StopPointRef>
          <TimingStatus>OTH</TimingStatus>
        </From>
        <To>
          <StopPointRef>6490IM18693</StopPointRef>
          <TimingStatus>PTP</TimingStatus>
        </To>
        <RouteLinkRef>AGCK022_002_48529</RouteLinkRef>
        <Direction>outbound</Direction>
        <RunTime>PT60S</RunTime>
      </JourneyPatternTimingLink>
      <JourneyPatternTimingLink id="JPS_AGCK022-6_48530">
        <From>
          <StopPointRef>6490IM18693</StopPointRef>
          <TimingStatus>PTP</TimingStatus>
        </From>
        <To>
          <StopPointRef>6490IM57</StopPointRef>
          <TimingStatus>PTP</TimingStatus>
        </To>
        <RouteLinkRef>AGCK022_002_48530</RouteLinkRef>
        <Direction>outbound</Direction>
        <RunTime>PT240S</RunTime>
      </JourneyPatternTimingLink>
      <JourneyPatternTimingLink id="JPS_AGCK022-6_48531">
        <From>
          <StopPointRef>6490IM57</StopPointRef>
          <TimingStatus>PTP</TimingStatus>
        </From>
        <To>
          <StopPointRef>6490IM1991</StopPointRef>
          <TimingStatus>PTP</TimingStatus>
        </To>
        <RouteLinkRef>AGCK022_002_48531</RouteLinkRef>
        <Direction>outbound</Direction>
        <RunTime>PT120S</RunTime>
      </JourneyPatternTimingLink>
      <JourneyPatternTimingLink id="JPS_AGCK022-6_48532">
        <From>
          <StopPointRef>6490IM1991</StopPointRef>
          <TimingStatus>PTP</TimingStatus>
        </From>
        <To>
          <StopPointRef>6490IM365</StopPointRef>
          <TimingStatus>PTP</TimingStatus>
        </To>
        <RouteLinkRef>AGCK022_002_48532</RouteLinkRef>
        <Direction>outbound</Direction>
        <RunTime>PT60S</RunTime>
      </JourneyPatternTimingLink>
      <JourneyPatternTimingLink id="JPS_AGCK022-6_48533">
        <From>
          <StopPointRef>6490IM365</StopPointRef>
          <TimingStatus>PTP</TimingStatus>
        </From>
        <To>
          <StopPointRef>6490IM759</StopPointRef>
          <TimingStatus>OTH</TimingStatus>
        </To>
        <RouteLinkRef>AGCK022_002_48533</RouteLinkRef>
        <Direction>outbound</Direction>
        <RunTime>PT180S</RunTime>
      </JourneyPatternTimingLink>
      <JourneyPatternTimingLink id="JPS_AGCK022-6_48534">
        <From>
          <StopPointRef>6490IM759</StopPointRef>
          <TimingStatus>OTH</TimingStatus>
        </From>
        <To>
          <StopPointRef>6490IM758</StopPointRef>
          <TimingStatus>OTH</TimingStatus>
        </To>
        <RouteLinkRef>AGCK022_002_48534</RouteLinkRef>
        <Direction>outbound</Direction>
        <RunTime>PT60S</RunTime>
      </JourneyPatternTimingLink>
      <JourneyPatternTimingLink id="JPS_AGCK022-6_48535">
        <From>
          <StopPointRef>6490IM758</StopPointRef>
          <TimingStatus>OTH</TimingStatus>
        </From>
        <To>
          <StopPointRef>6490IM710</StopPointRef>
          <TimingStatus>PTP</TimingStatus>
        </To>
        <RouteLinkRef>AGCK022_002_48535</RouteLinkRef>
        <Direction>outbound</Direction>
        <RunTime>PT0S</RunTime>
      </JourneyPatternTimingLink>
    </JourneyPatternSection>
  </JourneyPatternSections>
  <Operators>
    <Operator id="CTY">
      <NationalOperatorCode>CNTT</NationalOperatorCode>
      <OperatorCode>CTY</OperatorCode>
      <OperatorShortName>County Travel</OperatorShortName>
    </Operator>
  </Operators>
  <Services>
    <Service>
      <ServiceCode>AGCK022</ServiceCode>
      <Lines>
        <Line id="0">
          <LineName>K22</LineName>
        </Line>
      </Lines>
      <OperatingPeriod>
        <StartDate>2017-08-16</StartDate>
        <EndDate>2049-12-31</EndDate>
      </OperatingPeriod>
      <RegisteredOperatorRef>CTY</RegisteredOperatorRef>
      <StopRequirements>
        <NoNewStopsRequired />
      </StopRequirements>
      <Mode>bus</Mode>
      <Description>Dykehead - Kirriemuir Schools</Description>
      <StandardService>
        <Origin>Dykehead</Origin>
        <Destination>Kirriemuir Schools</Destination>
        <JourneyPattern id="JPS_AGCK022-4">
          <Direction>outbound</Direction>
          <JourneyPatternSectionRefs>JPS_AGCK022-4</JourneyPatternSectionRefs>
        </JourneyPattern>
        <JourneyPattern id="JPS_AGCK022-5">
          <Direction>outbound</Direction>
          <JourneyPatternSectionRefs>JPS_AGCK022-5</JourneyPatternSectionRefs>
        </JourneyPattern>
        <JourneyPattern id="JPS_AGCK022-6">
          <Direction>outbound</Direction>
          <JourneyPatternSectionRefs>JPS_AGCK022-6</JourneyPatternSectionRefs>
        </JourneyPattern>
      </StandardService>
    </Service>
  </Services>
  <VehicleJourneys>
    <VehicleJourney>
      <OperatorRef>CTY</OperatorRef>
      <OperatingProfile>
        <RegularDayType>
          <DaysOfWeek>
            <Friday />
          </DaysOfWeek>
        </RegularDayType>
        <ServicedOrganisationDayType>
          <DaysOfNonOperation>
            <WorkingDays>
              <ServicedOrganisationRef>160</ServicedOrganisationRef>
            </WorkingDays>
          </DaysOfNonOperation>
        </ServicedOrganisationDayType>
      </OperatingProfile>
      <VehicleJourneyCode>13899</VehicleJourneyCode>
      <ServiceRef>AGCK022</ServiceRef>
      <LineRef>0</LineRef>
      <JourneyPatternRef>JPS_AGCK022-4</JourneyPatternRef>
      <Note>
        <NoteCode>Sch</NoteCode>
        <NoteText>Operates on Angus schooldays only</NoteText>
      </Note>
      <DepartureTime>13:30:00</DepartureTime>
    </VehicleJourney>
    <VehicleJourney>
      <OperatorRef>CTY</OperatorRef>
      <OperatingProfile>
        <RegularDayType>
          <DaysOfWeek>
            <Monday />
            <Tuesday />
            <Wednesday />
            <Thursday />
            <Friday />
          </DaysOfWeek>
        </RegularDayType>
        <ServicedOrganisationDayType>
          <DaysOfNonOperation>
            <WorkingDays>
              <ServicedOrganisationRef>160</ServicedOrganisationRef>
            </WorkingDays>
          </DaysOfNonOperation>
        </ServicedOrganisationDayType>
      </OperatingProfile>
      <VehicleJourneyCode>13900</VehicleJourneyCode>
      <ServiceRef>AGCK022</ServiceRef>
      <LineRef>0</LineRef>
      <JourneyPatternRef>JPS_AGCK022-5</JourneyPatternRef>
      <Note>
        <NoteCode>Sch</NoteCode>
        <NoteText>Operates on Angus schooldays only</NoteText>
      </Note>
      <DepartureTime>08:15:00</DepartureTime>
    </VehicleJourney>
    <VehicleJourney>
      <OperatorRef>CTY</OperatorRef>
      <OperatingProfile>
        <RegularDayType>
          <DaysOfWeek>
            <Monday />
            <Tuesday />
            <Wednesday />
            <Thursday />
          </DaysOfWeek>
        </RegularDayType>
        <ServicedOrganisationDayType>
          <DaysOfNonOperation>
            <WorkingDays>
              <ServicedOrganisationRef>160</ServicedOrganisationRef>
            </WorkingDays>
          </DaysOfNonOperation>
        </ServicedOrganisationDayType>
      </OperatingProfile>
      <VehicleJourneyCode>13901</VehicleJourneyCode>
      <ServiceRef>AGCK022</ServiceRef>
      <LineRef>0</LineRef>
      <JourneyPatternRef>JPS_AGCK022-6</JourneyPatternRef>
      <Note>
        <NoteCode>Sch</NoteCode>
        <NoteText>Operates on Angus schooldays only</NoteText>
      </Note>
      <DepartureTime>15:30:00</DepartureTime>
    </VehicleJourney>
  </VehicleJourneys>
</TransXChange>