<?xml version="1.0" encoding="utf-8"?>
<TransXChange xmlns:xsi="http://www.w3.org/2001/XMLSchema-instance" xmlns:xsd="http://www.w3.org/2001/XMLSchema" xsi:schemaLocation="http://www.transxchange.org.uk/ http://www.transxchange.org.uk/schema/2.1/TransXChange_general.xsd" CreationDateTime="2019-10-07T13:05:00-00:00" ModificationDateTime="2019-10-07T13:05:00-00:00" Modification="new" RevisionNumber="0" FileName="SVRABAO182.xml" SchemaVersion="2.1" RegistrationDocument="false" xmlns="http://www.transxchange.org.uk/">
  <ServicedOrganisations>
    <ServicedOrganisation>
      <OrganisationCode>78</OrganisationCode>
      <Name>
QE0 : Cif-SER182-FAB-20190819_20190725_194852.cif
</Name>
      <WorkingDays>
        <DateRange>
          <StartDate>2019-10-13</StartDate>
          <EndDate>2019-10-26</EndDate>
        </DateRange>
        <DateRange>
          <StartDate>2019-12-22</StartDate>
          <EndDate>2020-01-04</EndDate>
        </DateRange>
        <DateRange>
          <StartDate>2020-02-16</StartDate>
          <EndDate>2020-02-19</EndDate>
        </DateRange>
        <DateRange>
          <StartDate>2020-04-05</StartDate>
          <EndDate>2020-04-18</EndDate>
        </DateRange>
        <DateRange>
          <StartDate>2020-07-05</StartDate>
          <EndDate>2021-08-19</EndDate>
        </DateRange>
      </WorkingDays>
    </ServicedOrganisation>
    <ServicedOrganisation>
      <OrganisationCode>76</OrganisationCode>
      <Name>
QE0 : Cif-SER182-FAB-20190819_20190725_194852.cif
</Name>
      <WorkingDays>
        <DateRange>
          <StartDate>2019-10-13</StartDate>
          <EndDate>2019-10-26</EndDate>
        </DateRange>
        <DateRange>
          <StartDate>2019-11-17</StartDate>
          <EndDate>2019-11-19</EndDate>
        </DateRange>
        <DateRange>
          <StartDate>2019-12-22</StartDate>
          <EndDate>2020-01-04</EndDate>
        </DateRange>
        <DateRange>
          <StartDate>2020-02-16</StartDate>
          <EndDate>2020-02-19</EndDate>
        </DateRange>
        <DateRange>
          <StartDate>2020-04-05</StartDate>
          <EndDate>2020-04-18</EndDate>
        </DateRange>
        <DateRange>
          <StartDate>2020-07-05</StartDate>
          <EndDate>2021-01-03</EndDate>
        </DateRange>
        <DateRange>
          <StartDate>2021-01-05</StartDate>
          <EndDate>2021-08-19</EndDate>
        </DateRange>
      </WorkingDays>
    </ServicedOrganisation>
    <ServicedOrganisation>
      <OrganisationCode>77</OrganisationCode>
      <Name>
QE0 : Cif-SER182-FAB-20190819_20190725_194852.cif
</Name>
      <WorkingDays>
        <DateRange>
          <StartDate>2019-10-13</StartDate>
          <EndDate>2019-10-26</EndDate>
        </DateRange>
        <DateRange>
          <StartDate>2019-11-17</StartDate>
          <EndDate>2019-11-23</EndDate>
        </DateRange>
        <DateRange>
          <StartDate>2019-12-22</StartDate>
          <EndDate>2020-01-04</EndDate>
        </DateRange>
        <DateRange>
          <StartDate>2020-02-16</StartDate>
          <EndDate>2020-02-22</EndDate>
        </DateRange>
        <DateRange>
          <StartDate>2020-04-05</StartDate>
          <EndDate>2020-04-18</EndDate>
        </DateRange>
        <DateRange>
          <StartDate>2020-07-05</StartDate>
          <EndDate>2021-01-03</EndDate>
        </DateRange>
        <DateRange>
          <StartDate>2021-01-05</StartDate>
          <EndDate>2021-08-19</EndDate>
        </DateRange>
      </WorkingDays>
    </ServicedOrganisation>
  </ServicedOrganisations>
  <StopPoints>
    <AnnotatedStopPointRef>
      <StopPointRef>639067025</StopPointRef>
      <CommonName>Lochside Academy</CommonName>
    </AnnotatedStopPointRef>
    <AnnotatedStopPointRef>
      <StopPointRef>639002931</StopPointRef>
      <CommonName>Souter Head Road</CommonName>
    </AnnotatedStopPointRef>
    <AnnotatedStopPointRef>
      <StopPointRef>639002941</StopPointRef>
      <CommonName>Redmoss Park</CommonName>
    </AnnotatedStopPointRef>
    <AnnotatedStopPointRef>
      <StopPointRef>639002532</StopPointRef>
      <CommonName>Redmoss Road</CommonName>
    </AnnotatedStopPointRef>
    <AnnotatedStopPointRef>
      <StopPointRef>639002522</StopPointRef>
      <CommonName>Nigg Way</CommonName>
    </AnnotatedStopPointRef>
    <AnnotatedStopPointRef>
      <StopPointRef>639002512</StopPointRef>
      <CommonName>Tollohill Place</CommonName>
    </AnnotatedStopPointRef>
    <AnnotatedStopPointRef>
      <StopPointRef>639002502</StopPointRef>
      <CommonName>Abbotswell Crescent</CommonName>
    </AnnotatedStopPointRef>
    <AnnotatedStopPointRef>
      <StopPointRef>639002492</StopPointRef>
      <CommonName>Cairngorm Crescent</CommonName>
    </AnnotatedStopPointRef>
    <AnnotatedStopPointRef>
      <StopPointRef>639002481</StopPointRef>
      <CommonName>Tollohill Square</CommonName>
    </AnnotatedStopPointRef>
    <AnnotatedStopPointRef>
      <StopPointRef>639002542</StopPointRef>
      <CommonName>Caiesdykes Road</CommonName>
    </AnnotatedStopPointRef>
    <AnnotatedStopPointRef>
      <StopPointRef>639002551</StopPointRef>
      <CommonName>Cairnvale Crescent</CommonName>
    </AnnotatedStopPointRef>
    <AnnotatedStopPointRef>
      <StopPointRef>639002602</StopPointRef>
      <CommonName>Deevale Gardens</CommonName>
    </AnnotatedStopPointRef>
    <AnnotatedStopPointRef>
      <StopPointRef>639002622</StopPointRef>
      <CommonName>Deevale Terrace</CommonName>
    </AnnotatedStopPointRef>
    <AnnotatedStopPointRef>
      <StopPointRef>639002632</StopPointRef>
      <CommonName>Abbotswell School</CommonName>
    </AnnotatedStopPointRef>
    <AnnotatedStopPointRef>
      <StopPointRef>639002642</StopPointRef>
      <CommonName>Faulds Crescent Path</CommonName>
    </AnnotatedStopPointRef>
    <AnnotatedStopPointRef>
      <StopPointRef>639002452</StopPointRef>
      <CommonName>Faulds Gate</CommonName>
    </AnnotatedStopPointRef>
    <AnnotatedStopPointRef>
      <StopPointRef>639002442</StopPointRef>
      <CommonName>Abbotswell Drive</CommonName>
    </AnnotatedStopPointRef>
    <AnnotatedStopPointRef>
      <StopPointRef>639002432</StopPointRef>
      <CommonName>Kincorth Crescent</CommonName>
    </AnnotatedStopPointRef>
    <AnnotatedStopPointRef>
      <StopPointRef>639002342</StopPointRef>
      <CommonName>Duthie Park</CommonName>
    </AnnotatedStopPointRef>
    <AnnotatedStopPointRef>
      <StopPointRef>639002341</StopPointRef>
      <CommonName>Duthie Park</CommonName>
    </AnnotatedStopPointRef>
    <AnnotatedStopPointRef>
      <StopPointRef>639002431</StopPointRef>
      <CommonName>Kincorth Crescent</CommonName>
    </AnnotatedStopPointRef>
    <AnnotatedStopPointRef>
      <StopPointRef>639002441</StopPointRef>
      <CommonName>Abbotswell Crescent</CommonName>
    </AnnotatedStopPointRef>
    <AnnotatedStopPointRef>
      <StopPointRef>639006191</StopPointRef>
      <CommonName>Provost Watt Drive</CommonName>
    </AnnotatedStopPointRef>
    <AnnotatedStopPointRef>
      <StopPointRef>639002641</StopPointRef>
      <CommonName>Faulds Wynd Path</CommonName>
    </AnnotatedStopPointRef>
    <AnnotatedStopPointRef>
      <StopPointRef>639002631</StopPointRef>
      <CommonName>Abbotswell School</CommonName>
    </AnnotatedStopPointRef>
    <AnnotatedStopPointRef>
      <StopPointRef>639002621</StopPointRef>
      <CommonName>Deevale Terrace</CommonName>
    </AnnotatedStopPointRef>
    <AnnotatedStopPointRef>
      <StopPointRef>639002601</StopPointRef>
      <CommonName>Cairngorm Drive</CommonName>
    </AnnotatedStopPointRef>
    <AnnotatedStopPointRef>
      <StopPointRef>639002552</StopPointRef>
      <CommonName>Cairnvale Crescent</CommonName>
    </AnnotatedStopPointRef>
    <AnnotatedStopPointRef>
      <StopPointRef>639002541</StopPointRef>
      <CommonName>Auldearn Place</CommonName>
    </AnnotatedStopPointRef>
    <AnnotatedStopPointRef>
      <StopPointRef>639002482</StopPointRef>
      <CommonName>Tollohill Square</CommonName>
    </AnnotatedStopPointRef>
    <AnnotatedStopPointRef>
      <StopPointRef>639002491</StopPointRef>
      <CommonName>Arbroath Place</CommonName>
    </AnnotatedStopPointRef>
    <AnnotatedStopPointRef>
      <StopPointRef>639002501</StopPointRef>
      <CommonName>Abbotswell Crescent</CommonName>
    </AnnotatedStopPointRef>
    <AnnotatedStopPointRef>
      <StopPointRef>639002511</StopPointRef>
      <CommonName>Tollohill Place</CommonName>
    </AnnotatedStopPointRef>
    <AnnotatedStopPointRef>
      <StopPointRef>639002521</StopPointRef>
      <CommonName>Nigg Way</CommonName>
    </AnnotatedStopPointRef>
    <AnnotatedStopPointRef>
      <StopPointRef>639002531</StopPointRef>
      <CommonName>Redmoss Road</CommonName>
    </AnnotatedStopPointRef>
    <AnnotatedStopPointRef>
      <StopPointRef>639002942</StopPointRef>
      <CommonName>Redmoss Park</CommonName>
    </AnnotatedStopPointRef>
    <AnnotatedStopPointRef>
      <StopPointRef>639002932</StopPointRef>
      <CommonName>Souter Head Road</CommonName>
    </AnnotatedStopPointRef>
  </StopPoints>
  <RouteSections>
    <RouteSection id="ABAO182_003">
      <RouteLink id="ABAO182_003_18543">
        <From>
          <StopPointRef>639067025</StopPointRef>
        </From>
        <To>
          <StopPointRef>639002931</StopPointRef>
        </To>
        <Direction>outbound</Direction>
      </RouteLink>
      <RouteLink id="ABAO182_003_18544">
        <From>
          <StopPointRef>639002931</StopPointRef>
        </From>
        <To>
          <StopPointRef>639002941</StopPointRef>
        </To>
        <Direction>outbound</Direction>
      </RouteLink>
      <RouteLink id="ABAO182_003_18545">
        <From>
          <StopPointRef>639002941</StopPointRef>
        </From>
        <To>
          <StopPointRef>639002532</StopPointRef>
        </To>
        <Direction>outbound</Direction>
      </RouteLink>
      <RouteLink id="ABAO182_003_18546">
        <From>
          <StopPointRef>639002532</StopPointRef>
        </From>
        <To>
          <StopPointRef>639002522</StopPointRef>
        </To>
        <Direction>outbound</Direction>
      </RouteLink>
      <RouteLink id="ABAO182_003_18547">
        <From>
          <StopPointRef>639002522</StopPointRef>
        </From>
        <To>
          <StopPointRef>639002512</StopPointRef>
        </To>
        <Direction>outbound</Direction>
      </RouteLink>
      <RouteLink id="ABAO182_003_18548">
        <From>
          <StopPointRef>639002512</StopPointRef>
        </From>
        <To>
          <StopPointRef>639002502</StopPointRef>
        </To>
        <Direction>outbound</Direction>
      </RouteLink>
      <RouteLink id="ABAO182_003_18549">
        <From>
          <StopPointRef>639002502</StopPointRef>
        </From>
        <To>
          <StopPointRef>639002492</StopPointRef>
        </To>
        <Direction>outbound</Direction>
      </RouteLink>
      <RouteLink id="ABAO182_003_18550">
        <From>
          <StopPointRef>639002492</StopPointRef>
        </From>
        <To>
          <StopPointRef>639002481</StopPointRef>
        </To>
        <Direction>outbound</Direction>
      </RouteLink>
      <RouteLink id="ABAO182_003_18551">
        <From>
          <StopPointRef>639002481</StopPointRef>
        </From>
        <To>
          <StopPointRef>639002542</StopPointRef>
        </To>
        <Direction>outbound</Direction>
      </RouteLink>
      <RouteLink id="ABAO182_003_18552">
        <From>
          <StopPointRef>639002542</StopPointRef>
        </From>
        <To>
          <StopPointRef>639002551</StopPointRef>
        </To>
        <Direction>outbound</Direction>
      </RouteLink>
      <RouteLink id="ABAO182_003_18553">
        <From>
          <StopPointRef>639002551</StopPointRef>
        </From>
        <To>
          <StopPointRef>639002602</StopPointRef>
        </To>
        <Direction>outbound</Direction>
      </RouteLink>
      <RouteLink id="ABAO182_003_18554">
        <From>
          <StopPointRef>639002602</StopPointRef>
        </From>
        <To>
          <StopPointRef>639002622</StopPointRef>
        </To>
        <Direction>outbound</Direction>
      </RouteLink>
      <RouteLink id="ABAO182_003_18555">
        <From>
          <StopPointRef>639002622</StopPointRef>
        </From>
        <To>
          <StopPointRef>639002632</StopPointRef>
        </To>
        <Direction>outbound</Direction>
      </RouteLink>
      <RouteLink id="ABAO182_003_18556">
        <From>
          <StopPointRef>639002632</StopPointRef>
        </From>
        <To>
          <StopPointRef>639002642</StopPointRef>
        </To>
        <Direction>outbound</Direction>
      </RouteLink>
      <RouteLink id="ABAO182_003_18557">
        <From>
          <StopPointRef>639002642</StopPointRef>
        </From>
        <To>
          <StopPointRef>639002452</StopPointRef>
        </To>
        <Direction>outbound</Direction>
      </RouteLink>
      <RouteLink id="ABAO182_003_18558">
        <From>
          <StopPointRef>639002452</StopPointRef>
        </From>
        <To>
          <StopPointRef>639002442</StopPointRef>
        </To>
        <Direction>outbound</Direction>
      </RouteLink>
      <RouteLink id="ABAO182_003_18559">
        <From>
          <StopPointRef>639002442</StopPointRef>
        </From>
        <To>
          <StopPointRef>639002432</StopPointRef>
        </To>
        <Direction>outbound</Direction>
      </RouteLink>
      <RouteLink id="ABAO182_003_18560">
        <From>
          <StopPointRef>639002432</StopPointRef>
        </From>
        <To>
          <StopPointRef>639002342</StopPointRef>
        </To>
        <Direction>outbound</Direction>
      </RouteLink>
    </RouteSection>
    <RouteSection id="ABAO182_004">
      <RouteLink id="ABAO182_004_18524">
        <From>
          <StopPointRef>639002341</StopPointRef>
        </From>
        <To>
          <StopPointRef>639002431</StopPointRef>
        </To>
        <Direction>inbound</Direction>
      </RouteLink>
      <RouteLink id="ABAO182_004_18525">
        <From>
          <StopPointRef>639002431</StopPointRef>
        </From>
        <To>
          <StopPointRef>639002441</StopPointRef>
        </To>
        <Direction>inbound</Direction>
      </RouteLink>
      <RouteLink id="ABAO182_004_18526">
        <From>
          <StopPointRef>639002441</StopPointRef>
        </From>
        <To>
          <StopPointRef>639006191</StopPointRef>
        </To>
        <Direction>inbound</Direction>
      </RouteLink>
      <RouteLink id="ABAO182_004_18527">
        <From>
          <StopPointRef>639006191</StopPointRef>
        </From>
        <To>
          <StopPointRef>639002641</StopPointRef>
        </To>
        <Direction>inbound</Direction>
      </RouteLink>
      <RouteLink id="ABAO182_004_18528">
        <From>
          <StopPointRef>639002641</StopPointRef>
        </From>
        <To>
          <StopPointRef>639002631</StopPointRef>
        </To>
        <Direction>inbound</Direction>
      </RouteLink>
      <RouteLink id="ABAO182_004_18529">
        <From>
          <StopPointRef>639002631</StopPointRef>
        </From>
        <To>
          <StopPointRef>639002621</StopPointRef>
        </To>
        <Direction>inbound</Direction>
      </RouteLink>
      <RouteLink id="ABAO182_004_18530">
        <From>
          <StopPointRef>639002621</StopPointRef>
        </From>
        <To>
          <StopPointRef>639002601</StopPointRef>
        </To>
        <Direction>inbound</Direction>
      </RouteLink>
      <RouteLink id="ABAO182_004_18531">
        <From>
          <StopPointRef>639002601</StopPointRef>
        </From>
        <To>
          <StopPointRef>639002552</StopPointRef>
        </To>
        <Direction>inbound</Direction>
      </RouteLink>
      <RouteLink id="ABAO182_004_18532">
        <From>
          <StopPointRef>639002552</StopPointRef>
        </From>
        <To>
          <StopPointRef>639002541</StopPointRef>
        </To>
        <Direction>inbound</Direction>
      </RouteLink>
      <RouteLink id="ABAO182_004_18533">
        <From>
          <StopPointRef>639002541</StopPointRef>
        </From>
        <To>
          <StopPointRef>639002482</StopPointRef>
        </To>
        <Direction>inbound</Direction>
      </RouteLink>
      <RouteLink id="ABAO182_004_18534">
        <From>
          <StopPointRef>639002482</StopPointRef>
        </From>
        <To>
          <StopPointRef>639002491</StopPointRef>
        </To>
        <Direction>inbound</Direction>
      </RouteLink>
      <RouteLink id="ABAO182_004_18535">
        <From>
          <StopPointRef>639002491</StopPointRef>
        </From>
        <To>
          <StopPointRef>639002501</StopPointRef>
        </To>
        <Direction>inbound</Direction>
      </RouteLink>
      <RouteLink id="ABAO182_004_18536">
        <From>
          <StopPointRef>639002501</StopPointRef>
        </From>
        <To>
          <StopPointRef>639002511</StopPointRef>
        </To>
        <Direction>inbound</Direction>
      </RouteLink>
      <RouteLink id="ABAO182_004_18537">
        <From>
          <StopPointRef>639002511</StopPointRef>
        </From>
        <To>
          <StopPointRef>639002521</StopPointRef>
        </To>
        <Direction>inbound</Direction>
      </RouteLink>
      <RouteLink id="ABAO182_004_18538">
        <From>
          <StopPointRef>639002521</StopPointRef>
        </From>
        <To>
          <StopPointRef>639002531</StopPointRef>
        </To>
        <Direction>inbound</Direction>
      </RouteLink>
      <RouteLink id="ABAO182_004_18539">
        <From>
          <StopPointRef>639002531</StopPointRef>
        </From>
        <To>
          <StopPointRef>639002942</StopPointRef>
        </To>
        <Direction>inbound</Direction>
      </RouteLink>
      <RouteLink id="ABAO182_004_18540">
        <From>
          <StopPointRef>639002942</StopPointRef>
        </From>
        <To>
          <StopPointRef>639002932</StopPointRef>
        </To>
        <Direction>inbound</Direction>
      </RouteLink>
      <RouteLink id="ABAO182_004_18541">
        <From>
          <StopPointRef>639002932</StopPointRef>
        </From>
        <To>
          <StopPointRef>639067025</StopPointRef>
        </To>
        <Direction>inbound</Direction>
      </RouteLink>
    </RouteSection>
  </RouteSections>
  <Routes>
    <Route id="ABAO182_003">
      <Description>Route description unavailable
</Description>
      <RouteSectionRef>ABAO182_003</RouteSectionRef>
    </Route>
    <Route id="ABAO182_004">
      <Description>Aberdeen - Lochside Academy via Kincorth
</Description>
      <RouteSectionRef>ABAO182_004</RouteSectionRef>
    </Route>
  </Routes>
  <JourneyPatternSections>
    <JourneyPatternSection id="JPS_ABAO182-3">
      <JourneyPatternTimingLink id="JPS_ABAO182-3_18543">
        <From>
          <StopPointRef>639067025</StopPointRef>
          <TimingStatus>PTP</TimingStatus>
        </From>
        <To>
          <StopPointRef>639002931</StopPointRef>
          <TimingStatus>OTH</TimingStatus>
        </To>
        <RouteLinkRef>ABAO182_003_18543</RouteLinkRef>
        <Direction>outbound</Direction>
        <RunTime>PT0S</RunTime>
      </JourneyPatternTimingLink>
      <JourneyPatternTimingLink id="JPS_ABAO182-3_18544">
        <From>
          <StopPointRef>639002931</StopPointRef>
          <TimingStatus>OTH</TimingStatus>
        </From>
        <To>
          <StopPointRef>639002941</StopPointRef>
          <TimingStatus>OTH</TimingStatus>
        </To>
        <RouteLinkRef>ABAO182_003_18544</RouteLinkRef>
        <Direction>outbound</Direction>
        <RunTime>PT120S</RunTime>
      </JourneyPatternTimingLink>
      <JourneyPatternTimingLink id="JPS_ABAO182-3_18545">
        <From>
          <StopPointRef>639002941</StopPointRef>
          <TimingStatus>OTH</TimingStatus>
        </From>
        <To>
          <StopPointRef>639002532</StopPointRef>
          <TimingStatus>OTH</TimingStatus>
        </To>
        <RouteLinkRef>ABAO182_003_18545</RouteLinkRef>
        <Direction>outbound</Direction>
        <RunTime>PT60S</RunTime>
      </JourneyPatternTimingLink>
      <JourneyPatternTimingLink id="JPS_ABAO182-3_18546">
        <From>
          <StopPointRef>639002532</StopPointRef>
          <TimingStatus>OTH</TimingStatus>
        </From>
        <To>
          <StopPointRef>639002522</StopPointRef>
          <TimingStatus>OTH</TimingStatus>
        </To>
        <RouteLinkRef>ABAO182_003_18546</RouteLinkRef>
        <Direction>outbound</Direction>
        <RunTime>PT60S</RunTime>
      </JourneyPatternTimingLink>
      <JourneyPatternTimingLink id="JPS_ABAO182-3_18547">
        <From>
          <StopPointRef>639002522</StopPointRef>
          <TimingStatus>OTH</TimingStatus>
        </From>
        <To>
          <StopPointRef>639002512</StopPointRef>
          <TimingStatus>OTH</TimingStatus>
        </To>
        <RouteLinkRef>ABAO182_003_18547</RouteLinkRef>
        <Direction>outbound</Direction>
        <RunTime>PT60S</RunTime>
      </JourneyPatternTimingLink>
      <JourneyPatternTimingLink id="JPS_ABAO182-3_18548">
        <From>
          <StopPointRef>639002512</StopPointRef>
          <TimingStatus>OTH</TimingStatus>
        </From>
        <To>
          <StopPointRef>639002502</StopPointRef>
          <TimingStatus>OTH</TimingStatus>
        </To>
        <RouteLinkRef>ABAO182_003_18548</RouteLinkRef>
        <Direction>outbound</Direction>
        <RunTime>PT0S</RunTime>
      </JourneyPatternTimingLink>
      <JourneyPatternTimingLink id="JPS_ABAO182-3_18549">
        <From>
          <StopPointRef>639002502</StopPointRef>
          <TimingStatus>OTH</TimingStatus>
        </From>
        <To>
          <StopPointRef>639002492</StopPointRef>
          <TimingStatus>OTH</TimingStatus>
        </To>
        <RouteLinkRef>ABAO182_003_18549</RouteLinkRef>
        <Direction>outbound</Direction>
        <RunTime>PT60S</RunTime>
      </JourneyPatternTimingLink>
      <JourneyPatternTimingLink id="JPS_ABAO182-3_18550">
        <From>
          <StopPointRef>639002492</StopPointRef>
          <TimingStatus>OTH</TimingStatus>
        </From>
        <To>
          <StopPointRef>639002481</StopPointRef>
          <TimingStatus>OTH</TimingStatus>
        </To>
        <RouteLinkRef>ABAO182_003_18550</RouteLinkRef>
        <Direction>outbound</Direction>
        <RunTime>PT60S</RunTime>
      </JourneyPatternTimingLink>
      <JourneyPatternTimingLink id="JPS_ABAO182-3_18551">
        <From>
          <StopPointRef>639002481</StopPointRef>
          <TimingStatus>OTH</TimingStatus>
        </From>
        <To>
          <StopPointRef>639002542</StopPointRef>
          <TimingStatus>OTH</TimingStatus>
        </To>
        <RouteLinkRef>ABAO182_003_18551</RouteLinkRef>
        <Direction>outbound</Direction>
        <RunTime>PT60S</RunTime>
      </JourneyPatternTimingLink>
      <JourneyPatternTimingLink id="JPS_ABAO182-3_18552">
        <From>
          <StopPointRef>639002542</StopPointRef>
          <TimingStatus>OTH</TimingStatus>
        </From>
        <To>
          <StopPointRef>639002551</StopPointRef>
          <TimingStatus>OTH</TimingStatus>
        </To>
        <RouteLinkRef>ABAO182_003_18552</RouteLinkRef>
        <Direction>outbound</Direction>
        <RunTime>PT60S</RunTime>
      </JourneyPatternTimingLink>
      <JourneyPatternTimingLink id="JPS_ABAO182-3_18553">
        <From>
          <StopPointRef>639002551</StopPointRef>
          <TimingStatus>OTH</TimingStatus>
        </From>
        <To>
          <StopPointRef>639002602</StopPointRef>
          <TimingStatus>OTH</TimingStatus>
        </To>
        <RouteLinkRef>ABAO182_003_18553</RouteLinkRef>
        <Direction>outbound</Direction>
        <RunTime>PT120S</RunTime>
      </JourneyPatternTimingLink>
      <JourneyPatternTimingLink id="JPS_ABAO182-3_18554">
        <From>
          <StopPointRef>639002602</StopPointRef>
          <TimingStatus>OTH</TimingStatus>
        </From>
        <To>
          <StopPointRef>639002622</StopPointRef>
          <TimingStatus>OTH</TimingStatus>
        </To>
        <RouteLinkRef>ABAO182_003_18554</RouteLinkRef>
        <Direction>outbound</Direction>
        <RunTime>PT0S</RunTime>
      </JourneyPatternTimingLink>
      <JourneyPatternTimingLink id="JPS_ABAO182-3_18555">
        <From>
          <StopPointRef>639002622</StopPointRef>
          <TimingStatus>OTH</TimingStatus>
        </From>
        <To>
          <StopPointRef>639002632</StopPointRef>
          <TimingStatus>OTH</TimingStatus>
        </To>
        <RouteLinkRef>ABAO182_003_18555</RouteLinkRef>
        <Direction>outbound</Direction>
        <RunTime>PT60S</RunTime>
      </JourneyPatternTimingLink>
      <JourneyPatternTimingLink id="JPS_ABAO182-3_18556">
        <From>
          <StopPointRef>639002632</StopPointRef>
          <TimingStatus>OTH</TimingStatus>
        </From>
        <To>
          <StopPointRef>639002642</StopPointRef>
          <TimingStatus>OTH</TimingStatus>
        </To>
        <RouteLinkRef>ABAO182_003_18556</RouteLinkRef>
        <Direction>outbound</Direction>
        <RunTime>PT60S</RunTime>
      </JourneyPatternTimingLink>
      <JourneyPatternTimingLink id="JPS_ABAO182-3_18557">
        <From>
          <StopPointRef>639002642</StopPointRef>
          <TimingStatus>OTH</TimingStatus>
        </From>
        <To>
          <StopPointRef>639002452</StopPointRef>
          <TimingStatus>OTH</TimingStatus>
        </To>
        <RouteLinkRef>ABAO182_003_18557</RouteLinkRef>
        <Direction>outbound</Direction>
        <RunTime>PT60S</RunTime>
      </JourneyPatternTimingLink>
      <JourneyPatternTimingLink id="JPS_ABAO182-3_18558">
        <From>
          <StopPointRef>639002452</StopPointRef>
          <TimingStatus>OTH</TimingStatus>
        </From>
        <To>
          <StopPointRef>639002442</StopPointRef>
          <TimingStatus>OTH</TimingStatus>
        </To>
        <RouteLinkRef>ABAO182_003_18558</RouteLinkRef>
        <Direction>outbound</Direction>
        <RunTime>PT0S</RunTime>
      </JourneyPatternTimingLink>
      <JourneyPatternTimingLink id="JPS_ABAO182-3_18559">
        <From>
          <StopPointRef>639002442</StopPointRef>
          <TimingStatus>OTH</TimingStatus>
        </From>
        <To>
          <StopPointRef>639002432</StopPointRef>
          <TimingStatus>OTH</TimingStatus>
        </To>
        <RouteLinkRef>ABAO182_003_18559</RouteLinkRef>
        <Direction>outbound</Direction>
        <RunTime>PT60S</RunTime>
      </JourneyPatternTimingLink>
      <JourneyPatternTimingLink id="JPS_ABAO182-3_18560">
        <From>
          <StopPointRef>639002432</StopPointRef>
          <TimingStatus>OTH</TimingStatus>
        </From>
        <To>
          <StopPointRef>639002342</StopPointRef>
          <TimingStatus>PTP</TimingStatus>
        </To>
        <RouteLinkRef>ABAO182_003_18560</RouteLinkRef>
        <Direction>outbound</Direction>
        <RunTime>PT180S</RunTime>
      </JourneyPatternTimingLink>
    </JourneyPatternSection>
    <JourneyPatternSection id="JPS_ABAO182-4">
      <JourneyPatternTimingLink id="JPS_ABAO182-4_18524">
        <From>
          <StopPointRef>639002341</StopPointRef>
          <TimingStatus>PTP</TimingStatus>
        </From>
        <To>
          <StopPointRef>639002431</StopPointRef>
          <TimingStatus>OTH</TimingStatus>
        </To>
        <RouteLinkRef>ABAO182_004_18524</RouteLinkRef>
        <Direction>inbound</Direction>
        <RunTime>PT120S</RunTime>
      </JourneyPatternTimingLink>
      <JourneyPatternTimingLink id="JPS_ABAO182-4_18525">
        <From>
          <StopPointRef>639002431</StopPointRef>
          <TimingStatus>OTH</TimingStatus>
        </From>
        <To>
          <StopPointRef>639002441</StopPointRef>
          <TimingStatus>OTH</TimingStatus>
        </To>
        <RouteLinkRef>ABAO182_004_18525</RouteLinkRef>
        <Direction>inbound</Direction>
        <RunTime>PT60S</RunTime>
      </JourneyPatternTimingLink>
      <JourneyPatternTimingLink id="JPS_ABAO182-4_18526">
        <From>
          <StopPointRef>639002441</StopPointRef>
          <TimingStatus>OTH</TimingStatus>
        </From>
        <To>
          <StopPointRef>639006191</StopPointRef>
          <TimingStatus>OTH</TimingStatus>
        </To>
        <RouteLinkRef>ABAO182_004_18526</RouteLinkRef>
        <Direction>inbound</Direction>
        <RunTime>PT0S</RunTime>
      </JourneyPatternTimingLink>
      <JourneyPatternTimingLink id="JPS_ABAO182-4_18527">
        <From>
          <StopPointRef>639006191</StopPointRef>
          <TimingStatus>OTH</TimingStatus>
        </From>
        <To>
          <StopPointRef>639002641</StopPointRef>
          <TimingStatus>OTH</TimingStatus>
        </To>
        <RouteLinkRef>ABAO182_004_18527</RouteLinkRef>
        <Direction>inbound</Direction>
        <RunTime>PT60S</RunTime>
      </JourneyPatternTimingLink>
      <JourneyPatternTimingLink id="JPS_ABAO182-4_18528">
        <From>
          <StopPointRef>639002641</StopPointRef>
          <TimingStatus>OTH</TimingStatus>
        </From>
        <To>
          <StopPointRef>639002631</StopPointRef>
          <TimingStatus>PTP</TimingStatus>
        </To>
        <RouteLinkRef>ABAO182_004_18528</RouteLinkRef>
        <Direction>inbound</Direction>
        <RunTime>PT60S</RunTime>
      </JourneyPatternTimingLink>
      <JourneyPatternTimingLink id="JPS_ABAO182-4_18529">
        <From>
          <StopPointRef>639002631</StopPointRef>
          <TimingStatus>PTP</TimingStatus>
        </From>
        <To>
          <StopPointRef>639002621</StopPointRef>
          <TimingStatus>OTH</TimingStatus>
        </To>
        <RouteLinkRef>ABAO182_004_18529</RouteLinkRef>
        <Direction>inbound</Direction>
        <RunTime>PT60S</RunTime>
      </JourneyPatternTimingLink>
      <JourneyPatternTimingLink id="JPS_ABAO182-4_18530">
        <From>
          <StopPointRef>639002621</StopPointRef>
          <TimingStatus>OTH</TimingStatus>
        </From>
        <To>
          <StopPointRef>639002601</StopPointRef>
          <TimingStatus>OTH</TimingStatus>
        </To>
        <RouteLinkRef>ABAO182_004_18530</RouteLinkRef>
        <Direction>inbound</Direction>
        <RunTime>PT60S</RunTime>
      </JourneyPatternTimingLink>
      <JourneyPatternTimingLink id="JPS_ABAO182-4_18531">
        <From>
          <StopPointRef>639002601</StopPointRef>
          <TimingStatus>OTH</TimingStatus>
        </From>
        <To>
          <StopPointRef>639002552</StopPointRef>
          <TimingStatus>OTH</TimingStatus>
        </To>
        <RouteLinkRef>ABAO182_004_18531</RouteLinkRef>
        <Direction>inbound</Direction>
        <RunTime>PT60S</RunTime>
      </JourneyPatternTimingLink>
      <JourneyPatternTimingLink id="JPS_ABAO182-4_18532">
        <From>
          <StopPointRef>639002552</StopPointRef>
          <TimingStatus>OTH</TimingStatus>
        </From>
        <To>
          <StopPointRef>639002541</StopPointRef>
          <TimingStatus>OTH</TimingStatus>
        </To>
        <RouteLinkRef>ABAO182_004_18532</RouteLinkRef>
        <Direction>inbound</Direction>
        <RunTime>PT60S</RunTime>
      </JourneyPatternTimingLink>
      <JourneyPatternTimingLink id="JPS_ABAO182-4_18533">
        <From>
          <StopPointRef>639002541</StopPointRef>
          <TimingStatus>OTH</TimingStatus>
        </From>
        <To>
          <StopPointRef>639002482</StopPointRef>
          <TimingStatus>OTH</TimingStatus>
        </To>
        <RouteLinkRef>ABAO182_004_18533</RouteLinkRef>
        <Direction>inbound</Direction>
        <RunTime>PT60S</RunTime>
      </JourneyPatternTimingLink>
      <JourneyPatternTimingLink id="JPS_ABAO182-4_18534">
        <From>
          <StopPointRef>639002482</StopPointRef>
          <TimingStatus>OTH</TimingStatus>
        </From>
        <To>
          <StopPointRef>639002491</StopPointRef>
          <TimingStatus>OTH</TimingStatus>
        </To>
        <RouteLinkRef>ABAO182_004_18534</RouteLinkRef>
        <Direction>inbound</Direction>
        <RunTime>PT60S</RunTime>
      </JourneyPatternTimingLink>
      <JourneyPatternTimingLink id="JPS_ABAO182-4_18535">
        <From>
          <StopPointRef>639002491</StopPointRef>
          <TimingStatus>OTH</TimingStatus>
        </From>
        <To>
          <StopPointRef>639002501</StopPointRef>
          <TimingStatus>OTH</TimingStatus>
        </To>
        <RouteLinkRef>ABAO182_004_18535</RouteLinkRef>
        <Direction>inbound</Direction>
        <RunTime>PT60S</RunTime>
      </JourneyPatternTimingLink>
      <JourneyPatternTimingLink id="JPS_ABAO182-4_18536">
        <From>
          <StopPointRef>639002501</StopPointRef>
          <TimingStatus>OTH</TimingStatus>
        </From>
        <To>
          <StopPointRef>639002511</StopPointRef>
          <TimingStatus>OTH</TimingStatus>
        </To>
        <RouteLinkRef>ABAO182_004_18536</RouteLinkRef>
        <Direction>inbound</Direction>
        <RunTime>PT60S</RunTime>
      </JourneyPatternTimingLink>
      <JourneyPatternTimingLink id="JPS_ABAO182-4_18537">
        <From>
          <StopPointRef>639002511</StopPointRef>
          <TimingStatus>OTH</TimingStatus>
        </From>
        <To>
          <StopPointRef>639002521</StopPointRef>
          <TimingStatus>OTH</TimingStatus>
        </To>
        <RouteLinkRef>ABAO182_004_18537</RouteLinkRef>
        <Direction>inbound</Direction>
        <RunTime>PT60S</RunTime>
      </JourneyPatternTimingLink>
      <JourneyPatternTimingLink id="JPS_ABAO182-4_18538">
        <From>
          <StopPointRef>639002521</StopPointRef>
          <TimingStatus>OTH</TimingStatus>
        </From>
        <To>
          <StopPointRef>639002531</StopPointRef>
          <TimingStatus>OTH</TimingStatus>
        </To>
        <RouteLinkRef>ABAO182_004_18538</RouteLinkRef>
        <Direction>inbound</Direction>
        <RunTime>PT60S</RunTime>
      </JourneyPatternTimingLink>
      <JourneyPatternTimingLink id="JPS_ABAO182-4_18539">
        <From>
          <StopPointRef>639002531</StopPointRef>
          <TimingStatus>OTH</TimingStatus>
        </From>
        <To>
          <StopPointRef>639002942</StopPointRef>
          <TimingStatus>OTH</TimingStatus>
        </To>
        <RouteLinkRef>ABAO182_004_18539</RouteLinkRef>
        <Direction>inbound</Direction>
        <RunTime>PT120S</RunTime>
      </JourneyPatternTimingLink>
      <JourneyPatternTimingLink id="JPS_ABAO182-4_18540">
        <From>
          <StopPointRef>639002942</StopPointRef>
          <TimingStatus>OTH</TimingStatus>
        </From>
        <To>
          <StopPointRef>639002932</StopPointRef>
          <TimingStatus>OTH</TimingStatus>
        </To>
        <RouteLinkRef>ABAO182_004_18540</RouteLinkRef>
        <Direction>inbound</Direction>
        <RunTime>PT120S</RunTime>
      </JourneyPatternTimingLink>
      <JourneyPatternTimingLink id="JPS_ABAO182-4_18541">
        <From>
          <StopPointRef>639002932</StopPointRef>
          <TimingStatus>OTH</TimingStatus>
        </From>
        <To>
          <StopPointRef>639067025</StopPointRef>
          <TimingStatus>PTP</TimingStatus>
        </To>
        <RouteLinkRef>ABAO182_004_18541</RouteLinkRef>
        <Direction>inbound</Direction>
        <RunTime>PT60S</RunTime>
      </JourneyPatternTimingLink>
    </JourneyPatternSection>
  </JourneyPatternSections>
  <Operators>
    <Operator id="FAB">
      <NationalOperatorCode>FABD</NationalOperatorCode>
      <OperatorCode>FAB</OperatorCode>
      <OperatorShortName>First Aberdeen</OperatorShortName>
    </Operator>
  </Operators>
  <Services>
    <Service>
      <ServiceCode>ABAO182</ServiceCode>
      <Lines>
        <Line id="0">
          <LineName>182</LineName>
        </Line>
      </Lines>
      <OperatingPeriod>
        <StartDate>2019-08-19</StartDate>
        <EndDate>2021-08-19</EndDate>
      </OperatingPeriod>
      <RegisteredOperatorRef>FAB</RegisteredOperatorRef>
      <StopRequirements>
        <NoNewStopsRequired />
      </StopRequirements>
      <Mode>bus</Mode>
      <Description>Aberdeen - Lochside Academy via Kincorth</Description>
      <StandardService>
        <Origin>Aberdeen</Origin>
        <Destination>Lochside Academy via Kincorth</Destination>
        <JourneyPattern id="JPS_ABAO182-3">
          <Direction>outbound</Direction>
          <JourneyPatternSectionRefs>JPS_ABAO182-3</JourneyPatternSectionRefs>
        </JourneyPattern>
        <JourneyPattern id="JPS_ABAO182-4">
          <Direction>inbound</Direction>
          <JourneyPatternSectionRefs>JPS_ABAO182-4</JourneyPatternSectionRefs>
        </JourneyPattern>
      </StandardService>
    </Service>
  </Services>
  <VehicleJourneys>
    <VehicleJourney>
      <OperatorRef>FAB</OperatorRef>
      <OperatingProfile>
        <RegularDayType>
          <DaysOfWeek>
            <Wednesday />
            <Thursday />
            <Friday />
          </DaysOfWeek>
        </RegularDayType>
        <ServicedOrganisationDayType>
          <DaysOfNonOperation>
            <WorkingDays>
              <ServicedOrganisationRef>78</ServicedOrganisationRef>
            </WorkingDays>
          </DaysOfNonOperation>
        </ServicedOrganisationDayType>
      </OperatingProfile>
      <VehicleJourneyCode>8860</VehicleJourneyCode>
      <ServiceRef>ABAO182</ServiceRef>
      <LineRef>0</LineRef>
      <JourneyPatternRef>JPS_ABAO182-3</JourneyPatternRef>
      <DepartureTime>15:00:00</DepartureTime>
    </VehicleJourney>
    <VehicleJourney>
      <OperatorRef>FAB</OperatorRef>
      <OperatingProfile>
        <RegularDayType>
          <DaysOfWeek>
            <Monday />
            <Tuesday />
            <Wednesday />
            <Thursday />
            <Friday />
          </DaysOfWeek>
        </RegularDayType>
        <ServicedOrganisationDayType>
          <DaysOfNonOperation>
            <WorkingDays>
              <ServicedOrganisationRef>76</ServicedOrganisationRef>
            </WorkingDays>
          </DaysOfNonOperation>
        </ServicedOrganisationDayType>
        <SpecialDaysOperation>
          <DaysOfNonOperation>
            <DateRange>
              <StartDate>2019-08-19</StartDate>
              <EndDate>2019-08-19</EndDate>
            </DateRange>
            <DateRange>
              <StartDate>2019-09-23</StartDate>
              <EndDate>2019-09-23</EndDate>
            </DateRange>
            <DateRange>
              <StartDate>2020-05-04</StartDate>
              <EndDate>2020-05-04</EndDate>
            </DateRange>
          </DaysOfNonOperation>
        </SpecialDaysOperation>
      </OperatingProfile>
      <VehicleJourneyCode>8858</VehicleJourneyCode>
      <ServiceRef>ABAO182</ServiceRef>
      <LineRef>0</LineRef>
      <JourneyPatternRef>JPS_ABAO182-4</JourneyPatternRef>
      <DepartureTime>08:01:00</DepartureTime>
    </VehicleJourney>
    <VehicleJourney>
      <OperatorRef>FAB</OperatorRef>
      <OperatingProfile>
        <RegularDayType>
          <DaysOfWeek>
            <Monday />
            <Tuesday />
          </DaysOfWeek>
        </RegularDayType>
        <ServicedOrganisationDayType>
          <DaysOfNonOperation>
            <WorkingDays>
              <ServicedOrganisationRef>77</ServicedOrganisationRef>
            </WorkingDays>
          </DaysOfNonOperation>
        </ServicedOrganisationDayType>
        <SpecialDaysOperation>
          <DaysOfNonOperation>
            <DateRange>
              <StartDate>2019-08-19</StartDate>
              <EndDate>2019-08-19</EndDate>
            </DateRange>
            <DateRange>
              <StartDate>2019-09-23</StartDate>
              <EndDate>2019-09-23</EndDate>
            </DateRange>
            <DateRange>
              <StartDate>2020-05-04</StartDate>
              <EndDate>2020-05-04</EndDate>
            </DateRange>
          </DaysOfNonOperation>
        </SpecialDaysOperation>
      </OperatingProfile>
      <VehicleJourneyCode>8859</VehicleJourneyCode>
      <ServiceRef>ABAO182</ServiceRef>
      <LineRef>0</LineRef>
      <JourneyPatternRef>JPS_ABAO182-3</JourneyPatternRef>
      <DepartureTime>15:50:00</DepartureTime>
    </VehicleJourney>
  </VehicleJourneys>
</TransXChange>