<?xml version="1.0" encoding="utf-8"?>
<TransXChange xmlns:xsi="http://www.w3.org/2001/XMLSchema-instance" xmlns:xsd="http://www.w3.org/2001/XMLSchema" xsi:schemaLocation="http://www.transxchange.org.uk/ http://www.transxchange.org.uk/schema/2.1/TransXChange_general.xsd" CreationDateTime="2019-10-07T13:07:00-00:00" ModificationDateTime="2019-10-07T13:07:00-00:00" Modification="new" RevisionNumber="0" FileName="SVRAGAO231.xml" SchemaVersion="2.1" RegistrationDocument="false" xmlns="http://www.transxchange.org.uk/">
  <ServicedOrganisations>
    <ServicedOrganisation>
      <OrganisationCode>172</OrganisationCode>
      <Name>
QE0 : BUS.CIF
</Name>
      <WorkingDays>
        <DateRange>
          <StartDate>2017-01-23</StartDate>
          <EndDate>2019-09-01</EndDate>
        </DateRange>
        <DateRange>
          <StartDate>2019-09-03</StartDate>
          <EndDate>2019-09-15</EndDate>
        </DateRange>
        <DateRange>
          <StartDate>2019-09-17</StartDate>
          <EndDate>2019-09-29</EndDate>
        </DateRange>
        <DateRange>
          <StartDate>2019-10-01</StartDate>
          <EndDate>2019-10-13</EndDate>
        </DateRange>
        <DateRange>
          <StartDate>2019-10-15</StartDate>
          <EndDate>2019-10-27</EndDate>
        </DateRange>
        <DateRange>
          <StartDate>2019-10-29</StartDate>
          <EndDate>2019-11-10</EndDate>
        </DateRange>
        <DateRange>
          <StartDate>2019-11-12</StartDate>
          <EndDate>2019-11-24</EndDate>
        </DateRange>
        <DateRange>
          <StartDate>2019-11-26</StartDate>
          <EndDate>2019-12-08</EndDate>
        </DateRange>
        <DateRange>
          <StartDate>2019-12-10</StartDate>
          <EndDate>2049-12-31</EndDate>
        </DateRange>
      </WorkingDays>
    </ServicedOrganisation>
  </ServicedOrganisations>
  <StopPoints>
    <AnnotatedStopPointRef>
      <StopPointRef>6290LTC01CP</StopPointRef>
      <CommonName>Designer Outlet</CommonName>
    </AnnotatedStopPointRef>
    <AnnotatedStopPointRef>
      <StopPointRef>6290BX00</StopPointRef>
      <CommonName>Glenmorangie</CommonName>
    </AnnotatedStopPointRef>
    <AnnotatedStopPointRef>
      <StopPointRef>6200246430</StopPointRef>
      <CommonName>Slip Road</CommonName>
    </AnnotatedStopPointRef>
    <AnnotatedStopPointRef>
      <StopPointRef>6500D0339</StopPointRef>
      <CommonName>Kingdom Services</CommonName>
    </AnnotatedStopPointRef>
    <AnnotatedStopPointRef>
      <StopPointRef>6500K1034</StopPointRef>
      <CommonName>Chapel Roundabout</CommonName>
    </AnnotatedStopPointRef>
    <AnnotatedStopPointRef>
      <StopPointRef>6500K1216</StopPointRef>
      <CommonName>Bus Station</CommonName>
    </AnnotatedStopPointRef>
    <AnnotatedStopPointRef>
      <StopPointRef>6500N0315</StopPointRef>
      <CommonName>Road End</CommonName>
    </AnnotatedStopPointRef>
    <AnnotatedStopPointRef>
      <StopPointRef>6500N0132</StopPointRef>
      <CommonName>Road End</CommonName>
    </AnnotatedStopPointRef>
    <AnnotatedStopPointRef>
      <StopPointRef>6500N0100</StopPointRef>
      <CommonName>Wester Kilmany</CommonName>
    </AnnotatedStopPointRef>
    <AnnotatedStopPointRef>
      <StopPointRef>6400A02</StopPointRef>
      <CommonName>Forum Centre</CommonName>
    </AnnotatedStopPointRef>
    <AnnotatedStopPointRef>
      <StopPointRef>6400PT1260</StopPointRef>
      <CommonName>Kingsway East</CommonName>
    </AnnotatedStopPointRef>
    <AnnotatedStopPointRef>
      <StopPointRef>6490IM645</StopPointRef>
      <CommonName>Inveraldie Village</CommonName>
    </AnnotatedStopPointRef>
    <AnnotatedStopPointRef>
      <StopPointRef>6490IM959</StopPointRef>
      <CommonName>Old Guide Dog Centre</CommonName>
    </AnnotatedStopPointRef>
    <AnnotatedStopPointRef>
      <StopPointRef>6490IM523</StopPointRef>
      <CommonName>Lentlands Road</CommonName>
    </AnnotatedStopPointRef>
    <AnnotatedStopPointRef>
      <StopPointRef>6490IM241</StopPointRef>
      <CommonName>Royal Bank of Scotland</CommonName>
    </AnnotatedStopPointRef>
    <AnnotatedStopPointRef>
      <StopPointRef>6490IM790</StopPointRef>
      <CommonName>Service Road</CommonName>
    </AnnotatedStopPointRef>
    <AnnotatedStopPointRef>
      <StopPointRef>6490IM018</StopPointRef>
      <CommonName>Finavon Hotel</CommonName>
    </AnnotatedStopPointRef>
    <AnnotatedStopPointRef>
      <StopPointRef>6490IM040</StopPointRef>
      <CommonName>Mackie Motors</CommonName>
    </AnnotatedStopPointRef>
    <AnnotatedStopPointRef>
      <StopPointRef>6490IM236</StopPointRef>
      <CommonName>Finavon Hotel</CommonName>
    </AnnotatedStopPointRef>
    <AnnotatedStopPointRef>
      <StopPointRef>6490IM791</StopPointRef>
      <CommonName>Robert Street</CommonName>
    </AnnotatedStopPointRef>
    <AnnotatedStopPointRef>
      <StopPointRef>6490IM331</StopPointRef>
      <CommonName>St John's Church</CommonName>
    </AnnotatedStopPointRef>
    <AnnotatedStopPointRef>
      <StopPointRef>6490IM526</StopPointRef>
      <CommonName>Lentlands Road</CommonName>
    </AnnotatedStopPointRef>
    <AnnotatedStopPointRef>
      <StopPointRef>6490IM553</StopPointRef>
      <CommonName>Old Guide Dog Centre</CommonName>
    </AnnotatedStopPointRef>
    <AnnotatedStopPointRef>
      <StopPointRef>6490IM646</StopPointRef>
      <CommonName>Inveraldie Village</CommonName>
    </AnnotatedStopPointRef>
    <AnnotatedStopPointRef>
      <StopPointRef>6400S262</StopPointRef>
      <CommonName>Kingsway East</CommonName>
    </AnnotatedStopPointRef>
    <AnnotatedStopPointRef>
      <StopPointRef>6400PT1169</StopPointRef>
      <CommonName>Murraygate</CommonName>
    </AnnotatedStopPointRef>
    <AnnotatedStopPointRef>
      <StopPointRef>6500N9925</StopPointRef>
      <CommonName>Wester Kilmany</CommonName>
    </AnnotatedStopPointRef>
    <AnnotatedStopPointRef>
      <StopPointRef>6500N0431</StopPointRef>
      <CommonName>Road End</CommonName>
    </AnnotatedStopPointRef>
    <AnnotatedStopPointRef>
      <StopPointRef>6500N0316</StopPointRef>
      <CommonName>Road End</CommonName>
    </AnnotatedStopPointRef>
    <AnnotatedStopPointRef>
      <StopPointRef>6500K1033</StopPointRef>
      <CommonName>Chapel Roundabout</CommonName>
    </AnnotatedStopPointRef>
    <AnnotatedStopPointRef>
      <StopPointRef>6500D0340</StopPointRef>
      <CommonName>Kingdom Services</CommonName>
    </AnnotatedStopPointRef>
    <AnnotatedStopPointRef>
      <StopPointRef>6200203480</StopPointRef>
      <CommonName>Slip Road</CommonName>
    </AnnotatedStopPointRef>
    <AnnotatedStopPointRef>
      <StopPointRef>6290BX050</StopPointRef>
      <CommonName>Glenmorangie</CommonName>
    </AnnotatedStopPointRef>
  </StopPoints>
  <RouteSections>
    <RouteSection id="AGAO231_002">
      <RouteLink id="AGAO231_002_45341">
        <From>
          <StopPointRef>6290LTC01CP</StopPointRef>
        </From>
        <To>
          <StopPointRef>6290BX00</StopPointRef>
        </To>
        <Direction>inbound</Direction>
      </RouteLink>
      <RouteLink id="AGAO231_002_45342">
        <From>
          <StopPointRef>6290BX00</StopPointRef>
        </From>
        <To>
          <StopPointRef>6200246430</StopPointRef>
        </To>
        <Direction>inbound</Direction>
      </RouteLink>
      <RouteLink id="AGAO231_002_45343">
        <From>
          <StopPointRef>6200246430</StopPointRef>
        </From>
        <To>
          <StopPointRef>6500D0339</StopPointRef>
        </To>
        <Direction>inbound</Direction>
      </RouteLink>
      <RouteLink id="AGAO231_002_45344">
        <From>
          <StopPointRef>6500D0339</StopPointRef>
        </From>
        <To>
          <StopPointRef>6500K1034</StopPointRef>
        </To>
        <Direction>inbound</Direction>
      </RouteLink>
      <RouteLink id="AGAO231_002_45345">
        <From>
          <StopPointRef>6500K1034</StopPointRef>
        </From>
        <To>
          <StopPointRef>6500K1216</StopPointRef>
        </To>
        <Direction>inbound</Direction>
      </RouteLink>
      <RouteLink id="AGAO231_002_45346">
        <From>
          <StopPointRef>6500K1216</StopPointRef>
        </From>
        <To>
          <StopPointRef>6500N0315</StopPointRef>
        </To>
        <Direction>inbound</Direction>
      </RouteLink>
      <RouteLink id="AGAO231_002_45347">
        <From>
          <StopPointRef>6500N0315</StopPointRef>
        </From>
        <To>
          <StopPointRef>6500N0132</StopPointRef>
        </To>
        <Direction>inbound</Direction>
      </RouteLink>
      <RouteLink id="AGAO231_002_45348">
        <From>
          <StopPointRef>6500N0132</StopPointRef>
        </From>
        <To>
          <StopPointRef>6500N0100</StopPointRef>
        </To>
        <Direction>inbound</Direction>
      </RouteLink>
      <RouteLink id="AGAO231_002_45349">
        <From>
          <StopPointRef>6500N0100</StopPointRef>
        </From>
        <To>
          <StopPointRef>6400A02</StopPointRef>
        </To>
        <Direction>inbound</Direction>
      </RouteLink>
      <RouteLink id="AGAO231_002_45350">
        <From>
          <StopPointRef>6400A02</StopPointRef>
        </From>
        <To>
          <StopPointRef>6400PT1260</StopPointRef>
        </To>
        <Direction>inbound</Direction>
      </RouteLink>
      <RouteLink id="AGAO231_002_45351">
        <From>
          <StopPointRef>6400PT1260</StopPointRef>
        </From>
        <To>
          <StopPointRef>6490IM645</StopPointRef>
        </To>
        <Direction>inbound</Direction>
      </RouteLink>
      <RouteLink id="AGAO231_002_45352">
        <From>
          <StopPointRef>6490IM645</StopPointRef>
        </From>
        <To>
          <StopPointRef>6490IM959</StopPointRef>
        </To>
        <Direction>inbound</Direction>
      </RouteLink>
      <RouteLink id="AGAO231_002_45353">
        <From>
          <StopPointRef>6490IM959</StopPointRef>
        </From>
        <To>
          <StopPointRef>6490IM523</StopPointRef>
        </To>
        <Direction>inbound</Direction>
      </RouteLink>
      <RouteLink id="AGAO231_002_45354">
        <From>
          <StopPointRef>6490IM523</StopPointRef>
        </From>
        <To>
          <StopPointRef>6490IM241</StopPointRef>
        </To>
        <Direction>inbound</Direction>
      </RouteLink>
      <RouteLink id="AGAO231_002_45355">
        <From>
          <StopPointRef>6490IM241</StopPointRef>
        </From>
        <To>
          <StopPointRef>6490IM790</StopPointRef>
        </To>
        <Direction>inbound</Direction>
      </RouteLink>
      <RouteLink id="AGAO231_002_45356">
        <From>
          <StopPointRef>6490IM790</StopPointRef>
        </From>
        <To>
          <StopPointRef>6490IM018</StopPointRef>
        </To>
        <Direction>inbound</Direction>
      </RouteLink>
      <RouteLink id="AGAO231_002_45357">
        <From>
          <StopPointRef>6490IM018</StopPointRef>
        </From>
        <To>
          <StopPointRef>6490IM040</StopPointRef>
        </To>
        <Direction>inbound</Direction>
      </RouteLink>
    </RouteSection>
    <RouteSection id="AGAO231_003">
      <RouteLink id="AGAO231_003_45359">
        <From>
          <StopPointRef>6490IM040</StopPointRef>
        </From>
        <To>
          <StopPointRef>6490IM236</StopPointRef>
        </To>
        <Direction>outbound</Direction>
      </RouteLink>
      <RouteLink id="AGAO231_003_45360">
        <From>
          <StopPointRef>6490IM236</StopPointRef>
        </From>
        <To>
          <StopPointRef>6490IM791</StopPointRef>
        </To>
        <Direction>outbound</Direction>
      </RouteLink>
      <RouteLink id="AGAO231_003_45361">
        <From>
          <StopPointRef>6490IM791</StopPointRef>
        </From>
        <To>
          <StopPointRef>6490IM331</StopPointRef>
        </To>
        <Direction>outbound</Direction>
      </RouteLink>
      <RouteLink id="AGAO231_003_45362">
        <From>
          <StopPointRef>6490IM331</StopPointRef>
        </From>
        <To>
          <StopPointRef>6490IM526</StopPointRef>
        </To>
        <Direction>outbound</Direction>
      </RouteLink>
      <RouteLink id="AGAO231_003_45363">
        <From>
          <StopPointRef>6490IM526</StopPointRef>
        </From>
        <To>
          <StopPointRef>6490IM553</StopPointRef>
        </To>
        <Direction>outbound</Direction>
      </RouteLink>
      <RouteLink id="AGAO231_003_45364">
        <From>
          <StopPointRef>6490IM553</StopPointRef>
        </From>
        <To>
          <StopPointRef>6490IM646</StopPointRef>
        </To>
        <Direction>outbound</Direction>
      </RouteLink>
      <RouteLink id="AGAO231_003_45365">
        <From>
          <StopPointRef>6490IM646</StopPointRef>
        </From>
        <To>
          <StopPointRef>6400S262</StopPointRef>
        </To>
        <Direction>outbound</Direction>
      </RouteLink>
      <RouteLink id="AGAO231_003_45366">
        <From>
          <StopPointRef>6400S262</StopPointRef>
        </From>
        <To>
          <StopPointRef>6400PT1169</StopPointRef>
        </To>
        <Direction>outbound</Direction>
      </RouteLink>
      <RouteLink id="AGAO231_003_45367">
        <From>
          <StopPointRef>6400PT1169</StopPointRef>
        </From>
        <To>
          <StopPointRef>6500N9925</StopPointRef>
        </To>
        <Direction>outbound</Direction>
      </RouteLink>
      <RouteLink id="AGAO231_003_45368">
        <From>
          <StopPointRef>6500N9925</StopPointRef>
        </From>
        <To>
          <StopPointRef>6500N0431</StopPointRef>
        </To>
        <Direction>outbound</Direction>
      </RouteLink>
      <RouteLink id="AGAO231_003_45369">
        <From>
          <StopPointRef>6500N0431</StopPointRef>
        </From>
        <To>
          <StopPointRef>6500N0316</StopPointRef>
        </To>
        <Direction>outbound</Direction>
      </RouteLink>
      <RouteLink id="AGAO231_003_45370">
        <From>
          <StopPointRef>6500N0316</StopPointRef>
        </From>
        <To>
          <StopPointRef>6500K1216</StopPointRef>
        </To>
        <Direction>outbound</Direction>
      </RouteLink>
      <RouteLink id="AGAO231_003_45371">
        <From>
          <StopPointRef>6500K1216</StopPointRef>
        </From>
        <To>
          <StopPointRef>6500K1033</StopPointRef>
        </To>
        <Direction>outbound</Direction>
      </RouteLink>
      <RouteLink id="AGAO231_003_45372">
        <From>
          <StopPointRef>6500K1033</StopPointRef>
        </From>
        <To>
          <StopPointRef>6500D0340</StopPointRef>
        </To>
        <Direction>outbound</Direction>
      </RouteLink>
      <RouteLink id="AGAO231_003_45373">
        <From>
          <StopPointRef>6500D0340</StopPointRef>
        </From>
        <To>
          <StopPointRef>6200203480</StopPointRef>
        </To>
        <Direction>outbound</Direction>
      </RouteLink>
      <RouteLink id="AGAO231_003_45374">
        <From>
          <StopPointRef>6200203480</StopPointRef>
        </From>
        <To>
          <StopPointRef>6290BX050</StopPointRef>
        </To>
        <Direction>outbound</Direction>
      </RouteLink>
      <RouteLink id="AGAO231_003_45375">
        <From>
          <StopPointRef>6290BX050</StopPointRef>
        </From>
        <To>
          <StopPointRef>6290LTC01CP</StopPointRef>
        </To>
        <Direction>outbound</Direction>
      </RouteLink>
    </RouteSection>
  </RouteSections>
  <Routes>
    <Route id="AGAO231_002">
      <Description>Livingston - Brechin
</Description>
      <RouteSectionRef>AGAO231_002</RouteSectionRef>
    </Route>
    <Route id="AGAO231_003">
      <Description>Brechin - Livingston
</Description>
      <RouteSectionRef>AGAO231_003</RouteSectionRef>
    </Route>
  </Routes>
  <JourneyPatternSections>
    <JourneyPatternSection id="JPS_AGAO231-3">
      <JourneyPatternTimingLink id="JPS_AGAO231-3_45341">
        <From>
          <StopPointRef>6290LTC01CP</StopPointRef>
          <TimingStatus>PTP</TimingStatus>
        </From>
        <To>
          <StopPointRef>6290BX00</StopPointRef>
          <TimingStatus>PTP</TimingStatus>
        </To>
        <RouteLinkRef>AGAO231_002_45341</RouteLinkRef>
        <Direction>inbound</Direction>
        <RunTime>PT900S</RunTime>
      </JourneyPatternTimingLink>
      <JourneyPatternTimingLink id="JPS_AGAO231-3_45342">
        <From>
          <StopPointRef>6290BX00</StopPointRef>
          <TimingStatus>PTP</TimingStatus>
        </From>
        <To>
          <StopPointRef>6200246430</StopPointRef>
          <TimingStatus>PTP</TimingStatus>
        </To>
        <RouteLinkRef>AGAO231_002_45342</RouteLinkRef>
        <Direction>inbound</Direction>
        <RunTime>PT840S</RunTime>
      </JourneyPatternTimingLink>
      <JourneyPatternTimingLink id="JPS_AGAO231-3_45343">
        <From>
          <StopPointRef>6200246430</StopPointRef>
          <TimingStatus>PTP</TimingStatus>
        </From>
        <To>
          <StopPointRef>6500D0339</StopPointRef>
          <TimingStatus>PTP</TimingStatus>
        </To>
        <RouteLinkRef>AGAO231_002_45343</RouteLinkRef>
        <Direction>inbound</Direction>
        <RunTime>PT600S</RunTime>
      </JourneyPatternTimingLink>
      <JourneyPatternTimingLink id="JPS_AGAO231-3_45344">
        <From>
          <StopPointRef>6500D0339</StopPointRef>
          <TimingStatus>PTP</TimingStatus>
        </From>
        <To>
          <StopPointRef>6500K1034</StopPointRef>
          <TimingStatus>OTH</TimingStatus>
        </To>
        <RouteLinkRef>AGAO231_002_45344</RouteLinkRef>
        <Direction>inbound</Direction>
        <RunTime>PT660S</RunTime>
      </JourneyPatternTimingLink>
      <JourneyPatternTimingLink id="JPS_AGAO231-3_45345">
        <From>
          <StopPointRef>6500K1034</StopPointRef>
          <TimingStatus>OTH</TimingStatus>
        </From>
        <To>
          <StopPointRef>6500K1216</StopPointRef>
          <TimingStatus>PTP</TimingStatus>
        </To>
        <RouteLinkRef>AGAO231_002_45345</RouteLinkRef>
        <Direction>inbound</Direction>
        <RunTime>PT900S</RunTime>
      </JourneyPatternTimingLink>
      <JourneyPatternTimingLink id="JPS_AGAO231-3_45346">
        <From>
          <WaitTime>PT300S</WaitTime>
          <StopPointRef>6500K1216</StopPointRef>
          <TimingStatus>PTP</TimingStatus>
        </From>
        <To>
          <StopPointRef>6500N0315</StopPointRef>
          <TimingStatus>PTP</TimingStatus>
        </To>
        <RouteLinkRef>AGAO231_002_45346</RouteLinkRef>
        <Direction>inbound</Direction>
        <RunTime>PT480S</RunTime>
      </JourneyPatternTimingLink>
      <JourneyPatternTimingLink id="JPS_AGAO231-3_45347">
        <From>
          <StopPointRef>6500N0315</StopPointRef>
          <TimingStatus>PTP</TimingStatus>
        </From>
        <To>
          <StopPointRef>6500N0132</StopPointRef>
          <TimingStatus>PTP</TimingStatus>
        </To>
        <RouteLinkRef>AGAO231_002_45347</RouteLinkRef>
        <Direction>inbound</Direction>
        <RunTime>PT420S</RunTime>
      </JourneyPatternTimingLink>
      <JourneyPatternTimingLink id="JPS_AGAO231-3_45348">
        <From>
          <StopPointRef>6500N0132</StopPointRef>
          <TimingStatus>PTP</TimingStatus>
        </From>
        <To>
          <StopPointRef>6500N0100</StopPointRef>
          <TimingStatus>PTP</TimingStatus>
        </To>
        <RouteLinkRef>AGAO231_002_45348</RouteLinkRef>
        <Direction>inbound</Direction>
        <RunTime>PT600S</RunTime>
      </JourneyPatternTimingLink>
      <JourneyPatternTimingLink id="JPS_AGAO231-3_45349">
        <From>
          <StopPointRef>6500N0100</StopPointRef>
          <TimingStatus>PTP</TimingStatus>
        </From>
        <To>
          <StopPointRef>6400A02</StopPointRef>
          <TimingStatus>PTP</TimingStatus>
        </To>
        <RouteLinkRef>AGAO231_002_45349</RouteLinkRef>
        <Direction>inbound</Direction>
        <RunTime>PT720S</RunTime>
      </JourneyPatternTimingLink>
      <JourneyPatternTimingLink id="JPS_AGAO231-3_45350">
        <From>
          <WaitTime>PT180S</WaitTime>
          <StopPointRef>6400A02</StopPointRef>
          <TimingStatus>PTP</TimingStatus>
        </From>
        <To>
          <StopPointRef>6400PT1260</StopPointRef>
          <TimingStatus>PTP</TimingStatus>
        </To>
        <RouteLinkRef>AGAO231_002_45350</RouteLinkRef>
        <Direction>inbound</Direction>
        <RunTime>PT840S</RunTime>
      </JourneyPatternTimingLink>
      <JourneyPatternTimingLink id="JPS_AGAO231-3_45351">
        <From>
          <StopPointRef>6400PT1260</StopPointRef>
          <TimingStatus>PTP</TimingStatus>
        </From>
        <To>
          <StopPointRef>6490IM645</StopPointRef>
          <TimingStatus>PTP</TimingStatus>
        </To>
        <RouteLinkRef>AGAO231_002_45351</RouteLinkRef>
        <Direction>inbound</Direction>
        <RunTime>PT300S</RunTime>
      </JourneyPatternTimingLink>
      <JourneyPatternTimingLink id="JPS_AGAO231-3_45352">
        <From>
          <StopPointRef>6490IM645</StopPointRef>
          <TimingStatus>PTP</TimingStatus>
        </From>
        <To>
          <StopPointRef>6490IM959</StopPointRef>
          <TimingStatus>PTP</TimingStatus>
        </To>
        <RouteLinkRef>AGAO231_002_45352</RouteLinkRef>
        <Direction>inbound</Direction>
        <RunTime>PT540S</RunTime>
      </JourneyPatternTimingLink>
      <JourneyPatternTimingLink id="JPS_AGAO231-3_45353">
        <From>
          <StopPointRef>6490IM959</StopPointRef>
          <TimingStatus>PTP</TimingStatus>
        </From>
        <To>
          <StopPointRef>6490IM523</StopPointRef>
          <TimingStatus>PTP</TimingStatus>
        </To>
        <RouteLinkRef>AGAO231_002_45353</RouteLinkRef>
        <Direction>inbound</Direction>
        <RunTime>PT120S</RunTime>
      </JourneyPatternTimingLink>
      <JourneyPatternTimingLink id="JPS_AGAO231-3_45354">
        <From>
          <StopPointRef>6490IM523</StopPointRef>
          <TimingStatus>PTP</TimingStatus>
        </From>
        <To>
          <StopPointRef>6490IM241</StopPointRef>
          <TimingStatus>PTP</TimingStatus>
        </To>
        <RouteLinkRef>AGAO231_002_45354</RouteLinkRef>
        <Direction>inbound</Direction>
        <RunTime>PT240S</RunTime>
      </JourneyPatternTimingLink>
      <JourneyPatternTimingLink id="JPS_AGAO231-3_45355">
        <From>
          <WaitTime>PT120S</WaitTime>
          <StopPointRef>6490IM241</StopPointRef>
          <TimingStatus>PTP</TimingStatus>
        </From>
        <To>
          <StopPointRef>6490IM790</StopPointRef>
          <TimingStatus>PTP</TimingStatus>
        </To>
        <RouteLinkRef>AGAO231_002_45355</RouteLinkRef>
        <Direction>inbound</Direction>
        <RunTime>PT120S</RunTime>
      </JourneyPatternTimingLink>
      <JourneyPatternTimingLink id="JPS_AGAO231-3_45356">
        <From>
          <StopPointRef>6490IM790</StopPointRef>
          <TimingStatus>PTP</TimingStatus>
        </From>
        <To>
          <StopPointRef>6490IM018</StopPointRef>
          <TimingStatus>PTP</TimingStatus>
        </To>
        <RouteLinkRef>AGAO231_002_45356</RouteLinkRef>
        <Direction>inbound</Direction>
        <RunTime>PT600S</RunTime>
      </JourneyPatternTimingLink>
      <JourneyPatternTimingLink id="JPS_AGAO231-3_45357">
        <From>
          <StopPointRef>6490IM018</StopPointRef>
          <TimingStatus>PTP</TimingStatus>
        </From>
        <To>
          <StopPointRef>6490IM040</StopPointRef>
          <TimingStatus>PTP</TimingStatus>
        </To>
        <RouteLinkRef>AGAO231_002_45357</RouteLinkRef>
        <Direction>inbound</Direction>
        <RunTime>PT540S</RunTime>
      </JourneyPatternTimingLink>
    </JourneyPatternSection>
    <JourneyPatternSection id="JPS_AGAO231-4">
      <JourneyPatternTimingLink id="JPS_AGAO231-4_45359">
        <From>
          <StopPointRef>6490IM040</StopPointRef>
          <TimingStatus>PTP</TimingStatus>
        </From>
        <To>
          <StopPointRef>6490IM236</StopPointRef>
          <TimingStatus>PTP</TimingStatus>
        </To>
        <RouteLinkRef>AGAO231_003_45359</RouteLinkRef>
        <Direction>outbound</Direction>
        <RunTime>PT660S</RunTime>
      </JourneyPatternTimingLink>
      <JourneyPatternTimingLink id="JPS_AGAO231-4_45360">
        <From>
          <StopPointRef>6490IM236</StopPointRef>
          <TimingStatus>PTP</TimingStatus>
        </From>
        <To>
          <StopPointRef>6490IM791</StopPointRef>
          <TimingStatus>PTP</TimingStatus>
        </To>
        <RouteLinkRef>AGAO231_003_45360</RouteLinkRef>
        <Direction>outbound</Direction>
        <RunTime>PT540S</RunTime>
      </JourneyPatternTimingLink>
      <JourneyPatternTimingLink id="JPS_AGAO231-4_45361">
        <From>
          <StopPointRef>6490IM791</StopPointRef>
          <TimingStatus>PTP</TimingStatus>
        </From>
        <To>
          <StopPointRef>6490IM331</StopPointRef>
          <TimingStatus>PTP</TimingStatus>
        </To>
        <RouteLinkRef>AGAO231_003_45361</RouteLinkRef>
        <Direction>outbound</Direction>
        <RunTime>PT180S</RunTime>
      </JourneyPatternTimingLink>
      <JourneyPatternTimingLink id="JPS_AGAO231-4_45362">
        <From>
          <WaitTime>PT180S</WaitTime>
          <StopPointRef>6490IM331</StopPointRef>
          <TimingStatus>PTP</TimingStatus>
        </From>
        <To>
          <StopPointRef>6490IM526</StopPointRef>
          <TimingStatus>PTP</TimingStatus>
        </To>
        <RouteLinkRef>AGAO231_003_45362</RouteLinkRef>
        <Direction>outbound</Direction>
        <RunTime>PT180S</RunTime>
      </JourneyPatternTimingLink>
      <JourneyPatternTimingLink id="JPS_AGAO231-4_45363">
        <From>
          <StopPointRef>6490IM526</StopPointRef>
          <TimingStatus>PTP</TimingStatus>
        </From>
        <To>
          <StopPointRef>6490IM553</StopPointRef>
          <TimingStatus>PTP</TimingStatus>
        </To>
        <RouteLinkRef>AGAO231_003_45363</RouteLinkRef>
        <Direction>outbound</Direction>
        <RunTime>PT120S</RunTime>
      </JourneyPatternTimingLink>
      <JourneyPatternTimingLink id="JPS_AGAO231-4_45364">
        <From>
          <StopPointRef>6490IM553</StopPointRef>
          <TimingStatus>PTP</TimingStatus>
        </From>
        <To>
          <StopPointRef>6490IM646</StopPointRef>
          <TimingStatus>PTP</TimingStatus>
        </To>
        <RouteLinkRef>AGAO231_003_45364</RouteLinkRef>
        <Direction>outbound</Direction>
        <RunTime>PT660S</RunTime>
      </JourneyPatternTimingLink>
      <JourneyPatternTimingLink id="JPS_AGAO231-4_45365">
        <From>
          <StopPointRef>6490IM646</StopPointRef>
          <TimingStatus>PTP</TimingStatus>
        </From>
        <To>
          <StopPointRef>6400S262</StopPointRef>
          <TimingStatus>PTP</TimingStatus>
        </To>
        <RouteLinkRef>AGAO231_003_45365</RouteLinkRef>
        <Direction>outbound</Direction>
        <RunTime>PT300S</RunTime>
      </JourneyPatternTimingLink>
      <JourneyPatternTimingLink id="JPS_AGAO231-4_45366">
        <From>
          <StopPointRef>6400S262</StopPointRef>
          <TimingStatus>PTP</TimingStatus>
        </From>
        <To>
          <StopPointRef>6400PT1169</StopPointRef>
          <TimingStatus>PTP</TimingStatus>
        </To>
        <RouteLinkRef>AGAO231_003_45366</RouteLinkRef>
        <Direction>outbound</Direction>
        <RunTime>PT840S</RunTime>
      </JourneyPatternTimingLink>
      <JourneyPatternTimingLink id="JPS_AGAO231-4_45367">
        <From>
          <WaitTime>PT180S</WaitTime>
          <StopPointRef>6400PT1169</StopPointRef>
          <TimingStatus>PTP</TimingStatus>
        </From>
        <To>
          <StopPointRef>6500N9925</StopPointRef>
          <TimingStatus>PTP</TimingStatus>
        </To>
        <RouteLinkRef>AGAO231_003_45367</RouteLinkRef>
        <Direction>outbound</Direction>
        <RunTime>PT780S</RunTime>
      </JourneyPatternTimingLink>
      <JourneyPatternTimingLink id="JPS_AGAO231-4_45368">
        <From>
          <StopPointRef>6500N9925</StopPointRef>
          <TimingStatus>PTP</TimingStatus>
        </From>
        <To>
          <StopPointRef>6500N0431</StopPointRef>
          <TimingStatus>PTP</TimingStatus>
        </To>
        <RouteLinkRef>AGAO231_003_45368</RouteLinkRef>
        <Direction>outbound</Direction>
        <RunTime>PT540S</RunTime>
      </JourneyPatternTimingLink>
      <JourneyPatternTimingLink id="JPS_AGAO231-4_45369">
        <From>
          <StopPointRef>6500N0431</StopPointRef>
          <TimingStatus>PTP</TimingStatus>
        </From>
        <To>
          <StopPointRef>6500N0316</StopPointRef>
          <TimingStatus>PTP</TimingStatus>
        </To>
        <RouteLinkRef>AGAO231_003_45369</RouteLinkRef>
        <Direction>outbound</Direction>
        <RunTime>PT420S</RunTime>
      </JourneyPatternTimingLink>
      <JourneyPatternTimingLink id="JPS_AGAO231-4_45370">
        <From>
          <StopPointRef>6500N0316</StopPointRef>
          <TimingStatus>PTP</TimingStatus>
        </From>
        <To>
          <StopPointRef>6500K1216</StopPointRef>
          <TimingStatus>PTP</TimingStatus>
        </To>
        <RouteLinkRef>AGAO231_003_45370</RouteLinkRef>
        <Direction>outbound</Direction>
        <RunTime>PT480S</RunTime>
      </JourneyPatternTimingLink>
      <JourneyPatternTimingLink id="JPS_AGAO231-4_45371">
        <From>
          <WaitTime>PT300S</WaitTime>
          <StopPointRef>6500K1216</StopPointRef>
          <TimingStatus>PTP</TimingStatus>
        </From>
        <To>
          <StopPointRef>6500K1033</StopPointRef>
          <TimingStatus>PTP</TimingStatus>
        </To>
        <RouteLinkRef>AGAO231_003_45371</RouteLinkRef>
        <Direction>outbound</Direction>
        <RunTime>PT900S</RunTime>
      </JourneyPatternTimingLink>
      <JourneyPatternTimingLink id="JPS_AGAO231-4_45372">
        <From>
          <StopPointRef>6500K1033</StopPointRef>
          <TimingStatus>PTP</TimingStatus>
        </From>
        <To>
          <StopPointRef>6500D0340</StopPointRef>
          <TimingStatus>PTP</TimingStatus>
        </To>
        <RouteLinkRef>AGAO231_003_45372</RouteLinkRef>
        <Direction>outbound</Direction>
        <RunTime>PT660S</RunTime>
      </JourneyPatternTimingLink>
      <JourneyPatternTimingLink id="JPS_AGAO231-4_45373">
        <From>
          <StopPointRef>6500D0340</StopPointRef>
          <TimingStatus>PTP</TimingStatus>
        </From>
        <To>
          <StopPointRef>6200203480</StopPointRef>
          <TimingStatus>PTP</TimingStatus>
        </To>
        <RouteLinkRef>AGAO231_003_45373</RouteLinkRef>
        <Direction>outbound</Direction>
        <RunTime>PT600S</RunTime>
      </JourneyPatternTimingLink>
      <JourneyPatternTimingLink id="JPS_AGAO231-4_45374">
        <From>
          <StopPointRef>6200203480</StopPointRef>
          <TimingStatus>PTP</TimingStatus>
        </From>
        <To>
          <StopPointRef>6290BX050</StopPointRef>
          <TimingStatus>PTP</TimingStatus>
        </To>
        <RouteLinkRef>AGAO231_003_45374</RouteLinkRef>
        <Direction>outbound</Direction>
        <RunTime>PT840S</RunTime>
      </JourneyPatternTimingLink>
      <JourneyPatternTimingLink id="JPS_AGAO231-4_45375">
        <From>
          <StopPointRef>6290BX050</StopPointRef>
          <TimingStatus>PTP</TimingStatus>
        </From>
        <To>
          <StopPointRef>6290LTC01CP</StopPointRef>
          <TimingStatus>PTP</TimingStatus>
        </To>
        <RouteLinkRef>AGAO231_003_45375</RouteLinkRef>
        <Direction>outbound</Direction>
        <RunTime>PT900S</RunTime>
      </JourneyPatternTimingLink>
    </JourneyPatternSection>
  </JourneyPatternSections>
  <Operators>
    <Operator id="FSH">
      <NationalOperatorCode>FSHT</NationalOperatorCode>
      <OperatorCode>FSH</OperatorCode>
      <OperatorShortName>Fishers Tours</OperatorShortName>
    </Operator>
  </Operators>
  <Services>
    <Service>
      <ServiceCode>AGAO231</ServiceCode>
      <Lines>
        <Line id="0">
          <LineName>231</LineName>
        </Line>
      </Lines>
      <OperatingPeriod>
        <StartDate>2017-01-23</StartDate>
        <EndDate>2049-12-31</EndDate>
      </OperatingPeriod>
      <RegisteredOperatorRef>FSH</RegisteredOperatorRef>
      <StopRequirements>
        <NoNewStopsRequired />
      </StopRequirements>
      <Mode>bus</Mode>
      <Description>Brechin - Livingston</Description>
      <StandardService>
        <Origin>Brechin</Origin>
        <Destination>Livingston</Destination>
        <JourneyPattern id="JPS_AGAO231-3">
          <Direction>inbound</Direction>
          <JourneyPatternSectionRefs>JPS_AGAO231-3</JourneyPatternSectionRefs>
        </JourneyPattern>
        <JourneyPattern id="JPS_AGAO231-4">
          <Direction>outbound</Direction>
          <JourneyPatternSectionRefs>JPS_AGAO231-4</JourneyPatternSectionRefs>
        </JourneyPattern>
      </StandardService>
    </Service>
  </Services>
  <VehicleJourneys>
    <VehicleJourney>
      <OperatorRef>FSH</OperatorRef>
      <OperatingProfile>
        <RegularDayType>
          <DaysOfWeek>
            <Monday />
            <Tuesday />
            <Wednesday />
            <Thursday />
            <Friday />
            <Saturday />
            <Sunday />
          </DaysOfWeek>
        </RegularDayType>
        <ServicedOrganisationDayType>
          <DaysOfNonOperation>
            <WorkingDays>
              <ServicedOrganisationRef>172</ServicedOrganisationRef>
            </WorkingDays>
          </DaysOfNonOperation>
        </ServicedOrganisationDayType>
      </OperatingProfile>
      <VehicleJourneyCode>13539</VehicleJourneyCode>
      <ServiceRef>AGAO231</ServiceRef>
      <LineRef>0</LineRef>
      <JourneyPatternRef>JPS_AGAO231-3</JourneyPatternRef>
      <DepartureTime>15:00:00</DepartureTime>
    </VehicleJourney>
    <VehicleJourney>
      <OperatorRef>FSH</OperatorRef>
      <OperatingProfile>
        <RegularDayType>
          <DaysOfWeek>
            <Monday />
            <Tuesday />
            <Wednesday />
            <Thursday />
            <Friday />
            <Saturday />
            <Sunday />
          </DaysOfWeek>
        </RegularDayType>
        <ServicedOrganisationDayType>
          <DaysOfNonOperation>
            <WorkingDays>
              <ServicedOrganisationRef>172</ServicedOrganisationRef>
            </WorkingDays>
          </DaysOfNonOperation>
        </ServicedOrganisationDayType>
      </OperatingProfile>
      <VehicleJourneyCode>13540</VehicleJourneyCode>
      <ServiceRef>AGAO231</ServiceRef>
      <LineRef>0</LineRef>
      <JourneyPatternRef>JPS_AGAO231-4</JourneyPatternRef>
      <DepartureTime>08:03:00</DepartureTime>
    </VehicleJourney>
  </VehicleJourneys>
</TransXChange>