<?xml version="1.0" encoding="utf-8"?>
<TransXChange xmlns:xsi="http://www.w3.org/2001/XMLSchema-instance" xmlns:xsd="http://www.w3.org/2001/XMLSchema" xsi:schemaLocation="http://www.transxchange.org.uk/ http://www.transxchange.org.uk/schema/2.1/TransXChange_general.xsd" CreationDateTime="2019-10-07T13:11:00-00:00" ModificationDateTime="2019-10-07T13:11:00-00:00" Modification="new" RevisionNumber="0" FileName="SVRAGAO253.xml" SchemaVersion="2.1" RegistrationDocument="false" xmlns="http://www.transxchange.org.uk/">
  <ServicedOrganisations>
    <ServicedOrganisation>
      <OrganisationCode>177</OrganisationCode>
      <Name>
QE0 : BUS.CIF
</Name>
      <WorkingDays>
        <DateRange>
          <StartDate>2016-11-11</StartDate>
          <EndDate>2019-08-25</EndDate>
        </DateRange>
        <DateRange>
          <StartDate>2019-08-27</StartDate>
          <EndDate>2019-09-08</EndDate>
        </DateRange>
        <DateRange>
          <StartDate>2019-09-10</StartDate>
          <EndDate>2019-09-22</EndDate>
        </DateRange>
        <DateRange>
          <StartDate>2019-09-24</StartDate>
          <EndDate>2019-10-06</EndDate>
        </DateRange>
        <DateRange>
          <StartDate>2019-10-08</StartDate>
          <EndDate>2019-10-20</EndDate>
        </DateRange>
        <DateRange>
          <StartDate>2019-10-22</StartDate>
          <EndDate>2049-12-31</EndDate>
        </DateRange>
      </WorkingDays>
    </ServicedOrganisation>
  </ServicedOrganisations>
  <StopPoints>
    <AnnotatedStopPointRef>
      <StopPointRef>6170521</StopPointRef>
      <CommonName>School Wynd</CommonName>
    </AnnotatedStopPointRef>
    <AnnotatedStopPointRef>
      <StopPointRef>61709</StopPointRef>
      <CommonName>Bank Street</CommonName>
    </AnnotatedStopPointRef>
    <AnnotatedStopPointRef>
      <StopPointRef>61401047</StopPointRef>
      <CommonName>Bus Station</CommonName>
    </AnnotatedStopPointRef>
    <AnnotatedStopPointRef>
      <StopPointRef>61601142</StopPointRef>
      <CommonName>Woodhead Road</CommonName>
    </AnnotatedStopPointRef>
    <AnnotatedStopPointRef>
      <StopPointRef>66903570017</StopPointRef>
      <CommonName>Church</CommonName>
    </AnnotatedStopPointRef>
    <AnnotatedStopPointRef>
      <StopPointRef>66903000024</StopPointRef>
      <CommonName>Broad Street</CommonName>
    </AnnotatedStopPointRef>
    <AnnotatedStopPointRef>
      <StopPointRef>66005810019</StopPointRef>
      <CommonName>Police Station</CommonName>
    </AnnotatedStopPointRef>
    <AnnotatedStopPointRef>
      <StopPointRef>64802316</StopPointRef>
      <CommonName>Balhaldie Filling Station</CommonName>
    </AnnotatedStopPointRef>
    <AnnotatedStopPointRef>
      <StopPointRef>64801614</StopPointRef>
      <CommonName>Gleneagles Station Road End</CommonName>
    </AnnotatedStopPointRef>
    <AnnotatedStopPointRef>
      <StopPointRef>64801265</StopPointRef>
      <CommonName>Necessity Brae</CommonName>
    </AnnotatedStopPointRef>
    <AnnotatedStopPointRef>
      <StopPointRef>64801010</StopPointRef>
      <CommonName>South Street</CommonName>
    </AnnotatedStopPointRef>
    <AnnotatedStopPointRef>
      <StopPointRef>64801651</StopPointRef>
      <CommonName>Abernyte Link Road</CommonName>
    </AnnotatedStopPointRef>
    <AnnotatedStopPointRef>
      <StopPointRef>6400A02</StopPointRef>
      <CommonName>Forum Centre</CommonName>
    </AnnotatedStopPointRef>
    <AnnotatedStopPointRef>
      <StopPointRef>6400S255</StopPointRef>
      <CommonName>Hebrides Drive</CommonName>
    </AnnotatedStopPointRef>
    <AnnotatedStopPointRef>
      <StopPointRef>6490IM645</StopPointRef>
      <CommonName>Inveraldie Village</CommonName>
    </AnnotatedStopPointRef>
    <AnnotatedStopPointRef>
      <StopPointRef>6490IM959</StopPointRef>
      <CommonName>Old Guide Dog Centre</CommonName>
    </AnnotatedStopPointRef>
    <AnnotatedStopPointRef>
      <StopPointRef>6490IM523</StopPointRef>
      <CommonName>Lentlands Road</CommonName>
    </AnnotatedStopPointRef>
    <AnnotatedStopPointRef>
      <StopPointRef>6490IM241</StopPointRef>
      <CommonName>Royal Bank of Scotland</CommonName>
    </AnnotatedStopPointRef>
    <AnnotatedStopPointRef>
      <StopPointRef>6490IM331</StopPointRef>
      <CommonName>St John's Church</CommonName>
    </AnnotatedStopPointRef>
    <AnnotatedStopPointRef>
      <StopPointRef>6490IM526</StopPointRef>
      <CommonName>Lentlands Road</CommonName>
    </AnnotatedStopPointRef>
    <AnnotatedStopPointRef>
      <StopPointRef>6490IM553</StopPointRef>
      <CommonName>Old Guide Dog Centre</CommonName>
    </AnnotatedStopPointRef>
    <AnnotatedStopPointRef>
      <StopPointRef>6490IM646</StopPointRef>
      <CommonName>Inveraldie Village</CommonName>
    </AnnotatedStopPointRef>
    <AnnotatedStopPointRef>
      <StopPointRef>6400PT1900</StopPointRef>
      <CommonName>Fintry Drive</CommonName>
    </AnnotatedStopPointRef>
    <AnnotatedStopPointRef>
      <StopPointRef>6400PT1169</StopPointRef>
      <CommonName>Murraygate</CommonName>
    </AnnotatedStopPointRef>
    <AnnotatedStopPointRef>
      <StopPointRef>64800191</StopPointRef>
      <CommonName>Road End</CommonName>
    </AnnotatedStopPointRef>
    <AnnotatedStopPointRef>
      <StopPointRef>64802052</StopPointRef>
      <CommonName>Canal Street</CommonName>
    </AnnotatedStopPointRef>
    <AnnotatedStopPointRef>
      <StopPointRef>64801264</StopPointRef>
      <CommonName>Necessity Brae</CommonName>
    </AnnotatedStopPointRef>
    <AnnotatedStopPointRef>
      <StopPointRef>64802315</StopPointRef>
      <CommonName>Balhaldie Filling Station</CommonName>
    </AnnotatedStopPointRef>
    <AnnotatedStopPointRef>
      <StopPointRef>66005810018</StopPointRef>
      <CommonName>Police Station</CommonName>
    </AnnotatedStopPointRef>
    <AnnotatedStopPointRef>
      <StopPointRef>66903000025</StopPointRef>
      <CommonName>Broad Street</CommonName>
    </AnnotatedStopPointRef>
    <AnnotatedStopPointRef>
      <StopPointRef>66903570016</StopPointRef>
      <CommonName>Church</CommonName>
    </AnnotatedStopPointRef>
    <AnnotatedStopPointRef>
      <StopPointRef>61601141</StopPointRef>
      <CommonName>Woodhead Road</CommonName>
    </AnnotatedStopPointRef>
    <AnnotatedStopPointRef>
      <StopPointRef>6140789</StopPointRef>
      <CommonName>Main Street</CommonName>
    </AnnotatedStopPointRef>
  </StopPoints>
  <RouteSections>
    <RouteSection id="AGAO253_002">
      <RouteLink id="AGAO253_002_45492">
        <From>
          <StopPointRef>6170521</StopPointRef>
        </From>
        <To>
          <StopPointRef>61709</StopPointRef>
        </To>
        <Direction>inbound</Direction>
      </RouteLink>
      <RouteLink id="AGAO253_002_45493">
        <From>
          <StopPointRef>61709</StopPointRef>
        </From>
        <To>
          <StopPointRef>61401047</StopPointRef>
        </To>
        <Direction>inbound</Direction>
      </RouteLink>
      <RouteLink id="AGAO253_002_45494">
        <From>
          <StopPointRef>61401047</StopPointRef>
        </From>
        <To>
          <StopPointRef>61601142</StopPointRef>
        </To>
        <Direction>inbound</Direction>
      </RouteLink>
      <RouteLink id="AGAO253_002_45495">
        <From>
          <StopPointRef>61601142</StopPointRef>
        </From>
        <To>
          <StopPointRef>66903570017</StopPointRef>
        </To>
        <Direction>inbound</Direction>
      </RouteLink>
      <RouteLink id="AGAO253_002_45496">
        <From>
          <StopPointRef>66903570017</StopPointRef>
        </From>
        <To>
          <StopPointRef>66903000024</StopPointRef>
        </To>
        <Direction>inbound</Direction>
      </RouteLink>
      <RouteLink id="AGAO253_002_45497">
        <From>
          <StopPointRef>66903000024</StopPointRef>
        </From>
        <To>
          <StopPointRef>66005810019</StopPointRef>
        </To>
        <Direction>inbound</Direction>
      </RouteLink>
      <RouteLink id="AGAO253_002_45498">
        <From>
          <StopPointRef>66005810019</StopPointRef>
        </From>
        <To>
          <StopPointRef>64802316</StopPointRef>
        </To>
        <Direction>inbound</Direction>
      </RouteLink>
      <RouteLink id="AGAO253_002_45499">
        <From>
          <StopPointRef>64802316</StopPointRef>
        </From>
        <To>
          <StopPointRef>64801614</StopPointRef>
        </To>
        <Direction>inbound</Direction>
      </RouteLink>
      <RouteLink id="AGAO253_002_45500">
        <From>
          <StopPointRef>64801614</StopPointRef>
        </From>
        <To>
          <StopPointRef>64801265</StopPointRef>
        </To>
        <Direction>inbound</Direction>
      </RouteLink>
      <RouteLink id="AGAO253_002_45501">
        <From>
          <StopPointRef>64801265</StopPointRef>
        </From>
        <To>
          <StopPointRef>64801010</StopPointRef>
        </To>
        <Direction>inbound</Direction>
      </RouteLink>
      <RouteLink id="AGAO253_002_45502">
        <From>
          <StopPointRef>64801010</StopPointRef>
        </From>
        <To>
          <StopPointRef>64801651</StopPointRef>
        </To>
        <Direction>inbound</Direction>
      </RouteLink>
      <RouteLink id="AGAO253_002_45503">
        <From>
          <StopPointRef>64801651</StopPointRef>
        </From>
        <To>
          <StopPointRef>6400A02</StopPointRef>
        </To>
        <Direction>inbound</Direction>
      </RouteLink>
      <RouteLink id="AGAO253_002_45504">
        <From>
          <StopPointRef>6400A02</StopPointRef>
        </From>
        <To>
          <StopPointRef>6400S255</StopPointRef>
        </To>
        <Direction>inbound</Direction>
      </RouteLink>
      <RouteLink id="AGAO253_002_45505">
        <From>
          <StopPointRef>6400S255</StopPointRef>
        </From>
        <To>
          <StopPointRef>6490IM645</StopPointRef>
        </To>
        <Direction>inbound</Direction>
      </RouteLink>
      <RouteLink id="AGAO253_002_45506">
        <From>
          <StopPointRef>6490IM645</StopPointRef>
        </From>
        <To>
          <StopPointRef>6490IM959</StopPointRef>
        </To>
        <Direction>inbound</Direction>
      </RouteLink>
      <RouteLink id="AGAO253_002_45507">
        <From>
          <StopPointRef>6490IM959</StopPointRef>
        </From>
        <To>
          <StopPointRef>6490IM523</StopPointRef>
        </To>
        <Direction>inbound</Direction>
      </RouteLink>
      <RouteLink id="AGAO253_002_45508">
        <From>
          <StopPointRef>6490IM523</StopPointRef>
        </From>
        <To>
          <StopPointRef>6490IM241</StopPointRef>
        </To>
        <Direction>inbound</Direction>
      </RouteLink>
    </RouteSection>
    <RouteSection id="AGAO253_001">
      <RouteLink id="AGAO253_001_45510">
        <From>
          <StopPointRef>6490IM331</StopPointRef>
        </From>
        <To>
          <StopPointRef>6490IM526</StopPointRef>
        </To>
        <Direction>outbound</Direction>
      </RouteLink>
      <RouteLink id="AGAO253_001_45511">
        <From>
          <StopPointRef>6490IM526</StopPointRef>
        </From>
        <To>
          <StopPointRef>6490IM553</StopPointRef>
        </To>
        <Direction>outbound</Direction>
      </RouteLink>
      <RouteLink id="AGAO253_001_45512">
        <From>
          <StopPointRef>6490IM553</StopPointRef>
        </From>
        <To>
          <StopPointRef>6490IM646</StopPointRef>
        </To>
        <Direction>outbound</Direction>
      </RouteLink>
      <RouteLink id="AGAO253_001_45513">
        <From>
          <StopPointRef>6490IM646</StopPointRef>
        </From>
        <To>
          <StopPointRef>6400PT1900</StopPointRef>
        </To>
        <Direction>outbound</Direction>
      </RouteLink>
      <RouteLink id="AGAO253_001_45514">
        <From>
          <StopPointRef>6400PT1900</StopPointRef>
        </From>
        <To>
          <StopPointRef>6400PT1169</StopPointRef>
        </To>
        <Direction>outbound</Direction>
      </RouteLink>
      <RouteLink id="AGAO253_001_45515">
        <From>
          <StopPointRef>6400PT1169</StopPointRef>
        </From>
        <To>
          <StopPointRef>64800191</StopPointRef>
        </To>
        <Direction>outbound</Direction>
      </RouteLink>
      <RouteLink id="AGAO253_001_45516">
        <From>
          <StopPointRef>64800191</StopPointRef>
        </From>
        <To>
          <StopPointRef>64802052</StopPointRef>
        </To>
        <Direction>outbound</Direction>
      </RouteLink>
      <RouteLink id="AGAO253_001_45517">
        <From>
          <StopPointRef>64802052</StopPointRef>
        </From>
        <To>
          <StopPointRef>64801264</StopPointRef>
        </To>
        <Direction>outbound</Direction>
      </RouteLink>
      <RouteLink id="AGAO253_001_45518">
        <From>
          <StopPointRef>64801264</StopPointRef>
        </From>
        <To>
          <StopPointRef>64801614</StopPointRef>
        </To>
        <Direction>outbound</Direction>
      </RouteLink>
      <RouteLink id="AGAO253_001_45519">
        <From>
          <StopPointRef>64801614</StopPointRef>
        </From>
        <To>
          <StopPointRef>64802315</StopPointRef>
        </To>
        <Direction>outbound</Direction>
      </RouteLink>
      <RouteLink id="AGAO253_001_45520">
        <From>
          <StopPointRef>64802315</StopPointRef>
        </From>
        <To>
          <StopPointRef>66005810018</StopPointRef>
        </To>
        <Direction>outbound</Direction>
      </RouteLink>
      <RouteLink id="AGAO253_001_45521">
        <From>
          <StopPointRef>66005810018</StopPointRef>
        </From>
        <To>
          <StopPointRef>66903000025</StopPointRef>
        </To>
        <Direction>outbound</Direction>
      </RouteLink>
      <RouteLink id="AGAO253_001_45522">
        <From>
          <StopPointRef>66903000025</StopPointRef>
        </From>
        <To>
          <StopPointRef>66903570016</StopPointRef>
        </To>
        <Direction>outbound</Direction>
      </RouteLink>
      <RouteLink id="AGAO253_001_45523">
        <From>
          <StopPointRef>66903570016</StopPointRef>
        </From>
        <To>
          <StopPointRef>61601141</StopPointRef>
        </To>
        <Direction>outbound</Direction>
      </RouteLink>
      <RouteLink id="AGAO253_001_45524">
        <From>
          <StopPointRef>61601141</StopPointRef>
        </From>
        <To>
          <StopPointRef>61401047</StopPointRef>
        </To>
        <Direction>outbound</Direction>
      </RouteLink>
      <RouteLink id="AGAO253_001_45525">
        <From>
          <StopPointRef>61401047</StopPointRef>
        </From>
        <To>
          <StopPointRef>6140789</StopPointRef>
        </To>
        <Direction>outbound</Direction>
      </RouteLink>
      <RouteLink id="AGAO253_001_45526">
        <From>
          <StopPointRef>6140789</StopPointRef>
        </From>
        <To>
          <StopPointRef>61709</StopPointRef>
        </To>
        <Direction>outbound</Direction>
      </RouteLink>
      <RouteLink id="AGAO253_001_45527">
        <From>
          <StopPointRef>61709</StopPointRef>
        </From>
        <To>
          <StopPointRef>6170521</StopPointRef>
        </To>
        <Direction>outbound</Direction>
      </RouteLink>
    </RouteSection>
  </RouteSections>
  <Routes>
    <Route id="AGAO253_002">
      <Description>Largs - Forfar
</Description>
      <RouteSectionRef>AGAO253_002</RouteSectionRef>
    </Route>
    <Route id="AGAO253_001">
      <Description>Forfar - Largs
</Description>
      <RouteSectionRef>AGAO253_001</RouteSectionRef>
    </Route>
  </Routes>
  <JourneyPatternSections>
    <JourneyPatternSection id="JPS_AGAO253-3">
      <JourneyPatternTimingLink id="JPS_AGAO253-3_45492">
        <From>
          <StopPointRef>6170521</StopPointRef>
          <TimingStatus>PTP</TimingStatus>
        </From>
        <To>
          <StopPointRef>61709</StopPointRef>
          <TimingStatus>OTH</TimingStatus>
        </To>
        <RouteLinkRef>AGAO253_002_45492</RouteLinkRef>
        <Direction>inbound</Direction>
        <RunTime>PT900S</RunTime>
      </JourneyPatternTimingLink>
      <JourneyPatternTimingLink id="JPS_AGAO253-3_45493">
        <From>
          <StopPointRef>61709</StopPointRef>
          <TimingStatus>OTH</TimingStatus>
        </From>
        <To>
          <StopPointRef>61401047</StopPointRef>
          <TimingStatus>PTP</TimingStatus>
        </To>
        <RouteLinkRef>AGAO253_002_45493</RouteLinkRef>
        <Direction>inbound</Direction>
        <RunTime>PT1800S</RunTime>
      </JourneyPatternTimingLink>
      <JourneyPatternTimingLink id="JPS_AGAO253-3_45494">
        <From>
          <StopPointRef>61401047</StopPointRef>
          <TimingStatus>PTP</TimingStatus>
        </From>
        <To>
          <StopPointRef>61601142</StopPointRef>
          <TimingStatus>PTP</TimingStatus>
        </To>
        <RouteLinkRef>AGAO253_002_45494</RouteLinkRef>
        <Direction>inbound</Direction>
        <RunTime>PT1500S</RunTime>
      </JourneyPatternTimingLink>
      <JourneyPatternTimingLink id="JPS_AGAO253-3_45495">
        <From>
          <StopPointRef>61601142</StopPointRef>
          <TimingStatus>PTP</TimingStatus>
        </From>
        <To>
          <StopPointRef>66903570017</StopPointRef>
          <TimingStatus>PTP</TimingStatus>
        </To>
        <RouteLinkRef>AGAO253_002_45495</RouteLinkRef>
        <Direction>inbound</Direction>
        <RunTime>PT1020S</RunTime>
      </JourneyPatternTimingLink>
      <JourneyPatternTimingLink id="JPS_AGAO253-3_45496">
        <From>
          <StopPointRef>66903570017</StopPointRef>
          <TimingStatus>PTP</TimingStatus>
        </From>
        <To>
          <StopPointRef>66903000024</StopPointRef>
          <TimingStatus>PTP</TimingStatus>
        </To>
        <RouteLinkRef>AGAO253_002_45496</RouteLinkRef>
        <Direction>inbound</Direction>
        <RunTime>PT600S</RunTime>
      </JourneyPatternTimingLink>
      <JourneyPatternTimingLink id="JPS_AGAO253-3_45497">
        <From>
          <StopPointRef>66903000024</StopPointRef>
          <TimingStatus>PTP</TimingStatus>
        </From>
        <To>
          <StopPointRef>66005810019</StopPointRef>
          <TimingStatus>PTP</TimingStatus>
        </To>
        <RouteLinkRef>AGAO253_002_45497</RouteLinkRef>
        <Direction>inbound</Direction>
        <RunTime>PT1080S</RunTime>
      </JourneyPatternTimingLink>
      <JourneyPatternTimingLink id="JPS_AGAO253-3_45498">
        <From>
          <StopPointRef>66005810019</StopPointRef>
          <TimingStatus>PTP</TimingStatus>
        </From>
        <To>
          <StopPointRef>64802316</StopPointRef>
          <TimingStatus>PTP</TimingStatus>
        </To>
        <RouteLinkRef>AGAO253_002_45498</RouteLinkRef>
        <Direction>inbound</Direction>
        <RunTime>PT480S</RunTime>
      </JourneyPatternTimingLink>
      <JourneyPatternTimingLink id="JPS_AGAO253-3_45499">
        <From>
          <StopPointRef>64802316</StopPointRef>
          <TimingStatus>PTP</TimingStatus>
        </From>
        <To>
          <StopPointRef>64801614</StopPointRef>
          <TimingStatus>PTP</TimingStatus>
        </To>
        <RouteLinkRef>AGAO253_002_45499</RouteLinkRef>
        <Direction>inbound</Direction>
        <RunTime>PT480S</RunTime>
      </JourneyPatternTimingLink>
      <JourneyPatternTimingLink id="JPS_AGAO253-3_45500">
        <From>
          <StopPointRef>64801614</StopPointRef>
          <TimingStatus>PTP</TimingStatus>
        </From>
        <To>
          <StopPointRef>64801265</StopPointRef>
          <TimingStatus>PTP</TimingStatus>
        </To>
        <RouteLinkRef>AGAO253_002_45500</RouteLinkRef>
        <Direction>inbound</Direction>
        <RunTime>PT960S</RunTime>
      </JourneyPatternTimingLink>
      <JourneyPatternTimingLink id="JPS_AGAO253-3_45501">
        <From>
          <StopPointRef>64801265</StopPointRef>
          <TimingStatus>PTP</TimingStatus>
        </From>
        <To>
          <StopPointRef>64801010</StopPointRef>
          <TimingStatus>PTP</TimingStatus>
        </To>
        <RouteLinkRef>AGAO253_002_45501</RouteLinkRef>
        <Direction>inbound</Direction>
        <RunTime>PT360S</RunTime>
      </JourneyPatternTimingLink>
      <JourneyPatternTimingLink id="JPS_AGAO253-3_45502">
        <From>
          <WaitTime>PT180S</WaitTime>
          <StopPointRef>64801010</StopPointRef>
          <TimingStatus>PTP</TimingStatus>
        </From>
        <To>
          <StopPointRef>64801651</StopPointRef>
          <TimingStatus>PTP</TimingStatus>
        </To>
        <RouteLinkRef>AGAO253_002_45502</RouteLinkRef>
        <Direction>inbound</Direction>
        <RunTime>PT1140S</RunTime>
      </JourneyPatternTimingLink>
      <JourneyPatternTimingLink id="JPS_AGAO253-3_45503">
        <From>
          <StopPointRef>64801651</StopPointRef>
          <TimingStatus>PTP</TimingStatus>
        </From>
        <To>
          <StopPointRef>6400A02</StopPointRef>
          <TimingStatus>PTP</TimingStatus>
        </To>
        <RouteLinkRef>AGAO253_002_45503</RouteLinkRef>
        <Direction>inbound</Direction>
        <RunTime>PT900S</RunTime>
      </JourneyPatternTimingLink>
      <JourneyPatternTimingLink id="JPS_AGAO253-3_45504">
        <From>
          <StopPointRef>6400A02</StopPointRef>
          <TimingStatus>PTP</TimingStatus>
        </From>
        <To>
          <StopPointRef>6400S255</StopPointRef>
          <TimingStatus>PTP</TimingStatus>
        </To>
        <RouteLinkRef>AGAO253_002_45504</RouteLinkRef>
        <Direction>inbound</Direction>
        <RunTime>PT660S</RunTime>
      </JourneyPatternTimingLink>
      <JourneyPatternTimingLink id="JPS_AGAO253-3_45505">
        <From>
          <StopPointRef>6400S255</StopPointRef>
          <TimingStatus>PTP</TimingStatus>
        </From>
        <To>
          <StopPointRef>6490IM645</StopPointRef>
          <TimingStatus>PTP</TimingStatus>
        </To>
        <RouteLinkRef>AGAO253_002_45505</RouteLinkRef>
        <Direction>inbound</Direction>
        <RunTime>PT300S</RunTime>
      </JourneyPatternTimingLink>
      <JourneyPatternTimingLink id="JPS_AGAO253-3_45506">
        <From>
          <StopPointRef>6490IM645</StopPointRef>
          <TimingStatus>PTP</TimingStatus>
        </From>
        <To>
          <StopPointRef>6490IM959</StopPointRef>
          <TimingStatus>PTP</TimingStatus>
        </To>
        <RouteLinkRef>AGAO253_002_45506</RouteLinkRef>
        <Direction>inbound</Direction>
        <RunTime>PT600S</RunTime>
      </JourneyPatternTimingLink>
      <JourneyPatternTimingLink id="JPS_AGAO253-3_45507">
        <From>
          <StopPointRef>6490IM959</StopPointRef>
          <TimingStatus>PTP</TimingStatus>
        </From>
        <To>
          <StopPointRef>6490IM523</StopPointRef>
          <TimingStatus>PTP</TimingStatus>
        </To>
        <RouteLinkRef>AGAO253_002_45507</RouteLinkRef>
        <Direction>inbound</Direction>
        <RunTime>PT120S</RunTime>
      </JourneyPatternTimingLink>
      <JourneyPatternTimingLink id="JPS_AGAO253-3_45508">
        <From>
          <StopPointRef>6490IM523</StopPointRef>
          <TimingStatus>PTP</TimingStatus>
        </From>
        <To>
          <StopPointRef>6490IM241</StopPointRef>
          <TimingStatus>PTP</TimingStatus>
        </To>
        <RouteLinkRef>AGAO253_002_45508</RouteLinkRef>
        <Direction>inbound</Direction>
        <RunTime>PT180S</RunTime>
      </JourneyPatternTimingLink>
    </JourneyPatternSection>
    <JourneyPatternSection id="JPS_AGAO253-4">
      <JourneyPatternTimingLink id="JPS_AGAO253-4_45510">
        <From>
          <StopPointRef>6490IM331</StopPointRef>
          <TimingStatus>PTP</TimingStatus>
        </From>
        <To>
          <StopPointRef>6490IM526</StopPointRef>
          <TimingStatus>PTP</TimingStatus>
        </To>
        <RouteLinkRef>AGAO253_001_45510</RouteLinkRef>
        <Direction>outbound</Direction>
        <RunTime>PT180S</RunTime>
      </JourneyPatternTimingLink>
      <JourneyPatternTimingLink id="JPS_AGAO253-4_45511">
        <From>
          <StopPointRef>6490IM526</StopPointRef>
          <TimingStatus>PTP</TimingStatus>
        </From>
        <To>
          <StopPointRef>6490IM553</StopPointRef>
          <TimingStatus>PTP</TimingStatus>
        </To>
        <RouteLinkRef>AGAO253_001_45511</RouteLinkRef>
        <Direction>outbound</Direction>
        <RunTime>PT120S</RunTime>
      </JourneyPatternTimingLink>
      <JourneyPatternTimingLink id="JPS_AGAO253-4_45512">
        <From>
          <StopPointRef>6490IM553</StopPointRef>
          <TimingStatus>PTP</TimingStatus>
        </From>
        <To>
          <StopPointRef>6490IM646</StopPointRef>
          <TimingStatus>PTP</TimingStatus>
        </To>
        <RouteLinkRef>AGAO253_001_45512</RouteLinkRef>
        <Direction>outbound</Direction>
        <RunTime>PT660S</RunTime>
      </JourneyPatternTimingLink>
      <JourneyPatternTimingLink id="JPS_AGAO253-4_45513">
        <From>
          <StopPointRef>6490IM646</StopPointRef>
          <TimingStatus>PTP</TimingStatus>
        </From>
        <To>
          <StopPointRef>6400PT1900</StopPointRef>
          <TimingStatus>PTP</TimingStatus>
        </To>
        <RouteLinkRef>AGAO253_001_45513</RouteLinkRef>
        <Direction>outbound</Direction>
        <RunTime>PT300S</RunTime>
      </JourneyPatternTimingLink>
      <JourneyPatternTimingLink id="JPS_AGAO253-4_45514">
        <From>
          <StopPointRef>6400PT1900</StopPointRef>
          <TimingStatus>PTP</TimingStatus>
        </From>
        <To>
          <StopPointRef>6400PT1169</StopPointRef>
          <TimingStatus>PTP</TimingStatus>
        </To>
        <RouteLinkRef>AGAO253_001_45514</RouteLinkRef>
        <Direction>outbound</Direction>
        <RunTime>PT840S</RunTime>
      </JourneyPatternTimingLink>
      <JourneyPatternTimingLink id="JPS_AGAO253-4_45515">
        <From>
          <WaitTime>PT180S</WaitTime>
          <StopPointRef>6400PT1169</StopPointRef>
          <TimingStatus>PTP</TimingStatus>
        </From>
        <To>
          <StopPointRef>64800191</StopPointRef>
          <TimingStatus>PTP</TimingStatus>
        </To>
        <RouteLinkRef>AGAO253_001_45515</RouteLinkRef>
        <Direction>outbound</Direction>
        <RunTime>PT900S</RunTime>
      </JourneyPatternTimingLink>
      <JourneyPatternTimingLink id="JPS_AGAO253-4_45516">
        <From>
          <StopPointRef>64800191</StopPointRef>
          <TimingStatus>PTP</TimingStatus>
        </From>
        <To>
          <StopPointRef>64802052</StopPointRef>
          <TimingStatus>PTP</TimingStatus>
        </To>
        <RouteLinkRef>AGAO253_001_45516</RouteLinkRef>
        <Direction>outbound</Direction>
        <RunTime>PT1140S</RunTime>
      </JourneyPatternTimingLink>
      <JourneyPatternTimingLink id="JPS_AGAO253-4_45517">
        <From>
          <WaitTime>PT180S</WaitTime>
          <StopPointRef>64802052</StopPointRef>
          <TimingStatus>PTP</TimingStatus>
        </From>
        <To>
          <StopPointRef>64801264</StopPointRef>
          <TimingStatus>PTP</TimingStatus>
        </To>
        <RouteLinkRef>AGAO253_001_45517</RouteLinkRef>
        <Direction>outbound</Direction>
        <RunTime>PT480S</RunTime>
      </JourneyPatternTimingLink>
      <JourneyPatternTimingLink id="JPS_AGAO253-4_45518">
        <From>
          <StopPointRef>64801264</StopPointRef>
          <TimingStatus>PTP</TimingStatus>
        </From>
        <To>
          <StopPointRef>64801614</StopPointRef>
          <TimingStatus>PTP</TimingStatus>
        </To>
        <RouteLinkRef>AGAO253_001_45518</RouteLinkRef>
        <Direction>outbound</Direction>
        <RunTime>PT900S</RunTime>
      </JourneyPatternTimingLink>
      <JourneyPatternTimingLink id="JPS_AGAO253-4_45519">
        <From>
          <StopPointRef>64801614</StopPointRef>
          <TimingStatus>PTP</TimingStatus>
        </From>
        <To>
          <StopPointRef>64802315</StopPointRef>
          <TimingStatus>PTP</TimingStatus>
        </To>
        <RouteLinkRef>AGAO253_001_45519</RouteLinkRef>
        <Direction>outbound</Direction>
        <RunTime>PT480S</RunTime>
      </JourneyPatternTimingLink>
      <JourneyPatternTimingLink id="JPS_AGAO253-4_45520">
        <From>
          <StopPointRef>64802315</StopPointRef>
          <TimingStatus>PTP</TimingStatus>
        </From>
        <To>
          <StopPointRef>66005810018</StopPointRef>
          <TimingStatus>PTP</TimingStatus>
        </To>
        <RouteLinkRef>AGAO253_001_45520</RouteLinkRef>
        <Direction>outbound</Direction>
        <RunTime>PT480S</RunTime>
      </JourneyPatternTimingLink>
      <JourneyPatternTimingLink id="JPS_AGAO253-4_45521">
        <From>
          <StopPointRef>66005810018</StopPointRef>
          <TimingStatus>PTP</TimingStatus>
        </From>
        <To>
          <StopPointRef>66903000025</StopPointRef>
          <TimingStatus>PTP</TimingStatus>
        </To>
        <RouteLinkRef>AGAO253_001_45521</RouteLinkRef>
        <Direction>outbound</Direction>
        <RunTime>PT1200S</RunTime>
      </JourneyPatternTimingLink>
      <JourneyPatternTimingLink id="JPS_AGAO253-4_45522">
        <From>
          <StopPointRef>66903000025</StopPointRef>
          <TimingStatus>PTP</TimingStatus>
        </From>
        <To>
          <StopPointRef>66903570016</StopPointRef>
          <TimingStatus>PTP</TimingStatus>
        </To>
        <RouteLinkRef>AGAO253_001_45522</RouteLinkRef>
        <Direction>outbound</Direction>
        <RunTime>PT420S</RunTime>
      </JourneyPatternTimingLink>
      <JourneyPatternTimingLink id="JPS_AGAO253-4_45523">
        <From>
          <StopPointRef>66903570016</StopPointRef>
          <TimingStatus>PTP</TimingStatus>
        </From>
        <To>
          <StopPointRef>61601141</StopPointRef>
          <TimingStatus>PTP</TimingStatus>
        </To>
        <RouteLinkRef>AGAO253_001_45523</RouteLinkRef>
        <Direction>outbound</Direction>
        <RunTime>PT1020S</RunTime>
      </JourneyPatternTimingLink>
      <JourneyPatternTimingLink id="JPS_AGAO253-4_45524">
        <From>
          <StopPointRef>61601141</StopPointRef>
          <TimingStatus>PTP</TimingStatus>
        </From>
        <To>
          <StopPointRef>61401047</StopPointRef>
          <TimingStatus>PTP</TimingStatus>
        </To>
        <RouteLinkRef>AGAO253_001_45524</RouteLinkRef>
        <Direction>outbound</Direction>
        <RunTime>PT1080S</RunTime>
      </JourneyPatternTimingLink>
      <JourneyPatternTimingLink id="JPS_AGAO253-4_45525">
        <From>
          <StopPointRef>61401047</StopPointRef>
          <TimingStatus>PTP</TimingStatus>
        </From>
        <To>
          <StopPointRef>6140789</StopPointRef>
          <TimingStatus>PTP</TimingStatus>
        </To>
        <RouteLinkRef>AGAO253_001_45525</RouteLinkRef>
        <Direction>outbound</Direction>
        <RunTime>PT1380S</RunTime>
      </JourneyPatternTimingLink>
      <JourneyPatternTimingLink id="JPS_AGAO253-4_45526">
        <From>
          <StopPointRef>6140789</StopPointRef>
          <TimingStatus>PTP</TimingStatus>
        </From>
        <To>
          <StopPointRef>61709</StopPointRef>
          <TimingStatus>PTP</TimingStatus>
        </To>
        <RouteLinkRef>AGAO253_001_45526</RouteLinkRef>
        <Direction>outbound</Direction>
        <RunTime>PT420S</RunTime>
      </JourneyPatternTimingLink>
      <JourneyPatternTimingLink id="JPS_AGAO253-4_45527">
        <From>
          <StopPointRef>61709</StopPointRef>
          <TimingStatus>PTP</TimingStatus>
        </From>
        <To>
          <StopPointRef>6170521</StopPointRef>
          <TimingStatus>PTP</TimingStatus>
        </To>
        <RouteLinkRef>AGAO253_001_45527</RouteLinkRef>
        <Direction>outbound</Direction>
        <RunTime>PT900S</RunTime>
      </JourneyPatternTimingLink>
    </JourneyPatternSection>
  </JourneyPatternSections>
  <Operators>
    <Operator id="FSH">
      <NationalOperatorCode>FSHT</NationalOperatorCode>
      <OperatorCode>FSH</OperatorCode>
      <OperatorShortName>Fishers Tours</OperatorShortName>
    </Operator>
  </Operators>
  <Services>
    <Service>
      <ServiceCode>AGAO253</ServiceCode>
      <Lines>
        <Line id="0">
          <LineName>253</LineName>
        </Line>
      </Lines>
      <OperatingPeriod>
        <StartDate>2016-11-11</StartDate>
        <EndDate>2049-12-31</EndDate>
      </OperatingPeriod>
      <RegisteredOperatorRef>FSH</RegisteredOperatorRef>
      <StopRequirements>
        <NoNewStopsRequired />
      </StopRequirements>
      <Mode>bus</Mode>
      <Description>Forfar - Largs</Description>
      <StandardService>
        <Origin>Forfar</Origin>
        <Destination>Largs</Destination>
        <JourneyPattern id="JPS_AGAO253-3">
          <Direction>inbound</Direction>
          <JourneyPatternSectionRefs>JPS_AGAO253-3</JourneyPatternSectionRefs>
        </JourneyPattern>
        <JourneyPattern id="JPS_AGAO253-4">
          <Direction>outbound</Direction>
          <JourneyPatternSectionRefs>JPS_AGAO253-4</JourneyPatternSectionRefs>
        </JourneyPattern>
      </StandardService>
    </Service>
  </Services>
  <VehicleJourneys>
    <VehicleJourney>
      <OperatorRef>FSH</OperatorRef>
      <OperatingProfile>
        <RegularDayType>
          <DaysOfWeek>
            <Monday />
            <Tuesday />
            <Wednesday />
            <Thursday />
            <Friday />
            <Saturday />
            <Sunday />
          </DaysOfWeek>
        </RegularDayType>
        <ServicedOrganisationDayType>
          <DaysOfNonOperation>
            <WorkingDays>
              <ServicedOrganisationRef>177</ServicedOrganisationRef>
            </WorkingDays>
          </DaysOfNonOperation>
        </ServicedOrganisationDayType>
      </OperatingProfile>
      <VehicleJourneyCode>13547</VehicleJourneyCode>
      <ServiceRef>AGAO253</ServiceRef>
      <LineRef>0</LineRef>
      <JourneyPatternRef>JPS_AGAO253-3</JourneyPatternRef>
      <DepartureTime>15:30:00</DepartureTime>
    </VehicleJourney>
    <VehicleJourney>
      <OperatorRef>FSH</OperatorRef>
      <OperatingProfile>
        <RegularDayType>
          <DaysOfWeek>
            <Monday />
            <Tuesday />
            <Wednesday />
            <Thursday />
            <Friday />
            <Saturday />
            <Sunday />
          </DaysOfWeek>
        </RegularDayType>
        <ServicedOrganisationDayType>
          <DaysOfNonOperation>
            <WorkingDays>
              <ServicedOrganisationRef>177</ServicedOrganisationRef>
            </WorkingDays>
          </DaysOfNonOperation>
        </ServicedOrganisationDayType>
      </OperatingProfile>
      <VehicleJourneyCode>13548</VehicleJourneyCode>
      <ServiceRef>AGAO253</ServiceRef>
      <LineRef>0</LineRef>
      <JourneyPatternRef>JPS_AGAO253-4</JourneyPatternRef>
      <DepartureTime>08:22:00</DepartureTime>
    </VehicleJourney>
  </VehicleJourneys>
</TransXChange>