<?xml version="1.0" encoding="utf-8"?>
<TransXChange xmlns:xsi="http://www.w3.org/2001/XMLSchema-instance" xmlns:xsd="http://www.w3.org/2001/XMLSchema" xsi:schemaLocation="http://www.transxchange.org.uk/ http://www.transxchange.org.uk/schema/2.1/TransXChange_general.xsd" CreationDateTime="2019-10-07T11:49:00-00:00" ModificationDateTime="2019-10-07T11:49:00-00:00" Modification="new" RevisionNumber="0" FileName="SVRABAO271A.xml" SchemaVersion="2.1" RegistrationDocument="false" xmlns="http://www.transxchange.org.uk/">
  <StopPoints>
    <AnnotatedStopPointRef>
      <StopPointRef>630023062</StopPointRef>
      <CommonName>Market Place</CommonName>
    </AnnotatedStopPointRef>
    <AnnotatedStopPointRef>
      <StopPointRef>630023072</StopPointRef>
      <CommonName>Church Street</CommonName>
    </AnnotatedStopPointRef>
    <AnnotatedStopPointRef>
      <StopPointRef>630023082</StopPointRef>
      <CommonName>Alexander Bell Place</CommonName>
    </AnnotatedStopPointRef>
    <AnnotatedStopPointRef>
      <StopPointRef>630062721</StopPointRef>
      <CommonName>Woodside</CommonName>
    </AnnotatedStopPointRef>
    <AnnotatedStopPointRef>
      <StopPointRef>630023211</StopPointRef>
      <CommonName>Hillside of Cook</CommonName>
    </AnnotatedStopPointRef>
    <AnnotatedStopPointRef>
      <StopPointRef>630023223</StopPointRef>
      <CommonName>Easter Crudie</CommonName>
    </AnnotatedStopPointRef>
    <AnnotatedStopPointRef>
      <StopPointRef>630063381</StopPointRef>
      <CommonName>Primary School</CommonName>
    </AnnotatedStopPointRef>
    <AnnotatedStopPointRef>
      <StopPointRef>630062208</StopPointRef>
      <CommonName>Bridge of Bo</CommonName>
    </AnnotatedStopPointRef>
    <AnnotatedStopPointRef>
      <StopPointRef>630023241</StopPointRef>
      <CommonName>Bridge of Headitown</CommonName>
    </AnnotatedStopPointRef>
    <AnnotatedStopPointRef>
      <StopPointRef>630062206</StopPointRef>
      <CommonName>Shop</CommonName>
    </AnnotatedStopPointRef>
    <AnnotatedStopPointRef>
      <StopPointRef>630023251</StopPointRef>
      <CommonName>Road End</CommonName>
    </AnnotatedStopPointRef>
    <AnnotatedStopPointRef>
      <StopPointRef>630063492</StopPointRef>
      <CommonName>Fairburn Cottages</CommonName>
    </AnnotatedStopPointRef>
    <AnnotatedStopPointRef>
      <StopPointRef>630060246</StopPointRef>
      <CommonName>Cotton Hill Quarry</CommonName>
    </AnnotatedStopPointRef>
    <AnnotatedStopPointRef>
      <StopPointRef>630021752</StopPointRef>
      <CommonName>Moray Street</CommonName>
    </AnnotatedStopPointRef>
    <AnnotatedStopPointRef>
      <StopPointRef>630021761</StopPointRef>
      <CommonName>Mill Street</CommonName>
    </AnnotatedStopPointRef>
    <AnnotatedStopPointRef>
      <StopPointRef>630021592</StopPointRef>
      <CommonName>Gellymill Street</CommonName>
    </AnnotatedStopPointRef>
    <AnnotatedStopPointRef>
      <StopPointRef>630021562</StopPointRef>
      <CommonName>Town Hall</CommonName>
    </AnnotatedStopPointRef>
    <AnnotatedStopPointRef>
      <StopPointRef>630021551</StopPointRef>
      <CommonName>Horns Brae</CommonName>
    </AnnotatedStopPointRef>
    <AnnotatedStopPointRef>
      <StopPointRef>630021542</StopPointRef>
      <CommonName>Union Road</CommonName>
    </AnnotatedStopPointRef>
    <AnnotatedStopPointRef>
      <StopPointRef>630024572</StopPointRef>
      <CommonName>Bridge Road</CommonName>
    </AnnotatedStopPointRef>
    <AnnotatedStopPointRef>
      <StopPointRef>630026001</StopPointRef>
      <CommonName>Water Lane</CommonName>
    </AnnotatedStopPointRef>
    <AnnotatedStopPointRef>
      <StopPointRef>630021332</StopPointRef>
      <CommonName>Low Street</CommonName>
    </AnnotatedStopPointRef>
    <AnnotatedStopPointRef>
      <StopPointRef>630020981</StopPointRef>
      <CommonName>Bus Station</CommonName>
    </AnnotatedStopPointRef>
    <AnnotatedStopPointRef>
      <StopPointRef>630020971</StopPointRef>
      <CommonName>Commerce Street</CommonName>
    </AnnotatedStopPointRef>
    <AnnotatedStopPointRef>
      <StopPointRef>630020961</StopPointRef>
      <CommonName>The Hexagon</CommonName>
    </AnnotatedStopPointRef>
    <AnnotatedStopPointRef>
      <StopPointRef>630021182</StopPointRef>
      <CommonName>Fraserburgh Academy</CommonName>
    </AnnotatedStopPointRef>
    <AnnotatedStopPointRef>
      <StopPointRef>630062761</StopPointRef>
      <CommonName>Hillcrest</CommonName>
    </AnnotatedStopPointRef>
    <AnnotatedStopPointRef>
      <StopPointRef>630021042</StopPointRef>
      <CommonName>Chapelhill Road</CommonName>
    </AnnotatedStopPointRef>
    <AnnotatedStopPointRef>
      <StopPointRef>630021372</StopPointRef>
      <CommonName>West Road</CommonName>
    </AnnotatedStopPointRef>
    <AnnotatedStopPointRef>
      <StopPointRef>630062521</StopPointRef>
      <CommonName>Banff and Buchan College</CommonName>
    </AnnotatedStopPointRef>
    <AnnotatedStopPointRef>
      <StopPointRef>630021371</StopPointRef>
      <CommonName>West Road</CommonName>
    </AnnotatedStopPointRef>
    <AnnotatedStopPointRef>
      <StopPointRef>630021041</StopPointRef>
      <CommonName>Chapelhill Road</CommonName>
    </AnnotatedStopPointRef>
    <AnnotatedStopPointRef>
      <StopPointRef>630021032</StopPointRef>
      <CommonName>Gallowhill Road</CommonName>
    </AnnotatedStopPointRef>
    <AnnotatedStopPointRef>
      <StopPointRef>630022291</StopPointRef>
      <CommonName>The Terrace</CommonName>
    </AnnotatedStopPointRef>
    <AnnotatedStopPointRef>
      <StopPointRef>630022282</StopPointRef>
      <CommonName>Mitchell Court</CommonName>
    </AnnotatedStopPointRef>
    <AnnotatedStopPointRef>
      <StopPointRef>630024691</StopPointRef>
      <CommonName>School</CommonName>
    </AnnotatedStopPointRef>
    <AnnotatedStopPointRef>
      <StopPointRef>630024861</StopPointRef>
      <CommonName>St Magnus Road</CommonName>
    </AnnotatedStopPointRef>
    <AnnotatedStopPointRef>
      <StopPointRef>630024871</StopPointRef>
      <CommonName>Castle Street</CommonName>
    </AnnotatedStopPointRef>
    <AnnotatedStopPointRef>
      <StopPointRef>630026112</StopPointRef>
      <CommonName>The Square</CommonName>
    </AnnotatedStopPointRef>
    <AnnotatedStopPointRef>
      <StopPointRef>630024611</StopPointRef>
      <CommonName>Hill Street</CommonName>
    </AnnotatedStopPointRef>
    <AnnotatedStopPointRef>
      <StopPointRef>630024622</StopPointRef>
      <CommonName>Malcolm Forbes Court</CommonName>
    </AnnotatedStopPointRef>
    <AnnotatedStopPointRef>
      <StopPointRef>630062225</StopPointRef>
      <CommonName>Craigiefold</CommonName>
    </AnnotatedStopPointRef>
    <AnnotatedStopPointRef>
      <StopPointRef>630062222</StopPointRef>
      <CommonName>Gardeners Cottage</CommonName>
    </AnnotatedStopPointRef>
    <AnnotatedStopPointRef>
      <StopPointRef>630022361</StopPointRef>
      <CommonName>St Drostans Lane</CommonName>
    </AnnotatedStopPointRef>
    <AnnotatedStopPointRef>
      <StopPointRef>630022352</StopPointRef>
      <CommonName>Gordon Lane</CommonName>
    </AnnotatedStopPointRef>
    <AnnotatedStopPointRef>
      <StopPointRef>630022341</StopPointRef>
      <CommonName>Dower Hotel</CommonName>
    </AnnotatedStopPointRef>
    <AnnotatedStopPointRef>
      <StopPointRef>630022331</StopPointRef>
      <CommonName>Low Street</CommonName>
    </AnnotatedStopPointRef>
    <AnnotatedStopPointRef>
      <StopPointRef>630060836</StopPointRef>
      <CommonName>Woodlands</CommonName>
    </AnnotatedStopPointRef>
    <AnnotatedStopPointRef>
      <StopPointRef>630062218</StopPointRef>
      <CommonName>Craigmaud</CommonName>
    </AnnotatedStopPointRef>
    <AnnotatedStopPointRef>
      <StopPointRef>630060426</StopPointRef>
      <CommonName>Langleys</CommonName>
    </AnnotatedStopPointRef>
    <AnnotatedStopPointRef>
      <StopPointRef>630023091</StopPointRef>
      <CommonName>The Old Manse</CommonName>
    </AnnotatedStopPointRef>
    <AnnotatedStopPointRef>
      <StopPointRef>630023081</StopPointRef>
      <CommonName>Alexander Bell Place</CommonName>
    </AnnotatedStopPointRef>
    <AnnotatedStopPointRef>
      <StopPointRef>630023071</StopPointRef>
      <CommonName>Church Street</CommonName>
    </AnnotatedStopPointRef>
    <AnnotatedStopPointRef>
      <StopPointRef>630023061</StopPointRef>
      <CommonName>Market Place</CommonName>
    </AnnotatedStopPointRef>
  </StopPoints>
  <RouteSections>
    <RouteSection id="ABAO271A002">
      <RouteLink id="ABAO271A002_20863">
        <From>
          <StopPointRef>630023062</StopPointRef>
        </From>
        <To>
          <StopPointRef>630023072</StopPointRef>
        </To>
        <Direction>inbound</Direction>
      </RouteLink>
      <RouteLink id="ABAO271A002_20864">
        <From>
          <StopPointRef>630023072</StopPointRef>
        </From>
        <To>
          <StopPointRef>630023082</StopPointRef>
        </To>
        <Direction>inbound</Direction>
      </RouteLink>
      <RouteLink id="ABAO271A002_20865">
        <From>
          <StopPointRef>630023082</StopPointRef>
        </From>
        <To>
          <StopPointRef>630062721</StopPointRef>
        </To>
        <Direction>inbound</Direction>
      </RouteLink>
      <RouteLink id="ABAO271A002_20866">
        <From>
          <StopPointRef>630062721</StopPointRef>
        </From>
        <To>
          <StopPointRef>630023211</StopPointRef>
        </To>
        <Direction>inbound</Direction>
      </RouteLink>
      <RouteLink id="ABAO271A002_20867">
        <From>
          <StopPointRef>630023211</StopPointRef>
        </From>
        <To>
          <StopPointRef>630023223</StopPointRef>
        </To>
        <Direction>inbound</Direction>
      </RouteLink>
      <RouteLink id="ABAO271A002_20868">
        <From>
          <StopPointRef>630023223</StopPointRef>
        </From>
        <To>
          <StopPointRef>630063381</StopPointRef>
        </To>
        <Direction>inbound</Direction>
      </RouteLink>
      <RouteLink id="ABAO271A002_20869">
        <From>
          <StopPointRef>630063381</StopPointRef>
        </From>
        <To>
          <StopPointRef>630062208</StopPointRef>
        </To>
        <Direction>inbound</Direction>
      </RouteLink>
      <RouteLink id="ABAO271A002_20870">
        <From>
          <StopPointRef>630062208</StopPointRef>
        </From>
        <To>
          <StopPointRef>630023241</StopPointRef>
        </To>
        <Direction>inbound</Direction>
      </RouteLink>
      <RouteLink id="ABAO271A002_20871">
        <From>
          <StopPointRef>630023241</StopPointRef>
        </From>
        <To>
          <StopPointRef>630062206</StopPointRef>
        </To>
        <Direction>inbound</Direction>
      </RouteLink>
      <RouteLink id="ABAO271A002_20872">
        <From>
          <StopPointRef>630062206</StopPointRef>
        </From>
        <To>
          <StopPointRef>630023251</StopPointRef>
        </To>
        <Direction>inbound</Direction>
      </RouteLink>
      <RouteLink id="ABAO271A002_20873">
        <From>
          <StopPointRef>630023251</StopPointRef>
        </From>
        <To>
          <StopPointRef>630063492</StopPointRef>
        </To>
        <Direction>inbound</Direction>
      </RouteLink>
      <RouteLink id="ABAO271A002_20874">
        <From>
          <StopPointRef>630063492</StopPointRef>
        </From>
        <To>
          <StopPointRef>630060246</StopPointRef>
        </To>
        <Direction>inbound</Direction>
      </RouteLink>
      <RouteLink id="ABAO271A002_20875">
        <From>
          <StopPointRef>630060246</StopPointRef>
        </From>
        <To>
          <StopPointRef>630021752</StopPointRef>
        </To>
        <Direction>inbound</Direction>
      </RouteLink>
      <RouteLink id="ABAO271A002_20876">
        <From>
          <StopPointRef>630021752</StopPointRef>
        </From>
        <To>
          <StopPointRef>630021761</StopPointRef>
        </To>
        <Direction>inbound</Direction>
      </RouteLink>
      <RouteLink id="ABAO271A002_20877">
        <From>
          <StopPointRef>630021761</StopPointRef>
        </From>
        <To>
          <StopPointRef>630021592</StopPointRef>
        </To>
        <Direction>inbound</Direction>
      </RouteLink>
      <RouteLink id="ABAO271A002_20878">
        <From>
          <StopPointRef>630021592</StopPointRef>
        </From>
        <To>
          <StopPointRef>630021562</StopPointRef>
        </To>
        <Direction>inbound</Direction>
      </RouteLink>
      <RouteLink id="ABAO271A002_20879">
        <From>
          <StopPointRef>630021562</StopPointRef>
        </From>
        <To>
          <StopPointRef>630021551</StopPointRef>
        </To>
        <Direction>inbound</Direction>
      </RouteLink>
      <RouteLink id="ABAO271A002_20880">
        <From>
          <StopPointRef>630021551</StopPointRef>
        </From>
        <To>
          <StopPointRef>630021542</StopPointRef>
        </To>
        <Direction>inbound</Direction>
      </RouteLink>
      <RouteLink id="ABAO271A002_20881">
        <From>
          <StopPointRef>630021542</StopPointRef>
        </From>
        <To>
          <StopPointRef>630024572</StopPointRef>
        </To>
        <Direction>inbound</Direction>
      </RouteLink>
      <RouteLink id="ABAO271A002_20882">
        <From>
          <StopPointRef>630024572</StopPointRef>
        </From>
        <To>
          <StopPointRef>630026001</StopPointRef>
        </To>
        <Direction>inbound</Direction>
      </RouteLink>
      <RouteLink id="ABAO271A002_20883">
        <From>
          <StopPointRef>630026001</StopPointRef>
        </From>
        <To>
          <StopPointRef>630021332</StopPointRef>
        </To>
        <Direction>inbound</Direction>
      </RouteLink>
    </RouteSection>
    <RouteSection id="ABAO271A001">
      <RouteLink id="ABAO271A001_20885">
        <From>
          <StopPointRef>630020981</StopPointRef>
        </From>
        <To>
          <StopPointRef>630020971</StopPointRef>
        </To>
        <Direction>inbound</Direction>
      </RouteLink>
      <RouteLink id="ABAO271A001_20886">
        <From>
          <StopPointRef>630020971</StopPointRef>
        </From>
        <To>
          <StopPointRef>630020961</StopPointRef>
        </To>
        <Direction>inbound</Direction>
      </RouteLink>
      <RouteLink id="ABAO271A001_20887">
        <From>
          <StopPointRef>630020961</StopPointRef>
        </From>
        <To>
          <StopPointRef>630021182</StopPointRef>
        </To>
        <Direction>inbound</Direction>
      </RouteLink>
      <RouteLink id="ABAO271A001_20888">
        <From>
          <StopPointRef>630021182</StopPointRef>
        </From>
        <To>
          <StopPointRef>630062761</StopPointRef>
        </To>
        <Direction>inbound</Direction>
      </RouteLink>
      <RouteLink id="ABAO271A001_20889">
        <From>
          <StopPointRef>630062761</StopPointRef>
        </From>
        <To>
          <StopPointRef>630021042</StopPointRef>
        </To>
        <Direction>inbound</Direction>
      </RouteLink>
      <RouteLink id="ABAO271A001_20890">
        <From>
          <StopPointRef>630021042</StopPointRef>
        </From>
        <To>
          <StopPointRef>630021372</StopPointRef>
        </To>
        <Direction>inbound</Direction>
      </RouteLink>
      <RouteLink id="ABAO271A001_20891">
        <From>
          <StopPointRef>630021372</StopPointRef>
        </From>
        <To>
          <StopPointRef>630062521</StopPointRef>
        </To>
        <Direction>inbound</Direction>
      </RouteLink>
      <RouteLink id="ABAO271A001_20892">
        <From>
          <StopPointRef>630062521</StopPointRef>
        </From>
        <To>
          <StopPointRef>630021371</StopPointRef>
        </To>
        <Direction>inbound</Direction>
      </RouteLink>
      <RouteLink id="ABAO271A001_20893">
        <From>
          <StopPointRef>630021371</StopPointRef>
        </From>
        <To>
          <StopPointRef>630021041</StopPointRef>
        </To>
        <Direction>inbound</Direction>
      </RouteLink>
      <RouteLink id="ABAO271A001_20894">
        <From>
          <StopPointRef>630021041</StopPointRef>
        </From>
        <To>
          <StopPointRef>630021032</StopPointRef>
        </To>
        <Direction>inbound</Direction>
      </RouteLink>
      <RouteLink id="ABAO271A001_20895">
        <From>
          <StopPointRef>630021032</StopPointRef>
        </From>
        <To>
          <StopPointRef>630022291</StopPointRef>
        </To>
        <Direction>inbound</Direction>
      </RouteLink>
      <RouteLink id="ABAO271A001_20896">
        <From>
          <StopPointRef>630022291</StopPointRef>
        </From>
        <To>
          <StopPointRef>630022282</StopPointRef>
        </To>
        <Direction>inbound</Direction>
      </RouteLink>
      <RouteLink id="ABAO271A001_20897">
        <From>
          <StopPointRef>630022282</StopPointRef>
        </From>
        <To>
          <StopPointRef>630024691</StopPointRef>
        </To>
        <Direction>inbound</Direction>
      </RouteLink>
      <RouteLink id="ABAO271A001_20898">
        <From>
          <StopPointRef>630024691</StopPointRef>
        </From>
        <To>
          <StopPointRef>630024861</StopPointRef>
        </To>
        <Direction>inbound</Direction>
      </RouteLink>
      <RouteLink id="ABAO271A001_20899">
        <From>
          <StopPointRef>630024861</StopPointRef>
        </From>
        <To>
          <StopPointRef>630024871</StopPointRef>
        </To>
        <Direction>inbound</Direction>
      </RouteLink>
      <RouteLink id="ABAO271A001_20900">
        <From>
          <StopPointRef>630024871</StopPointRef>
        </From>
        <To>
          <StopPointRef>630026112</StopPointRef>
        </To>
        <Direction>inbound</Direction>
      </RouteLink>
      <RouteLink id="ABAO271A001_20901">
        <From>
          <StopPointRef>630026112</StopPointRef>
        </From>
        <To>
          <StopPointRef>630024611</StopPointRef>
        </To>
        <Direction>inbound</Direction>
      </RouteLink>
      <RouteLink id="ABAO271A001_20902">
        <From>
          <StopPointRef>630024611</StopPointRef>
        </From>
        <To>
          <StopPointRef>630024622</StopPointRef>
        </To>
        <Direction>inbound</Direction>
      </RouteLink>
      <RouteLink id="ABAO271A001_20903">
        <From>
          <StopPointRef>630024622</StopPointRef>
        </From>
        <To>
          <StopPointRef>630062225</StopPointRef>
        </To>
        <Direction>inbound</Direction>
      </RouteLink>
      <RouteLink id="ABAO271A001_20904">
        <From>
          <StopPointRef>630062225</StopPointRef>
        </From>
        <To>
          <StopPointRef>630062222</StopPointRef>
        </To>
        <Direction>inbound</Direction>
      </RouteLink>
      <RouteLink id="ABAO271A001_20905">
        <From>
          <StopPointRef>630062222</StopPointRef>
        </From>
        <To>
          <StopPointRef>630022361</StopPointRef>
        </To>
        <Direction>inbound</Direction>
      </RouteLink>
      <RouteLink id="ABAO271A001_20906">
        <From>
          <StopPointRef>630022361</StopPointRef>
        </From>
        <To>
          <StopPointRef>630022352</StopPointRef>
        </To>
        <Direction>inbound</Direction>
      </RouteLink>
      <RouteLink id="ABAO271A001_20907">
        <From>
          <StopPointRef>630022352</StopPointRef>
        </From>
        <To>
          <StopPointRef>630022341</StopPointRef>
        </To>
        <Direction>inbound</Direction>
      </RouteLink>
      <RouteLink id="ABAO271A001_20908">
        <From>
          <StopPointRef>630022341</StopPointRef>
        </From>
        <To>
          <StopPointRef>630022331</StopPointRef>
        </To>
        <Direction>inbound</Direction>
      </RouteLink>
      <RouteLink id="ABAO271A001_20909">
        <From>
          <StopPointRef>630022331</StopPointRef>
        </From>
        <To>
          <StopPointRef>630060836</StopPointRef>
        </To>
        <Direction>inbound</Direction>
      </RouteLink>
      <RouteLink id="ABAO271A001_20910">
        <From>
          <StopPointRef>630060836</StopPointRef>
        </From>
        <To>
          <StopPointRef>630062218</StopPointRef>
        </To>
        <Direction>inbound</Direction>
      </RouteLink>
      <RouteLink id="ABAO271A001_20911">
        <From>
          <StopPointRef>630062218</StopPointRef>
        </From>
        <To>
          <StopPointRef>630060426</StopPointRef>
        </To>
        <Direction>inbound</Direction>
      </RouteLink>
      <RouteLink id="ABAO271A001_20912">
        <From>
          <StopPointRef>630060426</StopPointRef>
        </From>
        <To>
          <StopPointRef>630023091</StopPointRef>
        </To>
        <Direction>inbound</Direction>
      </RouteLink>
      <RouteLink id="ABAO271A001_20913">
        <From>
          <StopPointRef>630023091</StopPointRef>
        </From>
        <To>
          <StopPointRef>630023081</StopPointRef>
        </To>
        <Direction>inbound</Direction>
      </RouteLink>
      <RouteLink id="ABAO271A001_20914">
        <From>
          <StopPointRef>630023081</StopPointRef>
        </From>
        <To>
          <StopPointRef>630023071</StopPointRef>
        </To>
        <Direction>inbound</Direction>
      </RouteLink>
      <RouteLink id="ABAO271A001_20915">
        <From>
          <StopPointRef>630023071</StopPointRef>
        </From>
        <To>
          <StopPointRef>630023061</StopPointRef>
        </To>
        <Direction>inbound</Direction>
      </RouteLink>
      <RouteLink id="ABAO271A001_20916">
        <From>
          <StopPointRef>630023061</StopPointRef>
        </From>
        <To>
          <StopPointRef>630023062</StopPointRef>
        </To>
        <Direction>inbound</Direction>
      </RouteLink>
    </RouteSection>
  </RouteSections>
  <Routes>
    <Route id="ABAO271A002">
      <Description>Fraserburgh - Banff
</Description>
      <RouteSectionRef>ABAO271A002</RouteSectionRef>
    </Route>
    <Route id="ABAO271A001">
      <Description>Fraserburgh - Banff
</Description>
      <RouteSectionRef>ABAO271A001</RouteSectionRef>
    </Route>
  </Routes>
  <JourneyPatternSections>
    <JourneyPatternSection id="JPS_ABAO271A-3">
      <JourneyPatternTimingLink id="JPS_ABAO271A-3_20863">
        <From>
          <StopPointRef>630023062</StopPointRef>
          <TimingStatus>PTP</TimingStatus>
        </From>
        <To>
          <StopPointRef>630023072</StopPointRef>
          <TimingStatus>OTH</TimingStatus>
        </To>
        <RouteLinkRef>ABAO271A002_20863</RouteLinkRef>
        <Direction>inbound</Direction>
        <RunTime>PT0S</RunTime>
      </JourneyPatternTimingLink>
      <JourneyPatternTimingLink id="JPS_ABAO271A-3_20864">
        <From>
          <StopPointRef>630023072</StopPointRef>
          <TimingStatus>OTH</TimingStatus>
        </From>
        <To>
          <StopPointRef>630023082</StopPointRef>
          <TimingStatus>OTH</TimingStatus>
        </To>
        <RouteLinkRef>ABAO271A002_20864</RouteLinkRef>
        <Direction>inbound</Direction>
        <RunTime>PT0S</RunTime>
      </JourneyPatternTimingLink>
      <JourneyPatternTimingLink id="JPS_ABAO271A-3_20865">
        <From>
          <StopPointRef>630023082</StopPointRef>
          <TimingStatus>OTH</TimingStatus>
        </From>
        <To>
          <StopPointRef>630062721</StopPointRef>
          <TimingStatus>PTP</TimingStatus>
        </To>
        <RouteLinkRef>ABAO271A002_20865</RouteLinkRef>
        <Direction>inbound</Direction>
        <RunTime>PT600S</RunTime>
      </JourneyPatternTimingLink>
      <JourneyPatternTimingLink id="JPS_ABAO271A-3_20866">
        <From>
          <StopPointRef>630062721</StopPointRef>
          <TimingStatus>PTP</TimingStatus>
        </From>
        <To>
          <StopPointRef>630023211</StopPointRef>
          <TimingStatus>OTH</TimingStatus>
        </To>
        <RouteLinkRef>ABAO271A002_20866</RouteLinkRef>
        <Direction>inbound</Direction>
        <RunTime>PT60S</RunTime>
      </JourneyPatternTimingLink>
      <JourneyPatternTimingLink id="JPS_ABAO271A-3_20867">
        <From>
          <StopPointRef>630023211</StopPointRef>
          <TimingStatus>OTH</TimingStatus>
        </From>
        <To>
          <StopPointRef>630023223</StopPointRef>
          <TimingStatus>OTH</TimingStatus>
        </To>
        <RouteLinkRef>ABAO271A002_20867</RouteLinkRef>
        <Direction>inbound</Direction>
        <RunTime>PT60S</RunTime>
      </JourneyPatternTimingLink>
      <JourneyPatternTimingLink id="JPS_ABAO271A-3_20868">
        <From>
          <StopPointRef>630023223</StopPointRef>
          <TimingStatus>OTH</TimingStatus>
        </From>
        <To>
          <StopPointRef>630063381</StopPointRef>
          <TimingStatus>OTH</TimingStatus>
        </To>
        <RouteLinkRef>ABAO271A002_20868</RouteLinkRef>
        <Direction>inbound</Direction>
        <RunTime>PT0S</RunTime>
      </JourneyPatternTimingLink>
      <JourneyPatternTimingLink id="JPS_ABAO271A-3_20869">
        <From>
          <StopPointRef>630063381</StopPointRef>
          <TimingStatus>OTH</TimingStatus>
        </From>
        <To>
          <StopPointRef>630062208</StopPointRef>
          <TimingStatus>OTH</TimingStatus>
        </To>
        <RouteLinkRef>ABAO271A002_20869</RouteLinkRef>
        <Direction>inbound</Direction>
        <RunTime>PT180S</RunTime>
      </JourneyPatternTimingLink>
      <JourneyPatternTimingLink id="JPS_ABAO271A-3_20870">
        <From>
          <StopPointRef>630062208</StopPointRef>
          <TimingStatus>OTH</TimingStatus>
        </From>
        <To>
          <StopPointRef>630023241</StopPointRef>
          <TimingStatus>OTH</TimingStatus>
        </To>
        <RouteLinkRef>ABAO271A002_20870</RouteLinkRef>
        <Direction>inbound</Direction>
        <RunTime>PT0S</RunTime>
      </JourneyPatternTimingLink>
      <JourneyPatternTimingLink id="JPS_ABAO271A-3_20871">
        <From>
          <StopPointRef>630023241</StopPointRef>
          <TimingStatus>OTH</TimingStatus>
        </From>
        <To>
          <StopPointRef>630062206</StopPointRef>
          <TimingStatus>OTH</TimingStatus>
        </To>
        <RouteLinkRef>ABAO271A002_20871</RouteLinkRef>
        <Direction>inbound</Direction>
        <RunTime>PT60S</RunTime>
      </JourneyPatternTimingLink>
      <JourneyPatternTimingLink id="JPS_ABAO271A-3_20872">
        <From>
          <StopPointRef>630062206</StopPointRef>
          <TimingStatus>OTH</TimingStatus>
        </From>
        <To>
          <StopPointRef>630023251</StopPointRef>
          <TimingStatus>OTH</TimingStatus>
        </To>
        <RouteLinkRef>ABAO271A002_20872</RouteLinkRef>
        <Direction>inbound</Direction>
        <RunTime>PT60S</RunTime>
      </JourneyPatternTimingLink>
      <JourneyPatternTimingLink id="JPS_ABAO271A-3_20873">
        <From>
          <StopPointRef>630023251</StopPointRef>
          <TimingStatus>OTH</TimingStatus>
        </From>
        <To>
          <StopPointRef>630063492</StopPointRef>
          <TimingStatus>OTH</TimingStatus>
        </To>
        <RouteLinkRef>ABAO271A002_20873</RouteLinkRef>
        <Direction>inbound</Direction>
        <RunTime>PT120S</RunTime>
      </JourneyPatternTimingLink>
      <JourneyPatternTimingLink id="JPS_ABAO271A-3_20874">
        <From>
          <StopPointRef>630063492</StopPointRef>
          <TimingStatus>OTH</TimingStatus>
        </From>
        <To>
          <StopPointRef>630060246</StopPointRef>
          <TimingStatus>OTH</TimingStatus>
        </To>
        <RouteLinkRef>ABAO271A002_20874</RouteLinkRef>
        <Direction>inbound</Direction>
        <RunTime>PT120S</RunTime>
      </JourneyPatternTimingLink>
      <JourneyPatternTimingLink id="JPS_ABAO271A-3_20875">
        <From>
          <StopPointRef>630060246</StopPointRef>
          <TimingStatus>OTH</TimingStatus>
        </From>
        <To>
          <StopPointRef>630021752</StopPointRef>
          <TimingStatus>PTP</TimingStatus>
        </To>
        <RouteLinkRef>ABAO271A002_20875</RouteLinkRef>
        <Direction>inbound</Direction>
        <RunTime>PT60S</RunTime>
      </JourneyPatternTimingLink>
      <JourneyPatternTimingLink id="JPS_ABAO271A-3_20876">
        <From>
          <StopPointRef>630021752</StopPointRef>
          <TimingStatus>PTP</TimingStatus>
        </From>
        <To>
          <StopPointRef>630021761</StopPointRef>
          <TimingStatus>OTH</TimingStatus>
        </To>
        <RouteLinkRef>ABAO271A002_20876</RouteLinkRef>
        <Direction>inbound</Direction>
        <RunTime>PT0S</RunTime>
      </JourneyPatternTimingLink>
      <JourneyPatternTimingLink id="JPS_ABAO271A-3_20877">
        <From>
          <StopPointRef>630021761</StopPointRef>
          <TimingStatus>OTH</TimingStatus>
        </From>
        <To>
          <StopPointRef>630021592</StopPointRef>
          <TimingStatus>OTH</TimingStatus>
        </To>
        <RouteLinkRef>ABAO271A002_20877</RouteLinkRef>
        <Direction>inbound</Direction>
        <RunTime>PT60S</RunTime>
      </JourneyPatternTimingLink>
      <JourneyPatternTimingLink id="JPS_ABAO271A-3_20878">
        <From>
          <StopPointRef>630021592</StopPointRef>
          <TimingStatus>OTH</TimingStatus>
        </From>
        <To>
          <StopPointRef>630021562</StopPointRef>
          <TimingStatus>OTH</TimingStatus>
        </To>
        <RouteLinkRef>ABAO271A002_20878</RouteLinkRef>
        <Direction>inbound</Direction>
        <RunTime>PT60S</RunTime>
      </JourneyPatternTimingLink>
      <JourneyPatternTimingLink id="JPS_ABAO271A-3_20879">
        <From>
          <StopPointRef>630021562</StopPointRef>
          <TimingStatus>OTH</TimingStatus>
        </From>
        <To>
          <StopPointRef>630021551</StopPointRef>
          <TimingStatus>OTH</TimingStatus>
        </To>
        <RouteLinkRef>ABAO271A002_20879</RouteLinkRef>
        <Direction>inbound</Direction>
        <RunTime>PT0S</RunTime>
      </JourneyPatternTimingLink>
      <JourneyPatternTimingLink id="JPS_ABAO271A-3_20880">
        <From>
          <StopPointRef>630021551</StopPointRef>
          <TimingStatus>OTH</TimingStatus>
        </From>
        <To>
          <StopPointRef>630021542</StopPointRef>
          <TimingStatus>PTP</TimingStatus>
        </To>
        <RouteLinkRef>ABAO271A002_20880</RouteLinkRef>
        <Direction>inbound</Direction>
        <RunTime>PT60S</RunTime>
      </JourneyPatternTimingLink>
      <JourneyPatternTimingLink id="JPS_ABAO271A-3_20881">
        <From>
          <StopPointRef>630021542</StopPointRef>
          <TimingStatus>PTP</TimingStatus>
        </From>
        <To>
          <StopPointRef>630024572</StopPointRef>
          <TimingStatus>OTH</TimingStatus>
        </To>
        <RouteLinkRef>ABAO271A002_20881</RouteLinkRef>
        <Direction>inbound</Direction>
        <RunTime>PT180S</RunTime>
      </JourneyPatternTimingLink>
      <JourneyPatternTimingLink id="JPS_ABAO271A-3_20882">
        <From>
          <StopPointRef>630024572</StopPointRef>
          <TimingStatus>OTH</TimingStatus>
        </From>
        <To>
          <StopPointRef>630026001</StopPointRef>
          <TimingStatus>OTH</TimingStatus>
        </To>
        <RouteLinkRef>ABAO271A002_20882</RouteLinkRef>
        <Direction>inbound</Direction>
        <RunTime>PT60S</RunTime>
      </JourneyPatternTimingLink>
      <JourneyPatternTimingLink id="JPS_ABAO271A-3_20883">
        <From>
          <StopPointRef>630026001</StopPointRef>
          <TimingStatus>OTH</TimingStatus>
        </From>
        <To>
          <StopPointRef>630021332</StopPointRef>
          <TimingStatus>PTP</TimingStatus>
        </To>
        <RouteLinkRef>ABAO271A002_20883</RouteLinkRef>
        <Direction>inbound</Direction>
        <RunTime>PT60S</RunTime>
      </JourneyPatternTimingLink>
    </JourneyPatternSection>
    <JourneyPatternSection id="JPS_ABAO271A-4">
      <JourneyPatternTimingLink id="JPS_ABAO271A-4_20885">
        <From>
          <StopPointRef>630020981</StopPointRef>
          <TimingStatus>PTP</TimingStatus>
        </From>
        <To>
          <StopPointRef>630020971</StopPointRef>
          <TimingStatus>OTH</TimingStatus>
        </To>
        <RouteLinkRef>ABAO271A001_20885</RouteLinkRef>
        <Direction>inbound</Direction>
        <RunTime>PT120S</RunTime>
      </JourneyPatternTimingLink>
      <JourneyPatternTimingLink id="JPS_ABAO271A-4_20886">
        <From>
          <StopPointRef>630020971</StopPointRef>
          <TimingStatus>OTH</TimingStatus>
        </From>
        <To>
          <StopPointRef>630020961</StopPointRef>
          <TimingStatus>OTH</TimingStatus>
        </To>
        <RouteLinkRef>ABAO271A001_20886</RouteLinkRef>
        <Direction>inbound</Direction>
        <RunTime>PT60S</RunTime>
      </JourneyPatternTimingLink>
      <JourneyPatternTimingLink id="JPS_ABAO271A-4_20887">
        <From>
          <StopPointRef>630020961</StopPointRef>
          <TimingStatus>OTH</TimingStatus>
        </From>
        <To>
          <StopPointRef>630021182</StopPointRef>
          <TimingStatus>OTH</TimingStatus>
        </To>
        <RouteLinkRef>ABAO271A001_20887</RouteLinkRef>
        <Direction>inbound</Direction>
        <RunTime>PT60S</RunTime>
      </JourneyPatternTimingLink>
      <JourneyPatternTimingLink id="JPS_ABAO271A-4_20888">
        <From>
          <StopPointRef>630021182</StopPointRef>
          <TimingStatus>OTH</TimingStatus>
        </From>
        <To>
          <StopPointRef>630062761</StopPointRef>
          <TimingStatus>OTH</TimingStatus>
        </To>
        <RouteLinkRef>ABAO271A001_20888</RouteLinkRef>
        <Direction>inbound</Direction>
        <RunTime>PT60S</RunTime>
      </JourneyPatternTimingLink>
      <JourneyPatternTimingLink id="JPS_ABAO271A-4_20889">
        <From>
          <StopPointRef>630062761</StopPointRef>
          <TimingStatus>OTH</TimingStatus>
        </From>
        <To>
          <StopPointRef>630021042</StopPointRef>
          <TimingStatus>OTH</TimingStatus>
        </To>
        <RouteLinkRef>ABAO271A001_20889</RouteLinkRef>
        <Direction>inbound</Direction>
        <RunTime>PT120S</RunTime>
      </JourneyPatternTimingLink>
      <JourneyPatternTimingLink id="JPS_ABAO271A-4_20890">
        <From>
          <StopPointRef>630021042</StopPointRef>
          <TimingStatus>OTH</TimingStatus>
        </From>
        <To>
          <StopPointRef>630021372</StopPointRef>
          <TimingStatus>OTH</TimingStatus>
        </To>
        <RouteLinkRef>ABAO271A001_20890</RouteLinkRef>
        <Direction>inbound</Direction>
        <RunTime>PT60S</RunTime>
      </JourneyPatternTimingLink>
      <JourneyPatternTimingLink id="JPS_ABAO271A-4_20891">
        <From>
          <StopPointRef>630021372</StopPointRef>
          <TimingStatus>OTH</TimingStatus>
        </From>
        <To>
          <StopPointRef>630062521</StopPointRef>
          <TimingStatus>PTP</TimingStatus>
        </To>
        <RouteLinkRef>ABAO271A001_20891</RouteLinkRef>
        <Direction>inbound</Direction>
        <RunTime>PT120S</RunTime>
      </JourneyPatternTimingLink>
      <JourneyPatternTimingLink id="JPS_ABAO271A-4_20892">
        <From>
          <StopPointRef>630062521</StopPointRef>
          <TimingStatus>PTP</TimingStatus>
        </From>
        <To>
          <StopPointRef>630021371</StopPointRef>
          <TimingStatus>OTH</TimingStatus>
        </To>
        <RouteLinkRef>ABAO271A001_20892</RouteLinkRef>
        <Direction>inbound</Direction>
        <RunTime>PT0S</RunTime>
      </JourneyPatternTimingLink>
      <JourneyPatternTimingLink id="JPS_ABAO271A-4_20893">
        <From>
          <StopPointRef>630021371</StopPointRef>
          <TimingStatus>OTH</TimingStatus>
        </From>
        <To>
          <StopPointRef>630021041</StopPointRef>
          <TimingStatus>OTH</TimingStatus>
        </To>
        <RouteLinkRef>ABAO271A001_20893</RouteLinkRef>
        <Direction>inbound</Direction>
        <RunTime>PT0S</RunTime>
      </JourneyPatternTimingLink>
      <JourneyPatternTimingLink id="JPS_ABAO271A-4_20894">
        <From>
          <StopPointRef>630021041</StopPointRef>
          <TimingStatus>OTH</TimingStatus>
        </From>
        <To>
          <StopPointRef>630021032</StopPointRef>
          <TimingStatus>OTH</TimingStatus>
        </To>
        <RouteLinkRef>ABAO271A001_20894</RouteLinkRef>
        <Direction>inbound</Direction>
        <RunTime>PT60S</RunTime>
      </JourneyPatternTimingLink>
      <JourneyPatternTimingLink id="JPS_ABAO271A-4_20895">
        <From>
          <StopPointRef>630021032</StopPointRef>
          <TimingStatus>OTH</TimingStatus>
        </From>
        <To>
          <StopPointRef>630022291</StopPointRef>
          <TimingStatus>OTH</TimingStatus>
        </To>
        <RouteLinkRef>ABAO271A001_20895</RouteLinkRef>
        <Direction>inbound</Direction>
        <RunTime>PT120S</RunTime>
      </JourneyPatternTimingLink>
      <JourneyPatternTimingLink id="JPS_ABAO271A-4_20896">
        <From>
          <StopPointRef>630022291</StopPointRef>
          <TimingStatus>OTH</TimingStatus>
        </From>
        <To>
          <StopPointRef>630022282</StopPointRef>
          <TimingStatus>OTH</TimingStatus>
        </To>
        <RouteLinkRef>ABAO271A001_20896</RouteLinkRef>
        <Direction>inbound</Direction>
        <RunTime>PT0S</RunTime>
      </JourneyPatternTimingLink>
      <JourneyPatternTimingLink id="JPS_ABAO271A-4_20897">
        <From>
          <StopPointRef>630022282</StopPointRef>
          <TimingStatus>OTH</TimingStatus>
        </From>
        <To>
          <StopPointRef>630024691</StopPointRef>
          <TimingStatus>PTP</TimingStatus>
        </To>
        <RouteLinkRef>ABAO271A001_20897</RouteLinkRef>
        <Direction>inbound</Direction>
        <RunTime>PT60S</RunTime>
      </JourneyPatternTimingLink>
      <JourneyPatternTimingLink id="JPS_ABAO271A-4_20898">
        <From>
          <StopPointRef>630024691</StopPointRef>
          <TimingStatus>PTP</TimingStatus>
        </From>
        <To>
          <StopPointRef>630024861</StopPointRef>
          <TimingStatus>OTH</TimingStatus>
        </To>
        <RouteLinkRef>ABAO271A001_20898</RouteLinkRef>
        <Direction>inbound</Direction>
        <RunTime>PT0S</RunTime>
      </JourneyPatternTimingLink>
      <JourneyPatternTimingLink id="JPS_ABAO271A-4_20899">
        <From>
          <StopPointRef>630024861</StopPointRef>
          <TimingStatus>OTH</TimingStatus>
        </From>
        <To>
          <StopPointRef>630024871</StopPointRef>
          <TimingStatus>OTH</TimingStatus>
        </To>
        <RouteLinkRef>ABAO271A001_20899</RouteLinkRef>
        <Direction>inbound</Direction>
        <RunTime>PT240S</RunTime>
      </JourneyPatternTimingLink>
      <JourneyPatternTimingLink id="JPS_ABAO271A-4_20900">
        <From>
          <StopPointRef>630024871</StopPointRef>
          <TimingStatus>OTH</TimingStatus>
        </From>
        <To>
          <StopPointRef>630026112</StopPointRef>
          <TimingStatus>PTP</TimingStatus>
        </To>
        <RouteLinkRef>ABAO271A001_20900</RouteLinkRef>
        <Direction>inbound</Direction>
        <RunTime>PT60S</RunTime>
      </JourneyPatternTimingLink>
      <JourneyPatternTimingLink id="JPS_ABAO271A-4_20901">
        <From>
          <StopPointRef>630026112</StopPointRef>
          <TimingStatus>PTP</TimingStatus>
        </From>
        <To>
          <StopPointRef>630024611</StopPointRef>
          <TimingStatus>OTH</TimingStatus>
        </To>
        <RouteLinkRef>ABAO271A001_20901</RouteLinkRef>
        <Direction>inbound</Direction>
        <RunTime>PT0S</RunTime>
      </JourneyPatternTimingLink>
      <JourneyPatternTimingLink id="JPS_ABAO271A-4_20902">
        <From>
          <StopPointRef>630024611</StopPointRef>
          <TimingStatus>OTH</TimingStatus>
        </From>
        <To>
          <StopPointRef>630024622</StopPointRef>
          <TimingStatus>OTH</TimingStatus>
        </To>
        <RouteLinkRef>ABAO271A001_20902</RouteLinkRef>
        <Direction>inbound</Direction>
        <RunTime>PT0S</RunTime>
      </JourneyPatternTimingLink>
      <JourneyPatternTimingLink id="JPS_ABAO271A-4_20903">
        <From>
          <StopPointRef>630024622</StopPointRef>
          <TimingStatus>OTH</TimingStatus>
        </From>
        <To>
          <StopPointRef>630062225</StopPointRef>
          <TimingStatus>OTH</TimingStatus>
        </To>
        <RouteLinkRef>ABAO271A001_20903</RouteLinkRef>
        <Direction>inbound</Direction>
        <RunTime>PT180S</RunTime>
      </JourneyPatternTimingLink>
      <JourneyPatternTimingLink id="JPS_ABAO271A-4_20904">
        <From>
          <StopPointRef>630062225</StopPointRef>
          <TimingStatus>OTH</TimingStatus>
        </From>
        <To>
          <StopPointRef>630062222</StopPointRef>
          <TimingStatus>OTH</TimingStatus>
        </To>
        <RouteLinkRef>ABAO271A001_20904</RouteLinkRef>
        <Direction>inbound</Direction>
        <RunTime>PT180S</RunTime>
      </JourneyPatternTimingLink>
      <JourneyPatternTimingLink id="JPS_ABAO271A-4_20905">
        <From>
          <StopPointRef>630062222</StopPointRef>
          <TimingStatus>OTH</TimingStatus>
        </From>
        <To>
          <StopPointRef>630022361</StopPointRef>
          <TimingStatus>OTH</TimingStatus>
        </To>
        <RouteLinkRef>ABAO271A001_20905</RouteLinkRef>
        <Direction>inbound</Direction>
        <RunTime>PT180S</RunTime>
      </JourneyPatternTimingLink>
      <JourneyPatternTimingLink id="JPS_ABAO271A-4_20906">
        <From>
          <StopPointRef>630022361</StopPointRef>
          <TimingStatus>OTH</TimingStatus>
        </From>
        <To>
          <StopPointRef>630022352</StopPointRef>
          <TimingStatus>PTP</TimingStatus>
        </To>
        <RouteLinkRef>ABAO271A001_20906</RouteLinkRef>
        <Direction>inbound</Direction>
        <RunTime>PT60S</RunTime>
      </JourneyPatternTimingLink>
      <JourneyPatternTimingLink id="JPS_ABAO271A-4_20907">
        <From>
          <StopPointRef>630022352</StopPointRef>
          <TimingStatus>PTP</TimingStatus>
        </From>
        <To>
          <StopPointRef>630022341</StopPointRef>
          <TimingStatus>OTH</TimingStatus>
        </To>
        <RouteLinkRef>ABAO271A001_20907</RouteLinkRef>
        <Direction>inbound</Direction>
        <RunTime>PT0S</RunTime>
      </JourneyPatternTimingLink>
      <JourneyPatternTimingLink id="JPS_ABAO271A-4_20908">
        <From>
          <StopPointRef>630022341</StopPointRef>
          <TimingStatus>OTH</TimingStatus>
        </From>
        <To>
          <StopPointRef>630022331</StopPointRef>
          <TimingStatus>OTH</TimingStatus>
        </To>
        <RouteLinkRef>ABAO271A001_20908</RouteLinkRef>
        <Direction>inbound</Direction>
        <RunTime>PT0S</RunTime>
      </JourneyPatternTimingLink>
      <JourneyPatternTimingLink id="JPS_ABAO271A-4_20909">
        <From>
          <StopPointRef>630022331</StopPointRef>
          <TimingStatus>OTH</TimingStatus>
        </From>
        <To>
          <StopPointRef>630060836</StopPointRef>
          <TimingStatus>OTH</TimingStatus>
        </To>
        <RouteLinkRef>ABAO271A001_20909</RouteLinkRef>
        <Direction>inbound</Direction>
        <RunTime>PT240S</RunTime>
      </JourneyPatternTimingLink>
      <JourneyPatternTimingLink id="JPS_ABAO271A-4_20910">
        <From>
          <StopPointRef>630060836</StopPointRef>
          <TimingStatus>OTH</TimingStatus>
        </From>
        <To>
          <StopPointRef>630062218</StopPointRef>
          <TimingStatus>OTH</TimingStatus>
        </To>
        <RouteLinkRef>ABAO271A001_20910</RouteLinkRef>
        <Direction>inbound</Direction>
        <RunTime>PT120S</RunTime>
      </JourneyPatternTimingLink>
      <JourneyPatternTimingLink id="JPS_ABAO271A-4_20911">
        <From>
          <StopPointRef>630062218</StopPointRef>
          <TimingStatus>OTH</TimingStatus>
        </From>
        <To>
          <StopPointRef>630060426</StopPointRef>
          <TimingStatus>OTH</TimingStatus>
        </To>
        <RouteLinkRef>ABAO271A001_20911</RouteLinkRef>
        <Direction>inbound</Direction>
        <RunTime>PT180S</RunTime>
      </JourneyPatternTimingLink>
      <JourneyPatternTimingLink id="JPS_ABAO271A-4_20912">
        <From>
          <StopPointRef>630060426</StopPointRef>
          <TimingStatus>OTH</TimingStatus>
        </From>
        <To>
          <StopPointRef>630023091</StopPointRef>
          <TimingStatus>OTH</TimingStatus>
        </To>
        <RouteLinkRef>ABAO271A001_20912</RouteLinkRef>
        <Direction>inbound</Direction>
        <RunTime>PT60S</RunTime>
      </JourneyPatternTimingLink>
      <JourneyPatternTimingLink id="JPS_ABAO271A-4_20913">
        <From>
          <StopPointRef>630023091</StopPointRef>
          <TimingStatus>OTH</TimingStatus>
        </From>
        <To>
          <StopPointRef>630023081</StopPointRef>
          <TimingStatus>OTH</TimingStatus>
        </To>
        <RouteLinkRef>ABAO271A001_20913</RouteLinkRef>
        <Direction>inbound</Direction>
        <RunTime>PT60S</RunTime>
      </JourneyPatternTimingLink>
      <JourneyPatternTimingLink id="JPS_ABAO271A-4_20914">
        <From>
          <StopPointRef>630023081</StopPointRef>
          <TimingStatus>OTH</TimingStatus>
        </From>
        <To>
          <StopPointRef>630023071</StopPointRef>
          <TimingStatus>OTH</TimingStatus>
        </To>
        <RouteLinkRef>ABAO271A001_20914</RouteLinkRef>
        <Direction>inbound</Direction>
        <RunTime>PT0S</RunTime>
      </JourneyPatternTimingLink>
      <JourneyPatternTimingLink id="JPS_ABAO271A-4_20915">
        <From>
          <StopPointRef>630023071</StopPointRef>
          <TimingStatus>OTH</TimingStatus>
        </From>
        <To>
          <StopPointRef>630023061</StopPointRef>
          <TimingStatus>OTH</TimingStatus>
        </To>
        <RouteLinkRef>ABAO271A001_20915</RouteLinkRef>
        <Direction>inbound</Direction>
        <RunTime>PT0S</RunTime>
      </JourneyPatternTimingLink>
      <JourneyPatternTimingLink id="JPS_ABAO271A-4_20916">
        <From>
          <StopPointRef>630023061</StopPointRef>
          <TimingStatus>OTH</TimingStatus>
        </From>
        <To>
          <StopPointRef>630023062</StopPointRef>
          <TimingStatus>PTP</TimingStatus>
        </To>
        <RouteLinkRef>ABAO271A001_20916</RouteLinkRef>
        <Direction>inbound</Direction>
        <RunTime>PT60S</RunTime>
      </JourneyPatternTimingLink>
    </JourneyPatternSection>
  </JourneyPatternSections>
  <Operators>
    <Operator id="BLB">
      <NationalOperatorCode>SBLB</NationalOperatorCode>
      <OperatorCode>BLB</OperatorCode>
      <OperatorShortName>Stagecoach North Scotlan</OperatorShortName>
    </Operator>
  </Operators>
  <Services>
    <Service>
      <ServiceCode>ABAO271A</ServiceCode>
      <Lines>
        <Line id="0">
          <LineName>271A</LineName>
        </Line>
      </Lines>
      <OperatingPeriod>
        <StartDate>2019-04-15</StartDate>
        <EndDate>2020-04-15</EndDate>
      </OperatingPeriod>
      <RegisteredOperatorRef>BLB</RegisteredOperatorRef>
      <StopRequirements>
        <NoNewStopsRequired />
      </StopRequirements>
      <Mode>bus</Mode>
      <Description>Fraserburgh - Banff</Description>
      <StandardService>
        <Origin>Fraserburgh</Origin>
        <Destination>Banff</Destination>
        <JourneyPattern id="JPS_ABAO271A-3">
          <Direction>inbound</Direction>
          <JourneyPatternSectionRefs>JPS_ABAO271A-3</JourneyPatternSectionRefs>
        </JourneyPattern>
        <JourneyPattern id="JPS_ABAO271A-4">
          <Direction>inbound</Direction>
          <JourneyPatternSectionRefs>JPS_ABAO271A-4</JourneyPatternSectionRefs>
        </JourneyPattern>
      </StandardService>
    </Service>
  </Services>
  <VehicleJourneys>
    <VehicleJourney>
      <OperatorRef>BLB</OperatorRef>
      <OperatingProfile>
        <RegularDayType>
          <DaysOfWeek>
            <Monday />
            <Tuesday />
            <Wednesday />
            <Thursday />
            <Friday />
          </DaysOfWeek>
        </RegularDayType>
        <SpecialDaysOperation>
          <DaysOfNonOperation>
            <DateRange>
              <StartDate>2019-12-25</StartDate>
              <EndDate>2019-12-26</EndDate>
            </DateRange>
            <DateRange>
              <StartDate>2020-01-01</StartDate>
              <EndDate>2020-01-02</EndDate>
            </DateRange>
          </DaysOfNonOperation>
        </SpecialDaysOperation>
      </OperatingProfile>
      <VehicleJourneyCode>9318</VehicleJourneyCode>
      <ServiceRef>ABAO271A</ServiceRef>
      <LineRef>0</LineRef>
      <JourneyPatternRef>JPS_ABAO271A-3</JourneyPatternRef>
      <DepartureTime>16:43:00</DepartureTime>
    </VehicleJourney>
    <VehicleJourney>
      <OperatorRef>BLB</OperatorRef>
      <OperatingProfile>
        <RegularDayType>
          <DaysOfWeek>
            <Monday />
            <Tuesday />
            <Wednesday />
            <Thursday />
            <Friday />
          </DaysOfWeek>
        </RegularDayType>
        <SpecialDaysOperation>
          <DaysOfNonOperation>
            <DateRange>
              <StartDate>2019-12-25</StartDate>
              <EndDate>2019-12-26</EndDate>
            </DateRange>
            <DateRange>
              <StartDate>2020-01-01</StartDate>
              <EndDate>2020-01-02</EndDate>
            </DateRange>
          </DaysOfNonOperation>
        </SpecialDaysOperation>
      </OperatingProfile>
      <VehicleJourneyCode>9319</VehicleJourneyCode>
      <ServiceRef>ABAO271A</ServiceRef>
      <LineRef>0</LineRef>
      <JourneyPatternRef>JPS_ABAO271A-4</JourneyPatternRef>
      <DepartureTime>16:00:00</DepartureTime>
    </VehicleJourney>
  </VehicleJourneys>
</TransXChange>