<?xml version="1.0" encoding="utf-8"?>
<TransXChange xmlns:xsi="http://www.w3.org/2001/XMLSchema-instance" xmlns:xsd="http://www.w3.org/2001/XMLSchema" xsi:schemaLocation="http://www.transxchange.org.uk/ http://www.transxchange.org.uk/schema/2.1/TransXChange_general.xsd" CreationDateTime="2019-10-07T13:05:00-00:00" ModificationDateTime="2019-10-07T13:05:00-00:00" Modification="new" RevisionNumber="0" FileName="SVRABAO183.xml" SchemaVersion="2.1" RegistrationDocument="false" xmlns="http://www.transxchange.org.uk/">
  <ServicedOrganisations>
    <ServicedOrganisation>
      <OrganisationCode>79</OrganisationCode>
      <Name>
QE0 : Cif-SER183-FAB-20190819_20190725_194902.cif
</Name>
      <WorkingDays>
        <DateRange>
          <StartDate>2019-10-13</StartDate>
          <EndDate>2019-10-26</EndDate>
        </DateRange>
        <DateRange>
          <StartDate>2019-11-17</StartDate>
          <EndDate>2019-11-19</EndDate>
        </DateRange>
        <DateRange>
          <StartDate>2019-12-22</StartDate>
          <EndDate>2020-01-04</EndDate>
        </DateRange>
        <DateRange>
          <StartDate>2020-02-16</StartDate>
          <EndDate>2020-02-19</EndDate>
        </DateRange>
        <DateRange>
          <StartDate>2020-04-05</StartDate>
          <EndDate>2020-04-18</EndDate>
        </DateRange>
        <DateRange>
          <StartDate>2020-07-05</StartDate>
          <EndDate>2021-01-03</EndDate>
        </DateRange>
        <DateRange>
          <StartDate>2021-01-05</StartDate>
          <EndDate>2021-08-19</EndDate>
        </DateRange>
      </WorkingDays>
    </ServicedOrganisation>
    <ServicedOrganisation>
      <OrganisationCode>80</OrganisationCode>
      <Name>
QE0 : Cif-SER183-FAB-20190819_20190725_194902.cif
</Name>
      <WorkingDays>
        <DateRange>
          <StartDate>2019-10-13</StartDate>
          <EndDate>2019-10-26</EndDate>
        </DateRange>
        <DateRange>
          <StartDate>2019-11-17</StartDate>
          <EndDate>2019-11-23</EndDate>
        </DateRange>
        <DateRange>
          <StartDate>2019-12-22</StartDate>
          <EndDate>2020-01-04</EndDate>
        </DateRange>
        <DateRange>
          <StartDate>2020-02-16</StartDate>
          <EndDate>2020-02-22</EndDate>
        </DateRange>
        <DateRange>
          <StartDate>2020-04-05</StartDate>
          <EndDate>2020-04-18</EndDate>
        </DateRange>
        <DateRange>
          <StartDate>2020-07-05</StartDate>
          <EndDate>2021-01-03</EndDate>
        </DateRange>
        <DateRange>
          <StartDate>2021-01-05</StartDate>
          <EndDate>2021-08-19</EndDate>
        </DateRange>
      </WorkingDays>
    </ServicedOrganisation>
    <ServicedOrganisation>
      <OrganisationCode>81</OrganisationCode>
      <Name>
QE0 : Cif-SER183-FAB-20190819_20190725_194902.cif
</Name>
      <WorkingDays>
        <DateRange>
          <StartDate>2019-10-13</StartDate>
          <EndDate>2019-10-26</EndDate>
        </DateRange>
        <DateRange>
          <StartDate>2019-12-22</StartDate>
          <EndDate>2020-01-04</EndDate>
        </DateRange>
        <DateRange>
          <StartDate>2020-02-16</StartDate>
          <EndDate>2020-02-19</EndDate>
        </DateRange>
        <DateRange>
          <StartDate>2020-04-05</StartDate>
          <EndDate>2020-04-18</EndDate>
        </DateRange>
        <DateRange>
          <StartDate>2020-07-05</StartDate>
          <EndDate>2021-08-19</EndDate>
        </DateRange>
      </WorkingDays>
    </ServicedOrganisation>
  </ServicedOrganisations>
  <StopPoints>
    <AnnotatedStopPointRef>
      <StopPointRef>639002341</StopPointRef>
      <CommonName>Duthie Park</CommonName>
    </AnnotatedStopPointRef>
    <AnnotatedStopPointRef>
      <StopPointRef>639002431</StopPointRef>
      <CommonName>Kincorth Crescent</CommonName>
    </AnnotatedStopPointRef>
    <AnnotatedStopPointRef>
      <StopPointRef>639002441</StopPointRef>
      <CommonName>Abbotswell Crescent</CommonName>
    </AnnotatedStopPointRef>
    <AnnotatedStopPointRef>
      <StopPointRef>639002451</StopPointRef>
      <CommonName>Corthan Crescent</CommonName>
    </AnnotatedStopPointRef>
    <AnnotatedStopPointRef>
      <StopPointRef>639002471</StopPointRef>
      <CommonName>Shops</CommonName>
    </AnnotatedStopPointRef>
    <AnnotatedStopPointRef>
      <StopPointRef>639002482</StopPointRef>
      <CommonName>Tollohill Square</CommonName>
    </AnnotatedStopPointRef>
    <AnnotatedStopPointRef>
      <StopPointRef>639002491</StopPointRef>
      <CommonName>Arbroath Place</CommonName>
    </AnnotatedStopPointRef>
    <AnnotatedStopPointRef>
      <StopPointRef>639002501</StopPointRef>
      <CommonName>Abbotswell Crescent</CommonName>
    </AnnotatedStopPointRef>
    <AnnotatedStopPointRef>
      <StopPointRef>639002511</StopPointRef>
      <CommonName>Tollohill Place</CommonName>
    </AnnotatedStopPointRef>
    <AnnotatedStopPointRef>
      <StopPointRef>639002521</StopPointRef>
      <CommonName>Nigg Way</CommonName>
    </AnnotatedStopPointRef>
    <AnnotatedStopPointRef>
      <StopPointRef>639002531</StopPointRef>
      <CommonName>Redmoss Road</CommonName>
    </AnnotatedStopPointRef>
    <AnnotatedStopPointRef>
      <StopPointRef>639002942</StopPointRef>
      <CommonName>Redmoss Park</CommonName>
    </AnnotatedStopPointRef>
    <AnnotatedStopPointRef>
      <StopPointRef>639002932</StopPointRef>
      <CommonName>Souter Head Road</CommonName>
    </AnnotatedStopPointRef>
    <AnnotatedStopPointRef>
      <StopPointRef>639067025</StopPointRef>
      <CommonName>Lochside Academy</CommonName>
    </AnnotatedStopPointRef>
    <AnnotatedStopPointRef>
      <StopPointRef>639002931</StopPointRef>
      <CommonName>Souter Head Road</CommonName>
    </AnnotatedStopPointRef>
    <AnnotatedStopPointRef>
      <StopPointRef>639002941</StopPointRef>
      <CommonName>Redmoss Park</CommonName>
    </AnnotatedStopPointRef>
    <AnnotatedStopPointRef>
      <StopPointRef>639002532</StopPointRef>
      <CommonName>Redmoss Road</CommonName>
    </AnnotatedStopPointRef>
    <AnnotatedStopPointRef>
      <StopPointRef>639002522</StopPointRef>
      <CommonName>Nigg Way</CommonName>
    </AnnotatedStopPointRef>
    <AnnotatedStopPointRef>
      <StopPointRef>639002512</StopPointRef>
      <CommonName>Tollohill Place</CommonName>
    </AnnotatedStopPointRef>
    <AnnotatedStopPointRef>
      <StopPointRef>639002502</StopPointRef>
      <CommonName>Abbotswell Crescent</CommonName>
    </AnnotatedStopPointRef>
    <AnnotatedStopPointRef>
      <StopPointRef>639002492</StopPointRef>
      <CommonName>Cairngorm Crescent</CommonName>
    </AnnotatedStopPointRef>
    <AnnotatedStopPointRef>
      <StopPointRef>639002481</StopPointRef>
      <CommonName>Tollohill Square</CommonName>
    </AnnotatedStopPointRef>
    <AnnotatedStopPointRef>
      <StopPointRef>639002472</StopPointRef>
      <CommonName>Shops</CommonName>
    </AnnotatedStopPointRef>
    <AnnotatedStopPointRef>
      <StopPointRef>639002462</StopPointRef>
      <CommonName>Faulds Row</CommonName>
    </AnnotatedStopPointRef>
    <AnnotatedStopPointRef>
      <StopPointRef>639002452</StopPointRef>
      <CommonName>Faulds Gate</CommonName>
    </AnnotatedStopPointRef>
    <AnnotatedStopPointRef>
      <StopPointRef>639002442</StopPointRef>
      <CommonName>Abbotswell Drive</CommonName>
    </AnnotatedStopPointRef>
    <AnnotatedStopPointRef>
      <StopPointRef>639002432</StopPointRef>
      <CommonName>Kincorth Crescent</CommonName>
    </AnnotatedStopPointRef>
    <AnnotatedStopPointRef>
      <StopPointRef>639002342</StopPointRef>
      <CommonName>Duthie Park</CommonName>
    </AnnotatedStopPointRef>
  </StopPoints>
  <RouteSections>
    <RouteSection id="ABAO183_006">
      <RouteLink id="ABAO183_006_18562">
        <From>
          <StopPointRef>639002341</StopPointRef>
        </From>
        <To>
          <StopPointRef>639002431</StopPointRef>
        </To>
        <Direction>inbound</Direction>
      </RouteLink>
      <RouteLink id="ABAO183_006_18563">
        <From>
          <StopPointRef>639002431</StopPointRef>
        </From>
        <To>
          <StopPointRef>639002441</StopPointRef>
        </To>
        <Direction>inbound</Direction>
      </RouteLink>
      <RouteLink id="ABAO183_006_18564">
        <From>
          <StopPointRef>639002441</StopPointRef>
        </From>
        <To>
          <StopPointRef>639002451</StopPointRef>
        </To>
        <Direction>inbound</Direction>
      </RouteLink>
      <RouteLink id="ABAO183_006_18565">
        <From>
          <StopPointRef>639002451</StopPointRef>
        </From>
        <To>
          <StopPointRef>639002471</StopPointRef>
        </To>
        <Direction>inbound</Direction>
      </RouteLink>
      <RouteLink id="ABAO183_006_18566">
        <From>
          <StopPointRef>639002471</StopPointRef>
        </From>
        <To>
          <StopPointRef>639002482</StopPointRef>
        </To>
        <Direction>inbound</Direction>
      </RouteLink>
      <RouteLink id="ABAO183_006_18567">
        <From>
          <StopPointRef>639002482</StopPointRef>
        </From>
        <To>
          <StopPointRef>639002491</StopPointRef>
        </To>
        <Direction>inbound</Direction>
      </RouteLink>
      <RouteLink id="ABAO183_006_18568">
        <From>
          <StopPointRef>639002491</StopPointRef>
        </From>
        <To>
          <StopPointRef>639002501</StopPointRef>
        </To>
        <Direction>inbound</Direction>
      </RouteLink>
      <RouteLink id="ABAO183_006_18569">
        <From>
          <StopPointRef>639002501</StopPointRef>
        </From>
        <To>
          <StopPointRef>639002511</StopPointRef>
        </To>
        <Direction>inbound</Direction>
      </RouteLink>
      <RouteLink id="ABAO183_006_18570">
        <From>
          <StopPointRef>639002511</StopPointRef>
        </From>
        <To>
          <StopPointRef>639002521</StopPointRef>
        </To>
        <Direction>inbound</Direction>
      </RouteLink>
      <RouteLink id="ABAO183_006_18571">
        <From>
          <StopPointRef>639002521</StopPointRef>
        </From>
        <To>
          <StopPointRef>639002531</StopPointRef>
        </To>
        <Direction>inbound</Direction>
      </RouteLink>
      <RouteLink id="ABAO183_006_18572">
        <From>
          <StopPointRef>639002531</StopPointRef>
        </From>
        <To>
          <StopPointRef>639002942</StopPointRef>
        </To>
        <Direction>inbound</Direction>
      </RouteLink>
      <RouteLink id="ABAO183_006_18573">
        <From>
          <StopPointRef>639002942</StopPointRef>
        </From>
        <To>
          <StopPointRef>639002932</StopPointRef>
        </To>
        <Direction>inbound</Direction>
      </RouteLink>
      <RouteLink id="ABAO183_006_18574">
        <From>
          <StopPointRef>639002932</StopPointRef>
        </From>
        <To>
          <StopPointRef>639067025</StopPointRef>
        </To>
        <Direction>inbound</Direction>
      </RouteLink>
    </RouteSection>
    <RouteSection id="ABAO183_005">
      <RouteLink id="ABAO183_005_18576">
        <From>
          <StopPointRef>639067025</StopPointRef>
        </From>
        <To>
          <StopPointRef>639002931</StopPointRef>
        </To>
        <Direction>outbound</Direction>
      </RouteLink>
      <RouteLink id="ABAO183_005_18577">
        <From>
          <StopPointRef>639002931</StopPointRef>
        </From>
        <To>
          <StopPointRef>639002941</StopPointRef>
        </To>
        <Direction>outbound</Direction>
      </RouteLink>
      <RouteLink id="ABAO183_005_18578">
        <From>
          <StopPointRef>639002941</StopPointRef>
        </From>
        <To>
          <StopPointRef>639002532</StopPointRef>
        </To>
        <Direction>outbound</Direction>
      </RouteLink>
      <RouteLink id="ABAO183_005_18579">
        <From>
          <StopPointRef>639002532</StopPointRef>
        </From>
        <To>
          <StopPointRef>639002522</StopPointRef>
        </To>
        <Direction>outbound</Direction>
      </RouteLink>
      <RouteLink id="ABAO183_005_18580">
        <From>
          <StopPointRef>639002522</StopPointRef>
        </From>
        <To>
          <StopPointRef>639002512</StopPointRef>
        </To>
        <Direction>outbound</Direction>
      </RouteLink>
      <RouteLink id="ABAO183_005_18581">
        <From>
          <StopPointRef>639002512</StopPointRef>
        </From>
        <To>
          <StopPointRef>639002502</StopPointRef>
        </To>
        <Direction>outbound</Direction>
      </RouteLink>
      <RouteLink id="ABAO183_005_18582">
        <From>
          <StopPointRef>639002502</StopPointRef>
        </From>
        <To>
          <StopPointRef>639002492</StopPointRef>
        </To>
        <Direction>outbound</Direction>
      </RouteLink>
      <RouteLink id="ABAO183_005_18583">
        <From>
          <StopPointRef>639002492</StopPointRef>
        </From>
        <To>
          <StopPointRef>639002481</StopPointRef>
        </To>
        <Direction>outbound</Direction>
      </RouteLink>
      <RouteLink id="ABAO183_005_18584">
        <From>
          <StopPointRef>639002481</StopPointRef>
        </From>
        <To>
          <StopPointRef>639002472</StopPointRef>
        </To>
        <Direction>outbound</Direction>
      </RouteLink>
      <RouteLink id="ABAO183_005_18585">
        <From>
          <StopPointRef>639002472</StopPointRef>
        </From>
        <To>
          <StopPointRef>639002462</StopPointRef>
        </To>
        <Direction>outbound</Direction>
      </RouteLink>
      <RouteLink id="ABAO183_005_18586">
        <From>
          <StopPointRef>639002462</StopPointRef>
        </From>
        <To>
          <StopPointRef>639002452</StopPointRef>
        </To>
        <Direction>outbound</Direction>
      </RouteLink>
      <RouteLink id="ABAO183_005_18587">
        <From>
          <StopPointRef>639002452</StopPointRef>
        </From>
        <To>
          <StopPointRef>639002442</StopPointRef>
        </To>
        <Direction>outbound</Direction>
      </RouteLink>
      <RouteLink id="ABAO183_005_18588">
        <From>
          <StopPointRef>639002442</StopPointRef>
        </From>
        <To>
          <StopPointRef>639002432</StopPointRef>
        </To>
        <Direction>outbound</Direction>
      </RouteLink>
      <RouteLink id="ABAO183_005_18589">
        <From>
          <StopPointRef>639002432</StopPointRef>
        </From>
        <To>
          <StopPointRef>639002342</StopPointRef>
        </To>
        <Direction>outbound</Direction>
      </RouteLink>
    </RouteSection>
  </RouteSections>
  <Routes>
    <Route id="ABAO183_006">
      <Description>Duthie Park - Lochside Academy via Kincorth
</Description>
      <RouteSectionRef>ABAO183_006</RouteSectionRef>
    </Route>
    <Route id="ABAO183_005">
      <Description>Lochside Academy - Duthie Park via Kincorth
</Description>
      <RouteSectionRef>ABAO183_005</RouteSectionRef>
    </Route>
  </Routes>
  <JourneyPatternSections>
    <JourneyPatternSection id="JPS_ABAO183-3">
      <JourneyPatternTimingLink id="JPS_ABAO183-3_18562">
        <From>
          <StopPointRef>639002341</StopPointRef>
          <TimingStatus>PTP</TimingStatus>
        </From>
        <To>
          <StopPointRef>639002431</StopPointRef>
          <TimingStatus>OTH</TimingStatus>
        </To>
        <RouteLinkRef>ABAO183_006_18562</RouteLinkRef>
        <Direction>inbound</Direction>
        <RunTime>PT120S</RunTime>
      </JourneyPatternTimingLink>
      <JourneyPatternTimingLink id="JPS_ABAO183-3_18563">
        <From>
          <StopPointRef>639002431</StopPointRef>
          <TimingStatus>OTH</TimingStatus>
        </From>
        <To>
          <StopPointRef>639002441</StopPointRef>
          <TimingStatus>OTH</TimingStatus>
        </To>
        <RouteLinkRef>ABAO183_006_18563</RouteLinkRef>
        <Direction>inbound</Direction>
        <RunTime>PT60S</RunTime>
      </JourneyPatternTimingLink>
      <JourneyPatternTimingLink id="JPS_ABAO183-3_18564">
        <From>
          <StopPointRef>639002441</StopPointRef>
          <TimingStatus>OTH</TimingStatus>
        </From>
        <To>
          <StopPointRef>639002451</StopPointRef>
          <TimingStatus>OTH</TimingStatus>
        </To>
        <RouteLinkRef>ABAO183_006_18564</RouteLinkRef>
        <Direction>inbound</Direction>
        <RunTime>PT0S</RunTime>
      </JourneyPatternTimingLink>
      <JourneyPatternTimingLink id="JPS_ABAO183-3_18565">
        <From>
          <StopPointRef>639002451</StopPointRef>
          <TimingStatus>OTH</TimingStatus>
        </From>
        <To>
          <StopPointRef>639002471</StopPointRef>
          <TimingStatus>PTP</TimingStatus>
        </To>
        <RouteLinkRef>ABAO183_006_18565</RouteLinkRef>
        <Direction>inbound</Direction>
        <RunTime>PT120S</RunTime>
      </JourneyPatternTimingLink>
      <JourneyPatternTimingLink id="JPS_ABAO183-3_18566">
        <From>
          <StopPointRef>639002471</StopPointRef>
          <TimingStatus>PTP</TimingStatus>
        </From>
        <To>
          <StopPointRef>639002482</StopPointRef>
          <TimingStatus>OTH</TimingStatus>
        </To>
        <RouteLinkRef>ABAO183_006_18566</RouteLinkRef>
        <Direction>inbound</Direction>
        <RunTime>PT60S</RunTime>
      </JourneyPatternTimingLink>
      <JourneyPatternTimingLink id="JPS_ABAO183-3_18567">
        <From>
          <StopPointRef>639002482</StopPointRef>
          <TimingStatus>OTH</TimingStatus>
        </From>
        <To>
          <StopPointRef>639002491</StopPointRef>
          <TimingStatus>OTH</TimingStatus>
        </To>
        <RouteLinkRef>ABAO183_006_18567</RouteLinkRef>
        <Direction>inbound</Direction>
        <RunTime>PT120S</RunTime>
      </JourneyPatternTimingLink>
      <JourneyPatternTimingLink id="JPS_ABAO183-3_18568">
        <From>
          <StopPointRef>639002491</StopPointRef>
          <TimingStatus>OTH</TimingStatus>
        </From>
        <To>
          <StopPointRef>639002501</StopPointRef>
          <TimingStatus>OTH</TimingStatus>
        </To>
        <RouteLinkRef>ABAO183_006_18568</RouteLinkRef>
        <Direction>inbound</Direction>
        <RunTime>PT60S</RunTime>
      </JourneyPatternTimingLink>
      <JourneyPatternTimingLink id="JPS_ABAO183-3_18569">
        <From>
          <StopPointRef>639002501</StopPointRef>
          <TimingStatus>OTH</TimingStatus>
        </From>
        <To>
          <StopPointRef>639002511</StopPointRef>
          <TimingStatus>OTH</TimingStatus>
        </To>
        <RouteLinkRef>ABAO183_006_18569</RouteLinkRef>
        <Direction>inbound</Direction>
        <RunTime>PT60S</RunTime>
      </JourneyPatternTimingLink>
      <JourneyPatternTimingLink id="JPS_ABAO183-3_18570">
        <From>
          <StopPointRef>639002511</StopPointRef>
          <TimingStatus>OTH</TimingStatus>
        </From>
        <To>
          <StopPointRef>639002521</StopPointRef>
          <TimingStatus>OTH</TimingStatus>
        </To>
        <RouteLinkRef>ABAO183_006_18570</RouteLinkRef>
        <Direction>inbound</Direction>
        <RunTime>PT60S</RunTime>
      </JourneyPatternTimingLink>
      <JourneyPatternTimingLink id="JPS_ABAO183-3_18571">
        <From>
          <StopPointRef>639002521</StopPointRef>
          <TimingStatus>OTH</TimingStatus>
        </From>
        <To>
          <StopPointRef>639002531</StopPointRef>
          <TimingStatus>OTH</TimingStatus>
        </To>
        <RouteLinkRef>ABAO183_006_18571</RouteLinkRef>
        <Direction>inbound</Direction>
        <RunTime>PT120S</RunTime>
      </JourneyPatternTimingLink>
      <JourneyPatternTimingLink id="JPS_ABAO183-3_18572">
        <From>
          <StopPointRef>639002531</StopPointRef>
          <TimingStatus>OTH</TimingStatus>
        </From>
        <To>
          <StopPointRef>639002942</StopPointRef>
          <TimingStatus>OTH</TimingStatus>
        </To>
        <RouteLinkRef>ABAO183_006_18572</RouteLinkRef>
        <Direction>inbound</Direction>
        <RunTime>PT180S</RunTime>
      </JourneyPatternTimingLink>
      <JourneyPatternTimingLink id="JPS_ABAO183-3_18573">
        <From>
          <StopPointRef>639002942</StopPointRef>
          <TimingStatus>OTH</TimingStatus>
        </From>
        <To>
          <StopPointRef>639002932</StopPointRef>
          <TimingStatus>OTH</TimingStatus>
        </To>
        <RouteLinkRef>ABAO183_006_18573</RouteLinkRef>
        <Direction>inbound</Direction>
        <RunTime>PT180S</RunTime>
      </JourneyPatternTimingLink>
      <JourneyPatternTimingLink id="JPS_ABAO183-3_18574">
        <From>
          <StopPointRef>639002932</StopPointRef>
          <TimingStatus>OTH</TimingStatus>
        </From>
        <To>
          <StopPointRef>639067025</StopPointRef>
          <TimingStatus>PTP</TimingStatus>
        </To>
        <RouteLinkRef>ABAO183_006_18574</RouteLinkRef>
        <Direction>inbound</Direction>
        <RunTime>PT60S</RunTime>
      </JourneyPatternTimingLink>
    </JourneyPatternSection>
    <JourneyPatternSection id="JPS_ABAO183-4">
      <JourneyPatternTimingLink id="JPS_ABAO183-4_18576">
        <From>
          <StopPointRef>639067025</StopPointRef>
          <TimingStatus>PTP</TimingStatus>
        </From>
        <To>
          <StopPointRef>639002931</StopPointRef>
          <TimingStatus>OTH</TimingStatus>
        </To>
        <RouteLinkRef>ABAO183_005_18576</RouteLinkRef>
        <Direction>outbound</Direction>
        <RunTime>PT0S</RunTime>
      </JourneyPatternTimingLink>
      <JourneyPatternTimingLink id="JPS_ABAO183-4_18577">
        <From>
          <StopPointRef>639002931</StopPointRef>
          <TimingStatus>OTH</TimingStatus>
        </From>
        <To>
          <StopPointRef>639002941</StopPointRef>
          <TimingStatus>OTH</TimingStatus>
        </To>
        <RouteLinkRef>ABAO183_005_18577</RouteLinkRef>
        <Direction>outbound</Direction>
        <RunTime>PT120S</RunTime>
      </JourneyPatternTimingLink>
      <JourneyPatternTimingLink id="JPS_ABAO183-4_18578">
        <From>
          <StopPointRef>639002941</StopPointRef>
          <TimingStatus>OTH</TimingStatus>
        </From>
        <To>
          <StopPointRef>639002532</StopPointRef>
          <TimingStatus>OTH</TimingStatus>
        </To>
        <RouteLinkRef>ABAO183_005_18578</RouteLinkRef>
        <Direction>outbound</Direction>
        <RunTime>PT120S</RunTime>
      </JourneyPatternTimingLink>
      <JourneyPatternTimingLink id="JPS_ABAO183-4_18579">
        <From>
          <StopPointRef>639002532</StopPointRef>
          <TimingStatus>OTH</TimingStatus>
        </From>
        <To>
          <StopPointRef>639002522</StopPointRef>
          <TimingStatus>OTH</TimingStatus>
        </To>
        <RouteLinkRef>ABAO183_005_18579</RouteLinkRef>
        <Direction>outbound</Direction>
        <RunTime>PT0S</RunTime>
      </JourneyPatternTimingLink>
      <JourneyPatternTimingLink id="JPS_ABAO183-4_18580">
        <From>
          <StopPointRef>639002522</StopPointRef>
          <TimingStatus>OTH</TimingStatus>
        </From>
        <To>
          <StopPointRef>639002512</StopPointRef>
          <TimingStatus>OTH</TimingStatus>
        </To>
        <RouteLinkRef>ABAO183_005_18580</RouteLinkRef>
        <Direction>outbound</Direction>
        <RunTime>PT60S</RunTime>
      </JourneyPatternTimingLink>
      <JourneyPatternTimingLink id="JPS_ABAO183-4_18581">
        <From>
          <StopPointRef>639002512</StopPointRef>
          <TimingStatus>OTH</TimingStatus>
        </From>
        <To>
          <StopPointRef>639002502</StopPointRef>
          <TimingStatus>OTH</TimingStatus>
        </To>
        <RouteLinkRef>ABAO183_005_18581</RouteLinkRef>
        <Direction>outbound</Direction>
        <RunTime>PT60S</RunTime>
      </JourneyPatternTimingLink>
      <JourneyPatternTimingLink id="JPS_ABAO183-4_18582">
        <From>
          <StopPointRef>639002502</StopPointRef>
          <TimingStatus>OTH</TimingStatus>
        </From>
        <To>
          <StopPointRef>639002492</StopPointRef>
          <TimingStatus>OTH</TimingStatus>
        </To>
        <RouteLinkRef>ABAO183_005_18582</RouteLinkRef>
        <Direction>outbound</Direction>
        <RunTime>PT60S</RunTime>
      </JourneyPatternTimingLink>
      <JourneyPatternTimingLink id="JPS_ABAO183-4_18583">
        <From>
          <StopPointRef>639002492</StopPointRef>
          <TimingStatus>OTH</TimingStatus>
        </From>
        <To>
          <StopPointRef>639002481</StopPointRef>
          <TimingStatus>OTH</TimingStatus>
        </To>
        <RouteLinkRef>ABAO183_005_18583</RouteLinkRef>
        <Direction>outbound</Direction>
        <RunTime>PT60S</RunTime>
      </JourneyPatternTimingLink>
      <JourneyPatternTimingLink id="JPS_ABAO183-4_18584">
        <From>
          <StopPointRef>639002481</StopPointRef>
          <TimingStatus>OTH</TimingStatus>
        </From>
        <To>
          <StopPointRef>639002472</StopPointRef>
          <TimingStatus>OTH</TimingStatus>
        </To>
        <RouteLinkRef>ABAO183_005_18584</RouteLinkRef>
        <Direction>outbound</Direction>
        <RunTime>PT60S</RunTime>
      </JourneyPatternTimingLink>
      <JourneyPatternTimingLink id="JPS_ABAO183-4_18585">
        <From>
          <StopPointRef>639002472</StopPointRef>
          <TimingStatus>OTH</TimingStatus>
        </From>
        <To>
          <StopPointRef>639002462</StopPointRef>
          <TimingStatus>OTH</TimingStatus>
        </To>
        <RouteLinkRef>ABAO183_005_18585</RouteLinkRef>
        <Direction>outbound</Direction>
        <RunTime>PT0S</RunTime>
      </JourneyPatternTimingLink>
      <JourneyPatternTimingLink id="JPS_ABAO183-4_18586">
        <From>
          <StopPointRef>639002462</StopPointRef>
          <TimingStatus>OTH</TimingStatus>
        </From>
        <To>
          <StopPointRef>639002452</StopPointRef>
          <TimingStatus>OTH</TimingStatus>
        </To>
        <RouteLinkRef>ABAO183_005_18586</RouteLinkRef>
        <Direction>outbound</Direction>
        <RunTime>PT60S</RunTime>
      </JourneyPatternTimingLink>
      <JourneyPatternTimingLink id="JPS_ABAO183-4_18587">
        <From>
          <StopPointRef>639002452</StopPointRef>
          <TimingStatus>OTH</TimingStatus>
        </From>
        <To>
          <StopPointRef>639002442</StopPointRef>
          <TimingStatus>OTH</TimingStatus>
        </To>
        <RouteLinkRef>ABAO183_005_18587</RouteLinkRef>
        <Direction>outbound</Direction>
        <RunTime>PT60S</RunTime>
      </JourneyPatternTimingLink>
      <JourneyPatternTimingLink id="JPS_ABAO183-4_18588">
        <From>
          <StopPointRef>639002442</StopPointRef>
          <TimingStatus>OTH</TimingStatus>
        </From>
        <To>
          <StopPointRef>639002432</StopPointRef>
          <TimingStatus>OTH</TimingStatus>
        </To>
        <RouteLinkRef>ABAO183_005_18588</RouteLinkRef>
        <Direction>outbound</Direction>
        <RunTime>PT60S</RunTime>
      </JourneyPatternTimingLink>
      <JourneyPatternTimingLink id="JPS_ABAO183-4_18589">
        <From>
          <StopPointRef>639002432</StopPointRef>
          <TimingStatus>OTH</TimingStatus>
        </From>
        <To>
          <StopPointRef>639002342</StopPointRef>
          <TimingStatus>PTP</TimingStatus>
        </To>
        <RouteLinkRef>ABAO183_005_18589</RouteLinkRef>
        <Direction>outbound</Direction>
        <RunTime>PT180S</RunTime>
      </JourneyPatternTimingLink>
    </JourneyPatternSection>
  </JourneyPatternSections>
  <Operators>
    <Operator id="FAB">
      <NationalOperatorCode>FABD</NationalOperatorCode>
      <OperatorCode>FAB</OperatorCode>
      <OperatorShortName>First Aberdeen</OperatorShortName>
    </Operator>
  </Operators>
  <Services>
    <Service>
      <ServiceCode>ABAO183</ServiceCode>
      <Lines>
        <Line id="0">
          <LineName>183</LineName>
        </Line>
      </Lines>
      <OperatingPeriod>
        <StartDate>2019-08-19</StartDate>
        <EndDate>2021-08-19</EndDate>
      </OperatingPeriod>
      <RegisteredOperatorRef>FAB</RegisteredOperatorRef>
      <StopRequirements>
        <NoNewStopsRequired />
      </StopRequirements>
      <Mode>bus</Mode>
      <Description>Lochside Academy - Duthie Park via Kincorth</Description>
      <StandardService>
        <Origin>Lochside Academy</Origin>
        <Destination>Duthie Park via Kincorth</Destination>
        <JourneyPattern id="JPS_ABAO183-3">
          <Direction>inbound</Direction>
          <JourneyPatternSectionRefs>JPS_ABAO183-3</JourneyPatternSectionRefs>
        </JourneyPattern>
        <JourneyPattern id="JPS_ABAO183-4">
          <Direction>outbound</Direction>
          <JourneyPatternSectionRefs>JPS_ABAO183-4</JourneyPatternSectionRefs>
        </JourneyPattern>
      </StandardService>
    </Service>
  </Services>
  <VehicleJourneys>
    <VehicleJourney>
      <OperatorRef>FAB</OperatorRef>
      <OperatingProfile>
        <RegularDayType>
          <DaysOfWeek>
            <Monday />
            <Tuesday />
            <Wednesday />
            <Thursday />
            <Friday />
          </DaysOfWeek>
        </RegularDayType>
        <ServicedOrganisationDayType>
          <DaysOfNonOperation>
            <WorkingDays>
              <ServicedOrganisationRef>79</ServicedOrganisationRef>
            </WorkingDays>
          </DaysOfNonOperation>
        </ServicedOrganisationDayType>
        <SpecialDaysOperation>
          <DaysOfNonOperation>
            <DateRange>
              <StartDate>2019-08-19</StartDate>
              <EndDate>2019-08-19</EndDate>
            </DateRange>
            <DateRange>
              <StartDate>2019-09-23</StartDate>
              <EndDate>2019-09-23</EndDate>
            </DateRange>
            <DateRange>
              <StartDate>2020-05-04</StartDate>
              <EndDate>2020-05-04</EndDate>
            </DateRange>
          </DaysOfNonOperation>
        </SpecialDaysOperation>
      </OperatingProfile>
      <VehicleJourneyCode>8861</VehicleJourneyCode>
      <ServiceRef>ABAO183</ServiceRef>
      <LineRef>0</LineRef>
      <JourneyPatternRef>JPS_ABAO183-3</JourneyPatternRef>
      <DepartureTime>08:01:00</DepartureTime>
    </VehicleJourney>
    <VehicleJourney>
      <OperatorRef>FAB</OperatorRef>
      <OperatingProfile>
        <RegularDayType>
          <DaysOfWeek>
            <Monday />
            <Tuesday />
          </DaysOfWeek>
        </RegularDayType>
        <ServicedOrganisationDayType>
          <DaysOfNonOperation>
            <WorkingDays>
              <ServicedOrganisationRef>80</ServicedOrganisationRef>
            </WorkingDays>
          </DaysOfNonOperation>
        </ServicedOrganisationDayType>
        <SpecialDaysOperation>
          <DaysOfNonOperation>
            <DateRange>
              <StartDate>2019-08-19</StartDate>
              <EndDate>2019-08-19</EndDate>
            </DateRange>
            <DateRange>
              <StartDate>2019-09-23</StartDate>
              <EndDate>2019-09-23</EndDate>
            </DateRange>
            <DateRange>
              <StartDate>2020-05-04</StartDate>
              <EndDate>2020-05-04</EndDate>
            </DateRange>
          </DaysOfNonOperation>
        </SpecialDaysOperation>
      </OperatingProfile>
      <VehicleJourneyCode>8862</VehicleJourneyCode>
      <ServiceRef>ABAO183</ServiceRef>
      <LineRef>0</LineRef>
      <JourneyPatternRef>JPS_ABAO183-4</JourneyPatternRef>
      <DepartureTime>15:50:00</DepartureTime>
    </VehicleJourney>
    <VehicleJourney>
      <OperatorRef>FAB</OperatorRef>
      <OperatingProfile>
        <RegularDayType>
          <DaysOfWeek>
            <Wednesday />
            <Thursday />
            <Friday />
          </DaysOfWeek>
        </RegularDayType>
        <ServicedOrganisationDayType>
          <DaysOfNonOperation>
            <WorkingDays>
              <ServicedOrganisationRef>81</ServicedOrganisationRef>
            </WorkingDays>
          </DaysOfNonOperation>
        </ServicedOrganisationDayType>
      </OperatingProfile>
      <VehicleJourneyCode>8863</VehicleJourneyCode>
      <ServiceRef>ABAO183</ServiceRef>
      <LineRef>0</LineRef>
      <JourneyPatternRef>JPS_ABAO183-4</JourneyPatternRef>
      <DepartureTime>15:00:00</DepartureTime>
    </VehicleJourney>
  </VehicleJourneys>
</TransXChange>