<?xml version="1.0" encoding="utf-8"?>
<TransXChange xmlns:xsi="http://www.w3.org/2001/XMLSchema-instance" xmlns:xsd="http://www.w3.org/2001/XMLSchema" xsi:schemaLocation="http://www.transxchange.org.uk/ http://www.transxchange.org.uk/schema/2.1/TransXChange_general.xsd" CreationDateTime="2019-10-07T12:18:00-00:00" ModificationDateTime="2019-10-07T12:18:00-00:00" Modification="new" RevisionNumber="0" FileName="SVRAGAO027B.xml" SchemaVersion="2.1" RegistrationDocument="false" xmlns="http://www.transxchange.org.uk/">
  <ServicedOrganisations>
    <ServicedOrganisation>
      <OrganisationCode>160</OrganisationCode>
      <Name>
QE0 : BUS.CIF
</Name>
      <WorkingDays>
        <DateRange>
          <StartDate>2019-10-05</StartDate>
          <EndDate>2019-10-20</EndDate>
        </DateRange>
        <DateRange>
          <StartDate>2019-12-04</StartDate>
          <EndDate>2019-12-08</EndDate>
        </DateRange>
        <DateRange>
          <StartDate>2019-12-21</StartDate>
          <EndDate>2020-01-05</EndDate>
        </DateRange>
        <DateRange>
          <StartDate>2020-02-13</StartDate>
          <EndDate>2020-02-17</EndDate>
        </DateRange>
        <DateRange>
          <StartDate>2020-04-04</StartDate>
          <EndDate>2020-04-19</EndDate>
        </DateRange>
        <DateRange>
          <StartDate>2020-05-02</StartDate>
          <EndDate>2020-05-04</EndDate>
        </DateRange>
        <DateRange>
          <StartDate>2020-05-23</StartDate>
          <EndDate>2020-05-25</EndDate>
        </DateRange>
        <DateRange>
          <StartDate>2020-06-27</StartDate>
          <EndDate>2049-12-31</EndDate>
        </DateRange>
      </WorkingDays>
    </ServicedOrganisation>
  </ServicedOrganisations>
  <StopPoints>
    <AnnotatedStopPointRef>
      <StopPointRef>6490IM238</StopPointRef>
      <CommonName>Community Campus</CommonName>
    </AnnotatedStopPointRef>
    <AnnotatedStopPointRef>
      <StopPointRef>6490IM476</StopPointRef>
      <CommonName>Zoar Inn</CommonName>
    </AnnotatedStopPointRef>
    <AnnotatedStopPointRef>
      <StopPointRef>6490IM194</StopPointRef>
      <CommonName>County Buildings</CommonName>
    </AnnotatedStopPointRef>
    <AnnotatedStopPointRef>
      <StopPointRef>6490IM772</StopPointRef>
      <CommonName>The Mart</CommonName>
    </AnnotatedStopPointRef>
    <AnnotatedStopPointRef>
      <StopPointRef>6490IM791</StopPointRef>
      <CommonName>Robert Street</CommonName>
    </AnnotatedStopPointRef>
    <AnnotatedStopPointRef>
      <StopPointRef>6490IM789</StopPointRef>
      <CommonName>North Street Dairy</CommonName>
    </AnnotatedStopPointRef>
    <AnnotatedStopPointRef>
      <StopPointRef>6490IM788</StopPointRef>
      <CommonName>Academy Street</CommonName>
    </AnnotatedStopPointRef>
    <AnnotatedStopPointRef>
      <StopPointRef>6490IM17902</StopPointRef>
      <CommonName>Lordburn</CommonName>
    </AnnotatedStopPointRef>
    <AnnotatedStopPointRef>
      <StopPointRef>6490IM199</StopPointRef>
      <CommonName>Shop</CommonName>
    </AnnotatedStopPointRef>
    <AnnotatedStopPointRef>
      <StopPointRef>6490IM1214</StopPointRef>
      <CommonName>Welton Corner</CommonName>
    </AnnotatedStopPointRef>
    <AnnotatedStopPointRef>
      <StopPointRef>6490IM1216</StopPointRef>
      <CommonName>Kingston Road</CommonName>
    </AnnotatedStopPointRef>
    <AnnotatedStopPointRef>
      <StopPointRef>6490IM269</StopPointRef>
      <CommonName>Old School</CommonName>
    </AnnotatedStopPointRef>
    <AnnotatedStopPointRef>
      <StopPointRef>6490IM1218</StopPointRef>
      <CommonName>Auchterforfar Road</CommonName>
    </AnnotatedStopPointRef>
    <AnnotatedStopPointRef>
      <StopPointRef>6490IM631</StopPointRef>
      <CommonName>Bus Shelter</CommonName>
    </AnnotatedStopPointRef>
    <AnnotatedStopPointRef>
      <StopPointRef>6490IM1223</StopPointRef>
      <CommonName>Nechtan Place</CommonName>
    </AnnotatedStopPointRef>
    <AnnotatedStopPointRef>
      <StopPointRef>6490IM1225</StopPointRef>
      <CommonName>Dundee Street</CommonName>
    </AnnotatedStopPointRef>
    <AnnotatedStopPointRef>
      <StopPointRef>6490IM026</StopPointRef>
      <CommonName>Kirkgait</CommonName>
    </AnnotatedStopPointRef>
    <AnnotatedStopPointRef>
      <StopPointRef>6490IM172</StopPointRef>
      <CommonName>Police Station</CommonName>
    </AnnotatedStopPointRef>
    <AnnotatedStopPointRef>
      <StopPointRef>6490IM182</StopPointRef>
      <CommonName>Denholm Gardens</CommonName>
    </AnnotatedStopPointRef>
    <AnnotatedStopPointRef>
      <StopPointRef>6490IM441</StopPointRef>
      <CommonName>Trumperton Road End</CommonName>
    </AnnotatedStopPointRef>
    <AnnotatedStopPointRef>
      <StopPointRef>6490IM633</StopPointRef>
      <CommonName>Road End</CommonName>
    </AnnotatedStopPointRef>
    <AnnotatedStopPointRef>
      <StopPointRef>6490IM934</StopPointRef>
      <CommonName>Milldens Road End</CommonName>
    </AnnotatedStopPointRef>
    <AnnotatedStopPointRef>
      <StopPointRef>6490IM1228</StopPointRef>
      <CommonName>Gardyne Road End</CommonName>
    </AnnotatedStopPointRef>
    <AnnotatedStopPointRef>
      <StopPointRef>6490IM260</StopPointRef>
      <CommonName>Guthrie Road End</CommonName>
    </AnnotatedStopPointRef>
    <AnnotatedStopPointRef>
      <StopPointRef>6490IM027</StopPointRef>
      <CommonName>Toll House</CommonName>
    </AnnotatedStopPointRef>
    <AnnotatedStopPointRef>
      <StopPointRef>6490IM1203</StopPointRef>
      <CommonName>Co-Op</CommonName>
    </AnnotatedStopPointRef>
    <AnnotatedStopPointRef>
      <StopPointRef>6490IM1205</StopPointRef>
      <CommonName>Middlegate</CommonName>
    </AnnotatedStopPointRef>
    <AnnotatedStopPointRef>
      <StopPointRef>6490IM1207</StopPointRef>
      <CommonName>Police Station</CommonName>
    </AnnotatedStopPointRef>
    <AnnotatedStopPointRef>
      <StopPointRef>6490IM257</StopPointRef>
      <CommonName>Bus Stance</CommonName>
    </AnnotatedStopPointRef>
    <AnnotatedStopPointRef>
      <StopPointRef>6490IM1208</StopPointRef>
      <CommonName>Police Station</CommonName>
    </AnnotatedStopPointRef>
    <AnnotatedStopPointRef>
      <StopPointRef>6490IM1206</StopPointRef>
      <CommonName>Middlegate</CommonName>
    </AnnotatedStopPointRef>
    <AnnotatedStopPointRef>
      <StopPointRef>6490IM1204</StopPointRef>
      <CommonName>Co-Op</CommonName>
    </AnnotatedStopPointRef>
    <AnnotatedStopPointRef>
      <StopPointRef>6490IM1437</StopPointRef>
      <CommonName>Toll House</CommonName>
    </AnnotatedStopPointRef>
    <AnnotatedStopPointRef>
      <StopPointRef>6490IM334</StopPointRef>
      <CommonName>Friockheim Road End</CommonName>
    </AnnotatedStopPointRef>
    <AnnotatedStopPointRef>
      <StopPointRef>6490IM1067</StopPointRef>
      <CommonName>Leysmill Road End</CommonName>
    </AnnotatedStopPointRef>
    <AnnotatedStopPointRef>
      <StopPointRef>6490IM439</StopPointRef>
      <CommonName>Colliston Inn</CommonName>
    </AnnotatedStopPointRef>
    <AnnotatedStopPointRef>
      <StopPointRef>6490IM336</StopPointRef>
      <CommonName>Condor Base old Entrance</CommonName>
    </AnnotatedStopPointRef>
    <AnnotatedStopPointRef>
      <StopPointRef>6490IM616</StopPointRef>
      <CommonName>Woodley Road End</CommonName>
    </AnnotatedStopPointRef>
    <AnnotatedStopPointRef>
      <StopPointRef>6490IM564</StopPointRef>
      <CommonName>Little Cairnie Hospital</CommonName>
    </AnnotatedStopPointRef>
    <AnnotatedStopPointRef>
      <StopPointRef>6490IM595</StopPointRef>
      <CommonName>Keptie Pond</CommonName>
    </AnnotatedStopPointRef>
    <AnnotatedStopPointRef>
      <StopPointRef>6490IM210</StopPointRef>
      <CommonName>Angus College bus layby</CommonName>
    </AnnotatedStopPointRef>
  </StopPoints>
  <RouteSections>
    <RouteSection id="AGAO027B001">
      <RouteLink id="AGAO027B001_34001">
        <From>
          <StopPointRef>6490IM238</StopPointRef>
        </From>
        <To>
          <StopPointRef>6490IM476</StopPointRef>
        </To>
        <Direction>outbound</Direction>
      </RouteLink>
      <RouteLink id="AGAO027B001_34002">
        <From>
          <StopPointRef>6490IM476</StopPointRef>
        </From>
        <To>
          <StopPointRef>6490IM194</StopPointRef>
        </To>
        <Direction>outbound</Direction>
      </RouteLink>
      <RouteLink id="AGAO027B001_34003">
        <From>
          <StopPointRef>6490IM194</StopPointRef>
        </From>
        <To>
          <StopPointRef>6490IM772</StopPointRef>
        </To>
        <Direction>outbound</Direction>
      </RouteLink>
      <RouteLink id="AGAO027B001_34004">
        <From>
          <StopPointRef>6490IM772</StopPointRef>
        </From>
        <To>
          <StopPointRef>6490IM791</StopPointRef>
        </To>
        <Direction>outbound</Direction>
      </RouteLink>
      <RouteLink id="AGAO027B001_34005">
        <From>
          <StopPointRef>6490IM791</StopPointRef>
        </From>
        <To>
          <StopPointRef>6490IM789</StopPointRef>
        </To>
        <Direction>outbound</Direction>
      </RouteLink>
      <RouteLink id="AGAO027B001_34006">
        <From>
          <StopPointRef>6490IM789</StopPointRef>
        </From>
        <To>
          <StopPointRef>6490IM788</StopPointRef>
        </To>
        <Direction>outbound</Direction>
      </RouteLink>
      <RouteLink id="AGAO027B001_34007">
        <From>
          <StopPointRef>6490IM788</StopPointRef>
        </From>
        <To>
          <StopPointRef>6490IM17902</StopPointRef>
        </To>
        <Direction>outbound</Direction>
      </RouteLink>
      <RouteLink id="AGAO027B001_34008">
        <From>
          <StopPointRef>6490IM17902</StopPointRef>
        </From>
        <To>
          <StopPointRef>6490IM199</StopPointRef>
        </To>
        <Direction>outbound</Direction>
      </RouteLink>
      <RouteLink id="AGAO027B001_34009">
        <From>
          <StopPointRef>6490IM199</StopPointRef>
        </From>
        <To>
          <StopPointRef>6490IM1214</StopPointRef>
        </To>
        <Direction>outbound</Direction>
      </RouteLink>
      <RouteLink id="AGAO027B001_34010">
        <From>
          <StopPointRef>6490IM1214</StopPointRef>
        </From>
        <To>
          <StopPointRef>6490IM1216</StopPointRef>
        </To>
        <Direction>outbound</Direction>
      </RouteLink>
      <RouteLink id="AGAO027B001_34011">
        <From>
          <StopPointRef>6490IM1216</StopPointRef>
        </From>
        <To>
          <StopPointRef>6490IM269</StopPointRef>
        </To>
        <Direction>outbound</Direction>
      </RouteLink>
      <RouteLink id="AGAO027B001_34012">
        <From>
          <StopPointRef>6490IM269</StopPointRef>
        </From>
        <To>
          <StopPointRef>6490IM1218</StopPointRef>
        </To>
        <Direction>outbound</Direction>
      </RouteLink>
      <RouteLink id="AGAO027B001_34013">
        <From>
          <StopPointRef>6490IM1218</StopPointRef>
        </From>
        <To>
          <StopPointRef>6490IM631</StopPointRef>
        </To>
        <Direction>outbound</Direction>
      </RouteLink>
      <RouteLink id="AGAO027B001_34014">
        <From>
          <StopPointRef>6490IM631</StopPointRef>
        </From>
        <To>
          <StopPointRef>6490IM1223</StopPointRef>
        </To>
        <Direction>outbound</Direction>
      </RouteLink>
      <RouteLink id="AGAO027B001_34015">
        <From>
          <StopPointRef>6490IM1223</StopPointRef>
        </From>
        <To>
          <StopPointRef>6490IM1225</StopPointRef>
        </To>
        <Direction>outbound</Direction>
      </RouteLink>
      <RouteLink id="AGAO027B001_34016">
        <From>
          <StopPointRef>6490IM1225</StopPointRef>
        </From>
        <To>
          <StopPointRef>6490IM026</StopPointRef>
        </To>
        <Direction>outbound</Direction>
      </RouteLink>
      <RouteLink id="AGAO027B001_34017">
        <From>
          <StopPointRef>6490IM026</StopPointRef>
        </From>
        <To>
          <StopPointRef>6490IM172</StopPointRef>
        </To>
        <Direction>outbound</Direction>
      </RouteLink>
      <RouteLink id="AGAO027B001_34018">
        <From>
          <StopPointRef>6490IM172</StopPointRef>
        </From>
        <To>
          <StopPointRef>6490IM182</StopPointRef>
        </To>
        <Direction>outbound</Direction>
      </RouteLink>
      <RouteLink id="AGAO027B001_34019">
        <From>
          <StopPointRef>6490IM182</StopPointRef>
        </From>
        <To>
          <StopPointRef>6490IM441</StopPointRef>
        </To>
        <Direction>outbound</Direction>
      </RouteLink>
      <RouteLink id="AGAO027B001_34020">
        <From>
          <StopPointRef>6490IM441</StopPointRef>
        </From>
        <To>
          <StopPointRef>6490IM633</StopPointRef>
        </To>
        <Direction>outbound</Direction>
      </RouteLink>
      <RouteLink id="AGAO027B001_34021">
        <From>
          <StopPointRef>6490IM633</StopPointRef>
        </From>
        <To>
          <StopPointRef>6490IM934</StopPointRef>
        </To>
        <Direction>outbound</Direction>
      </RouteLink>
      <RouteLink id="AGAO027B001_34022">
        <From>
          <StopPointRef>6490IM934</StopPointRef>
        </From>
        <To>
          <StopPointRef>6490IM1228</StopPointRef>
        </To>
        <Direction>outbound</Direction>
      </RouteLink>
      <RouteLink id="AGAO027B001_34023">
        <From>
          <StopPointRef>6490IM1228</StopPointRef>
        </From>
        <To>
          <StopPointRef>6490IM260</StopPointRef>
        </To>
        <Direction>outbound</Direction>
      </RouteLink>
      <RouteLink id="AGAO027B001_34024">
        <From>
          <StopPointRef>6490IM260</StopPointRef>
        </From>
        <To>
          <StopPointRef>6490IM027</StopPointRef>
        </To>
        <Direction>outbound</Direction>
      </RouteLink>
      <RouteLink id="AGAO027B001_34025">
        <From>
          <StopPointRef>6490IM027</StopPointRef>
        </From>
        <To>
          <StopPointRef>6490IM1203</StopPointRef>
        </To>
        <Direction>outbound</Direction>
      </RouteLink>
      <RouteLink id="AGAO027B001_34026">
        <From>
          <StopPointRef>6490IM1203</StopPointRef>
        </From>
        <To>
          <StopPointRef>6490IM1205</StopPointRef>
        </To>
        <Direction>outbound</Direction>
      </RouteLink>
      <RouteLink id="AGAO027B001_34027">
        <From>
          <StopPointRef>6490IM1205</StopPointRef>
        </From>
        <To>
          <StopPointRef>6490IM1207</StopPointRef>
        </To>
        <Direction>outbound</Direction>
      </RouteLink>
      <RouteLink id="AGAO027B001_34028">
        <From>
          <StopPointRef>6490IM1207</StopPointRef>
        </From>
        <To>
          <StopPointRef>6490IM257</StopPointRef>
        </To>
        <Direction>outbound</Direction>
      </RouteLink>
      <RouteLink id="AGAO027B001_34029">
        <From>
          <StopPointRef>6490IM257</StopPointRef>
        </From>
        <To>
          <StopPointRef>6490IM1208</StopPointRef>
        </To>
        <Direction>outbound</Direction>
      </RouteLink>
      <RouteLink id="AGAO027B001_34030">
        <From>
          <StopPointRef>6490IM1208</StopPointRef>
        </From>
        <To>
          <StopPointRef>6490IM1206</StopPointRef>
        </To>
        <Direction>outbound</Direction>
      </RouteLink>
      <RouteLink id="AGAO027B001_34031">
        <From>
          <StopPointRef>6490IM1206</StopPointRef>
        </From>
        <To>
          <StopPointRef>6490IM1204</StopPointRef>
        </To>
        <Direction>outbound</Direction>
      </RouteLink>
      <RouteLink id="AGAO027B001_34032">
        <From>
          <StopPointRef>6490IM1204</StopPointRef>
        </From>
        <To>
          <StopPointRef>6490IM1437</StopPointRef>
        </To>
        <Direction>outbound</Direction>
      </RouteLink>
      <RouteLink id="AGAO027B001_34033">
        <From>
          <StopPointRef>6490IM1437</StopPointRef>
        </From>
        <To>
          <StopPointRef>6490IM334</StopPointRef>
        </To>
        <Direction>outbound</Direction>
      </RouteLink>
      <RouteLink id="AGAO027B001_34034">
        <From>
          <StopPointRef>6490IM334</StopPointRef>
        </From>
        <To>
          <StopPointRef>6490IM1067</StopPointRef>
        </To>
        <Direction>outbound</Direction>
      </RouteLink>
      <RouteLink id="AGAO027B001_34035">
        <From>
          <StopPointRef>6490IM1067</StopPointRef>
        </From>
        <To>
          <StopPointRef>6490IM439</StopPointRef>
        </To>
        <Direction>outbound</Direction>
      </RouteLink>
      <RouteLink id="AGAO027B001_34036">
        <From>
          <StopPointRef>6490IM439</StopPointRef>
        </From>
        <To>
          <StopPointRef>6490IM336</StopPointRef>
        </To>
        <Direction>outbound</Direction>
      </RouteLink>
      <RouteLink id="AGAO027B001_34037">
        <From>
          <StopPointRef>6490IM336</StopPointRef>
        </From>
        <To>
          <StopPointRef>6490IM616</StopPointRef>
        </To>
        <Direction>outbound</Direction>
      </RouteLink>
      <RouteLink id="AGAO027B001_34038">
        <From>
          <StopPointRef>6490IM616</StopPointRef>
        </From>
        <To>
          <StopPointRef>6490IM564</StopPointRef>
        </To>
        <Direction>outbound</Direction>
      </RouteLink>
      <RouteLink id="AGAO027B001_34039">
        <From>
          <StopPointRef>6490IM564</StopPointRef>
        </From>
        <To>
          <StopPointRef>6490IM595</StopPointRef>
        </To>
        <Direction>outbound</Direction>
      </RouteLink>
      <RouteLink id="AGAO027B001_34040">
        <From>
          <StopPointRef>6490IM595</StopPointRef>
        </From>
        <To>
          <StopPointRef>6490IM210</StopPointRef>
        </To>
        <Direction>outbound</Direction>
      </RouteLink>
    </RouteSection>
  </RouteSections>
  <Routes>
    <Route id="AGAO027B001">
      <Description>Forfar - Arbroath
</Description>
      <RouteSectionRef>AGAO027B001</RouteSectionRef>
    </Route>
  </Routes>
  <JourneyPatternSections>
    <JourneyPatternSection id="JPS_AGAO027B-2">
      <JourneyPatternTimingLink id="JPS_AGAO027B-2_34001">
        <From>
          <StopPointRef>6490IM238</StopPointRef>
          <TimingStatus>PTP</TimingStatus>
        </From>
        <To>
          <StopPointRef>6490IM476</StopPointRef>
          <TimingStatus>OTH</TimingStatus>
        </To>
        <RouteLinkRef>AGAO027B001_34001</RouteLinkRef>
        <Direction>outbound</Direction>
        <RunTime>PT60S</RunTime>
      </JourneyPatternTimingLink>
      <JourneyPatternTimingLink id="JPS_AGAO027B-2_34002">
        <From>
          <StopPointRef>6490IM476</StopPointRef>
          <TimingStatus>OTH</TimingStatus>
        </From>
        <To>
          <StopPointRef>6490IM194</StopPointRef>
          <TimingStatus>OTH</TimingStatus>
        </To>
        <RouteLinkRef>AGAO027B001_34002</RouteLinkRef>
        <Direction>outbound</Direction>
        <RunTime>PT60S</RunTime>
      </JourneyPatternTimingLink>
      <JourneyPatternTimingLink id="JPS_AGAO027B-2_34003">
        <From>
          <StopPointRef>6490IM194</StopPointRef>
          <TimingStatus>OTH</TimingStatus>
        </From>
        <To>
          <StopPointRef>6490IM772</StopPointRef>
          <TimingStatus>OTH</TimingStatus>
        </To>
        <RouteLinkRef>AGAO027B001_34003</RouteLinkRef>
        <Direction>outbound</Direction>
        <RunTime>PT0S</RunTime>
      </JourneyPatternTimingLink>
      <JourneyPatternTimingLink id="JPS_AGAO027B-2_34004">
        <From>
          <StopPointRef>6490IM772</StopPointRef>
          <TimingStatus>OTH</TimingStatus>
        </From>
        <To>
          <StopPointRef>6490IM791</StopPointRef>
          <TimingStatus>OTH</TimingStatus>
        </To>
        <RouteLinkRef>AGAO027B001_34004</RouteLinkRef>
        <Direction>outbound</Direction>
        <RunTime>PT60S</RunTime>
      </JourneyPatternTimingLink>
      <JourneyPatternTimingLink id="JPS_AGAO027B-2_34005">
        <From>
          <StopPointRef>6490IM791</StopPointRef>
          <TimingStatus>OTH</TimingStatus>
        </From>
        <To>
          <StopPointRef>6490IM789</StopPointRef>
          <TimingStatus>OTH</TimingStatus>
        </To>
        <RouteLinkRef>AGAO027B001_34005</RouteLinkRef>
        <Direction>outbound</Direction>
        <RunTime>PT0S</RunTime>
      </JourneyPatternTimingLink>
      <JourneyPatternTimingLink id="JPS_AGAO027B-2_34006">
        <From>
          <StopPointRef>6490IM789</StopPointRef>
          <TimingStatus>OTH</TimingStatus>
        </From>
        <To>
          <StopPointRef>6490IM788</StopPointRef>
          <TimingStatus>OTH</TimingStatus>
        </To>
        <RouteLinkRef>AGAO027B001_34006</RouteLinkRef>
        <Direction>outbound</Direction>
        <RunTime>PT60S</RunTime>
      </JourneyPatternTimingLink>
      <JourneyPatternTimingLink id="JPS_AGAO027B-2_34007">
        <From>
          <StopPointRef>6490IM788</StopPointRef>
          <TimingStatus>OTH</TimingStatus>
        </From>
        <To>
          <StopPointRef>6490IM17902</StopPointRef>
          <TimingStatus>OTH</TimingStatus>
        </To>
        <RouteLinkRef>AGAO027B001_34007</RouteLinkRef>
        <Direction>outbound</Direction>
        <RunTime>PT0S</RunTime>
      </JourneyPatternTimingLink>
      <JourneyPatternTimingLink id="JPS_AGAO027B-2_34008">
        <From>
          <StopPointRef>6490IM17902</StopPointRef>
          <TimingStatus>OTH</TimingStatus>
        </From>
        <To>
          <StopPointRef>6490IM199</StopPointRef>
          <TimingStatus>OTH</TimingStatus>
        </To>
        <RouteLinkRef>AGAO027B001_34008</RouteLinkRef>
        <Direction>outbound</Direction>
        <RunTime>PT60S</RunTime>
      </JourneyPatternTimingLink>
      <JourneyPatternTimingLink id="JPS_AGAO027B-2_34009">
        <From>
          <StopPointRef>6490IM199</StopPointRef>
          <TimingStatus>OTH</TimingStatus>
        </From>
        <To>
          <StopPointRef>6490IM1214</StopPointRef>
          <TimingStatus>OTH</TimingStatus>
        </To>
        <RouteLinkRef>AGAO027B001_34009</RouteLinkRef>
        <Direction>outbound</Direction>
        <RunTime>PT60S</RunTime>
      </JourneyPatternTimingLink>
      <JourneyPatternTimingLink id="JPS_AGAO027B-2_34010">
        <From>
          <StopPointRef>6490IM1214</StopPointRef>
          <TimingStatus>OTH</TimingStatus>
        </From>
        <To>
          <StopPointRef>6490IM1216</StopPointRef>
          <TimingStatus>OTH</TimingStatus>
        </To>
        <RouteLinkRef>AGAO027B001_34010</RouteLinkRef>
        <Direction>outbound</Direction>
        <RunTime>PT120S</RunTime>
      </JourneyPatternTimingLink>
      <JourneyPatternTimingLink id="JPS_AGAO027B-2_34011">
        <From>
          <StopPointRef>6490IM1216</StopPointRef>
          <TimingStatus>OTH</TimingStatus>
        </From>
        <To>
          <StopPointRef>6490IM269</StopPointRef>
          <TimingStatus>PTP</TimingStatus>
        </To>
        <RouteLinkRef>AGAO027B001_34011</RouteLinkRef>
        <Direction>outbound</Direction>
        <RunTime>PT60S</RunTime>
      </JourneyPatternTimingLink>
      <JourneyPatternTimingLink id="JPS_AGAO027B-2_34012">
        <From>
          <StopPointRef>6490IM269</StopPointRef>
          <TimingStatus>PTP</TimingStatus>
        </From>
        <To>
          <StopPointRef>6490IM1218</StopPointRef>
          <TimingStatus>OTH</TimingStatus>
        </To>
        <RouteLinkRef>AGAO027B001_34012</RouteLinkRef>
        <Direction>outbound</Direction>
        <RunTime>PT0S</RunTime>
      </JourneyPatternTimingLink>
      <JourneyPatternTimingLink id="JPS_AGAO027B-2_34013">
        <From>
          <StopPointRef>6490IM1218</StopPointRef>
          <TimingStatus>OTH</TimingStatus>
        </From>
        <To>
          <StopPointRef>6490IM631</StopPointRef>
          <TimingStatus>PTP</TimingStatus>
        </To>
        <RouteLinkRef>AGAO027B001_34013</RouteLinkRef>
        <Direction>outbound</Direction>
        <RunTime>PT180S</RunTime>
      </JourneyPatternTimingLink>
      <JourneyPatternTimingLink id="JPS_AGAO027B-2_34014">
        <From>
          <StopPointRef>6490IM631</StopPointRef>
          <TimingStatus>PTP</TimingStatus>
        </From>
        <To>
          <StopPointRef>6490IM1223</StopPointRef>
          <TimingStatus>OTH</TimingStatus>
        </To>
        <RouteLinkRef>AGAO027B001_34014</RouteLinkRef>
        <Direction>outbound</Direction>
        <RunTime>PT120S</RunTime>
      </JourneyPatternTimingLink>
      <JourneyPatternTimingLink id="JPS_AGAO027B-2_34015">
        <From>
          <StopPointRef>6490IM1223</StopPointRef>
          <TimingStatus>OTH</TimingStatus>
        </From>
        <To>
          <StopPointRef>6490IM1225</StopPointRef>
          <TimingStatus>OTH</TimingStatus>
        </To>
        <RouteLinkRef>AGAO027B001_34015</RouteLinkRef>
        <Direction>outbound</Direction>
        <RunTime>PT0S</RunTime>
      </JourneyPatternTimingLink>
      <JourneyPatternTimingLink id="JPS_AGAO027B-2_34016">
        <From>
          <StopPointRef>6490IM1225</StopPointRef>
          <TimingStatus>OTH</TimingStatus>
        </From>
        <To>
          <StopPointRef>6490IM026</StopPointRef>
          <TimingStatus>PTP</TimingStatus>
        </To>
        <RouteLinkRef>AGAO027B001_34016</RouteLinkRef>
        <Direction>outbound</Direction>
        <RunTime>PT60S</RunTime>
      </JourneyPatternTimingLink>
      <JourneyPatternTimingLink id="JPS_AGAO027B-2_34017">
        <From>
          <StopPointRef>6490IM026</StopPointRef>
          <TimingStatus>PTP</TimingStatus>
        </From>
        <To>
          <StopPointRef>6490IM172</StopPointRef>
          <TimingStatus>OTH</TimingStatus>
        </To>
        <RouteLinkRef>AGAO027B001_34017</RouteLinkRef>
        <Direction>outbound</Direction>
        <RunTime>PT0S</RunTime>
      </JourneyPatternTimingLink>
      <JourneyPatternTimingLink id="JPS_AGAO027B-2_34018">
        <From>
          <StopPointRef>6490IM172</StopPointRef>
          <TimingStatus>OTH</TimingStatus>
        </From>
        <To>
          <StopPointRef>6490IM182</StopPointRef>
          <TimingStatus>OTH</TimingStatus>
        </To>
        <RouteLinkRef>AGAO027B001_34018</RouteLinkRef>
        <Direction>outbound</Direction>
        <RunTime>PT0S</RunTime>
      </JourneyPatternTimingLink>
      <JourneyPatternTimingLink id="JPS_AGAO027B-2_34019">
        <From>
          <StopPointRef>6490IM182</StopPointRef>
          <TimingStatus>OTH</TimingStatus>
        </From>
        <To>
          <StopPointRef>6490IM441</StopPointRef>
          <TimingStatus>PTP</TimingStatus>
        </To>
        <RouteLinkRef>AGAO027B001_34019</RouteLinkRef>
        <Direction>outbound</Direction>
        <RunTime>PT120S</RunTime>
      </JourneyPatternTimingLink>
      <JourneyPatternTimingLink id="JPS_AGAO027B-2_34020">
        <From>
          <StopPointRef>6490IM441</StopPointRef>
          <TimingStatus>PTP</TimingStatus>
        </From>
        <To>
          <StopPointRef>6490IM633</StopPointRef>
          <TimingStatus>OTH</TimingStatus>
        </To>
        <RouteLinkRef>AGAO027B001_34020</RouteLinkRef>
        <Direction>outbound</Direction>
        <RunTime>PT0S</RunTime>
      </JourneyPatternTimingLink>
      <JourneyPatternTimingLink id="JPS_AGAO027B-2_34021">
        <From>
          <StopPointRef>6490IM633</StopPointRef>
          <TimingStatus>OTH</TimingStatus>
        </From>
        <To>
          <StopPointRef>6490IM934</StopPointRef>
          <TimingStatus>OTH</TimingStatus>
        </To>
        <RouteLinkRef>AGAO027B001_34021</RouteLinkRef>
        <Direction>outbound</Direction>
        <RunTime>PT60S</RunTime>
      </JourneyPatternTimingLink>
      <JourneyPatternTimingLink id="JPS_AGAO027B-2_34022">
        <From>
          <StopPointRef>6490IM934</StopPointRef>
          <TimingStatus>OTH</TimingStatus>
        </From>
        <To>
          <StopPointRef>6490IM1228</StopPointRef>
          <TimingStatus>OTH</TimingStatus>
        </To>
        <RouteLinkRef>AGAO027B001_34022</RouteLinkRef>
        <Direction>outbound</Direction>
        <RunTime>PT120S</RunTime>
      </JourneyPatternTimingLink>
      <JourneyPatternTimingLink id="JPS_AGAO027B-2_34023">
        <From>
          <StopPointRef>6490IM1228</StopPointRef>
          <TimingStatus>OTH</TimingStatus>
        </From>
        <To>
          <StopPointRef>6490IM260</StopPointRef>
          <TimingStatus>PTP</TimingStatus>
        </To>
        <RouteLinkRef>AGAO027B001_34023</RouteLinkRef>
        <Direction>outbound</Direction>
        <RunTime>PT60S</RunTime>
      </JourneyPatternTimingLink>
      <JourneyPatternTimingLink id="JPS_AGAO027B-2_34024">
        <From>
          <StopPointRef>6490IM260</StopPointRef>
          <TimingStatus>PTP</TimingStatus>
        </From>
        <To>
          <StopPointRef>6490IM027</StopPointRef>
          <TimingStatus>OTH</TimingStatus>
        </To>
        <RouteLinkRef>AGAO027B001_34024</RouteLinkRef>
        <Direction>outbound</Direction>
        <RunTime>PT120S</RunTime>
      </JourneyPatternTimingLink>
      <JourneyPatternTimingLink id="JPS_AGAO027B-2_34025">
        <From>
          <StopPointRef>6490IM027</StopPointRef>
          <TimingStatus>OTH</TimingStatus>
        </From>
        <To>
          <StopPointRef>6490IM1203</StopPointRef>
          <TimingStatus>OTH</TimingStatus>
        </To>
        <RouteLinkRef>AGAO027B001_34025</RouteLinkRef>
        <Direction>outbound</Direction>
        <RunTime>PT60S</RunTime>
      </JourneyPatternTimingLink>
      <JourneyPatternTimingLink id="JPS_AGAO027B-2_34026">
        <From>
          <StopPointRef>6490IM1203</StopPointRef>
          <TimingStatus>OTH</TimingStatus>
        </From>
        <To>
          <StopPointRef>6490IM1205</StopPointRef>
          <TimingStatus>OTH</TimingStatus>
        </To>
        <RouteLinkRef>AGAO027B001_34026</RouteLinkRef>
        <Direction>outbound</Direction>
        <RunTime>PT0S</RunTime>
      </JourneyPatternTimingLink>
      <JourneyPatternTimingLink id="JPS_AGAO027B-2_34027">
        <From>
          <StopPointRef>6490IM1205</StopPointRef>
          <TimingStatus>OTH</TimingStatus>
        </From>
        <To>
          <StopPointRef>6490IM1207</StopPointRef>
          <TimingStatus>OTH</TimingStatus>
        </To>
        <RouteLinkRef>AGAO027B001_34027</RouteLinkRef>
        <Direction>outbound</Direction>
        <RunTime>PT0S</RunTime>
      </JourneyPatternTimingLink>
      <JourneyPatternTimingLink id="JPS_AGAO027B-2_34028">
        <From>
          <StopPointRef>6490IM1207</StopPointRef>
          <TimingStatus>OTH</TimingStatus>
        </From>
        <To>
          <StopPointRef>6490IM257</StopPointRef>
          <TimingStatus>PTP</TimingStatus>
        </To>
        <RouteLinkRef>AGAO027B001_34028</RouteLinkRef>
        <Direction>outbound</Direction>
        <RunTime>PT60S</RunTime>
      </JourneyPatternTimingLink>
      <JourneyPatternTimingLink id="JPS_AGAO027B-2_34029">
        <From>
          <StopPointRef>6490IM257</StopPointRef>
          <TimingStatus>PTP</TimingStatus>
        </From>
        <To>
          <StopPointRef>6490IM1208</StopPointRef>
          <TimingStatus>OTH</TimingStatus>
        </To>
        <RouteLinkRef>AGAO027B001_34029</RouteLinkRef>
        <Direction>outbound</Direction>
        <RunTime>PT0S</RunTime>
      </JourneyPatternTimingLink>
      <JourneyPatternTimingLink id="JPS_AGAO027B-2_34030">
        <From>
          <StopPointRef>6490IM1208</StopPointRef>
          <TimingStatus>OTH</TimingStatus>
        </From>
        <To>
          <StopPointRef>6490IM1206</StopPointRef>
          <TimingStatus>OTH</TimingStatus>
        </To>
        <RouteLinkRef>AGAO027B001_34030</RouteLinkRef>
        <Direction>outbound</Direction>
        <RunTime>PT0S</RunTime>
      </JourneyPatternTimingLink>
      <JourneyPatternTimingLink id="JPS_AGAO027B-2_34031">
        <From>
          <StopPointRef>6490IM1206</StopPointRef>
          <TimingStatus>OTH</TimingStatus>
        </From>
        <To>
          <StopPointRef>6490IM1204</StopPointRef>
          <TimingStatus>OTH</TimingStatus>
        </To>
        <RouteLinkRef>AGAO027B001_34031</RouteLinkRef>
        <Direction>outbound</Direction>
        <RunTime>PT0S</RunTime>
      </JourneyPatternTimingLink>
      <JourneyPatternTimingLink id="JPS_AGAO027B-2_34032">
        <From>
          <StopPointRef>6490IM1204</StopPointRef>
          <TimingStatus>OTH</TimingStatus>
        </From>
        <To>
          <StopPointRef>6490IM1437</StopPointRef>
          <TimingStatus>OTH</TimingStatus>
        </To>
        <RouteLinkRef>AGAO027B001_34032</RouteLinkRef>
        <Direction>outbound</Direction>
        <RunTime>PT60S</RunTime>
      </JourneyPatternTimingLink>
      <JourneyPatternTimingLink id="JPS_AGAO027B-2_34033">
        <From>
          <StopPointRef>6490IM1437</StopPointRef>
          <TimingStatus>OTH</TimingStatus>
        </From>
        <To>
          <StopPointRef>6490IM334</StopPointRef>
          <TimingStatus>OTH</TimingStatus>
        </To>
        <RouteLinkRef>AGAO027B001_34033</RouteLinkRef>
        <Direction>outbound</Direction>
        <RunTime>PT0S</RunTime>
      </JourneyPatternTimingLink>
      <JourneyPatternTimingLink id="JPS_AGAO027B-2_34034">
        <From>
          <StopPointRef>6490IM334</StopPointRef>
          <TimingStatus>OTH</TimingStatus>
        </From>
        <To>
          <StopPointRef>6490IM1067</StopPointRef>
          <TimingStatus>OTH</TimingStatus>
        </To>
        <RouteLinkRef>AGAO027B001_34034</RouteLinkRef>
        <Direction>outbound</Direction>
        <RunTime>PT120S</RunTime>
      </JourneyPatternTimingLink>
      <JourneyPatternTimingLink id="JPS_AGAO027B-2_34035">
        <From>
          <StopPointRef>6490IM1067</StopPointRef>
          <TimingStatus>OTH</TimingStatus>
        </From>
        <To>
          <StopPointRef>6490IM439</StopPointRef>
          <TimingStatus>PTP</TimingStatus>
        </To>
        <RouteLinkRef>AGAO027B001_34035</RouteLinkRef>
        <Direction>outbound</Direction>
        <RunTime>PT180S</RunTime>
      </JourneyPatternTimingLink>
      <JourneyPatternTimingLink id="JPS_AGAO027B-2_34036">
        <From>
          <StopPointRef>6490IM439</StopPointRef>
          <TimingStatus>PTP</TimingStatus>
        </From>
        <To>
          <StopPointRef>6490IM336</StopPointRef>
          <TimingStatus>PTP</TimingStatus>
        </To>
        <RouteLinkRef>AGAO027B001_34036</RouteLinkRef>
        <Direction>outbound</Direction>
        <RunTime>PT120S</RunTime>
      </JourneyPatternTimingLink>
      <JourneyPatternTimingLink id="JPS_AGAO027B-2_34037">
        <From>
          <StopPointRef>6490IM336</StopPointRef>
          <TimingStatus>PTP</TimingStatus>
        </From>
        <To>
          <StopPointRef>6490IM616</StopPointRef>
          <TimingStatus>OTH</TimingStatus>
        </To>
        <RouteLinkRef>AGAO027B001_34037</RouteLinkRef>
        <Direction>outbound</Direction>
        <RunTime>PT120S</RunTime>
      </JourneyPatternTimingLink>
      <JourneyPatternTimingLink id="JPS_AGAO027B-2_34038">
        <From>
          <StopPointRef>6490IM616</StopPointRef>
          <TimingStatus>OTH</TimingStatus>
        </From>
        <To>
          <StopPointRef>6490IM564</StopPointRef>
          <TimingStatus>OTH</TimingStatus>
        </To>
        <RouteLinkRef>AGAO027B001_34038</RouteLinkRef>
        <Direction>outbound</Direction>
        <RunTime>PT120S</RunTime>
      </JourneyPatternTimingLink>
      <JourneyPatternTimingLink id="JPS_AGAO027B-2_34039">
        <From>
          <StopPointRef>6490IM564</StopPointRef>
          <TimingStatus>OTH</TimingStatus>
        </From>
        <To>
          <StopPointRef>6490IM595</StopPointRef>
          <TimingStatus>PTP</TimingStatus>
        </To>
        <RouteLinkRef>AGAO027B001_34039</RouteLinkRef>
        <Direction>outbound</Direction>
        <RunTime>PT180S</RunTime>
      </JourneyPatternTimingLink>
      <JourneyPatternTimingLink id="JPS_AGAO027B-2_34040">
        <From>
          <StopPointRef>6490IM595</StopPointRef>
          <TimingStatus>PTP</TimingStatus>
        </From>
        <To>
          <StopPointRef>6490IM210</StopPointRef>
          <TimingStatus>PTP</TimingStatus>
        </To>
        <RouteLinkRef>AGAO027B001_34040</RouteLinkRef>
        <Direction>outbound</Direction>
        <RunTime>PT60S</RunTime>
      </JourneyPatternTimingLink>
    </JourneyPatternSection>
  </JourneyPatternSections>
  <Operators>
    <Operator id="STY">
      <NationalOperatorCode>SSTY</NationalOperatorCode>
      <OperatorCode>STY</OperatorCode>
      <OperatorShortName>Stagecoach East Scotland</OperatorShortName>
    </Operator>
  </Operators>
  <Services>
    <Service>
      <ServiceCode>AGAO027B</ServiceCode>
      <Lines>
        <Line id="0">
          <LineName>27B</LineName>
        </Line>
      </Lines>
      <OperatingPeriod>
        <StartDate>2018-08-13</StartDate>
        <EndDate>2049-12-31</EndDate>
      </OperatingPeriod>
      <RegisteredOperatorRef>STY</RegisteredOperatorRef>
      <StopRequirements>
        <NoNewStopsRequired />
      </StopRequirements>
      <Mode>bus</Mode>
      <Description>Forfar - Arbroath</Description>
      <StandardService>
        <Origin>Forfar</Origin>
        <Destination>Arbroath</Destination>
        <JourneyPattern id="JPS_AGAO027B-2">
          <Direction>outbound</Direction>
          <JourneyPatternSectionRefs>JPS_AGAO027B-2</JourneyPatternSectionRefs>
        </JourneyPattern>
      </StandardService>
    </Service>
  </Services>
  <VehicleJourneys>
    <VehicleJourney>
      <OperatorRef>STY</OperatorRef>
      <OperatingProfile>
        <RegularDayType>
          <DaysOfWeek>
            <Monday />
            <Tuesday />
            <Wednesday />
            <Thursday />
          </DaysOfWeek>
        </RegularDayType>
        <ServicedOrganisationDayType>
          <DaysOfNonOperation>
            <WorkingDays>
              <ServicedOrganisationRef>160</ServicedOrganisationRef>
            </WorkingDays>
          </DaysOfNonOperation>
        </ServicedOrganisationDayType>
      </OperatingProfile>
      <VehicleJourneyCode>12685</VehicleJourneyCode>
      <ServiceRef>AGAO027B</ServiceRef>
      <LineRef>0</LineRef>
      <JourneyPatternRef>JPS_AGAO027B-2</JourneyPatternRef>
      <Note>
        <NoteCode>Sch</NoteCode>
        <NoteText>Operates on Angus schooldays only</NoteText>
      </Note>
      <DepartureTime>15:55:00</DepartureTime>
    </VehicleJourney>
  </VehicleJourneys>
</TransXChange>