<?xml version="1.0" encoding="utf-8"?>
<TransXChange xmlns:xsi="http://www.w3.org/2001/XMLSchema-instance" xmlns:xsd="http://www.w3.org/2001/XMLSchema" xsi:schemaLocation="http://www.transxchange.org.uk/ http://www.transxchange.org.uk/schema/2.1/TransXChange_general.xsd" CreationDateTime="2019-10-07T13:11:00-00:00" ModificationDateTime="2019-10-07T13:11:00-00:00" Modification="new" RevisionNumber="0" FileName="SVRABAO258.xml" SchemaVersion="2.1" RegistrationDocument="false" xmlns="http://www.transxchange.org.uk/">
  <ServicedOrganisations>
    <ServicedOrganisation>
      <OrganisationCode>102</OrganisationCode>
      <Name>
QE0 : Cif-258a-BB-20181119_20190725_193524.cif
</Name>
      <WorkingDays>
        <DateRange>
          <StartDate>2018-12-23</StartDate>
          <EndDate>2019-01-05</EndDate>
        </DateRange>
        <DateRange>
          <StartDate>2019-02-10</StartDate>
          <EndDate>2019-02-13</EndDate>
        </DateRange>
        <DateRange>
          <StartDate>2019-03-31</StartDate>
          <EndDate>2019-04-14</EndDate>
        </DateRange>
        <DateRange>
          <StartDate>2019-07-07</StartDate>
          <EndDate>2019-08-19</EndDate>
        </DateRange>
        <DateRange>
          <StartDate>2019-10-13</StartDate>
          <EndDate>2019-10-26</EndDate>
        </DateRange>
        <DateRange>
          <StartDate>2019-11-17</StartDate>
          <EndDate>2019-11-19</EndDate>
        </DateRange>
        <DateRange>
          <StartDate>2019-12-22</StartDate>
          <EndDate>2020-01-04</EndDate>
        </DateRange>
        <DateRange>
          <StartDate>2020-02-16</StartDate>
          <EndDate>2020-02-19</EndDate>
        </DateRange>
        <DateRange>
          <StartDate>2020-04-05</StartDate>
          <EndDate>2020-04-18</EndDate>
        </DateRange>
        <DateRange>
          <StartDate>2020-07-05</StartDate>
          <EndDate>2020-11-19</EndDate>
        </DateRange>
      </WorkingDays>
    </ServicedOrganisation>
    <ServicedOrganisation>
      <OrganisationCode>103</OrganisationCode>
      <Name>
QE0 : Cif-258a-BB-20181119_20190725_193524.cif
</Name>
      <WorkingDays>
        <DateRange>
          <StartDate>2018-12-23</StartDate>
          <EndDate>2019-01-05</EndDate>
        </DateRange>
        <DateRange>
          <StartDate>2019-02-10</StartDate>
          <EndDate>2019-02-14</EndDate>
        </DateRange>
        <DateRange>
          <StartDate>2019-03-31</StartDate>
          <EndDate>2019-04-14</EndDate>
        </DateRange>
        <DateRange>
          <StartDate>2019-04-18</StartDate>
          <EndDate>2019-04-20</EndDate>
        </DateRange>
        <DateRange>
          <StartDate>2019-05-05</StartDate>
          <EndDate>2019-05-07</EndDate>
        </DateRange>
        <DateRange>
          <StartDate>2019-07-07</StartDate>
          <EndDate>2019-08-20</EndDate>
        </DateRange>
        <DateRange>
          <StartDate>2019-10-13</StartDate>
          <EndDate>2019-10-26</EndDate>
        </DateRange>
        <DateRange>
          <StartDate>2019-11-17</StartDate>
          <EndDate>2019-11-19</EndDate>
        </DateRange>
        <DateRange>
          <StartDate>2019-12-22</StartDate>
          <EndDate>2020-01-04</EndDate>
        </DateRange>
        <DateRange>
          <StartDate>2020-02-16</StartDate>
          <EndDate>2020-02-20</EndDate>
        </DateRange>
        <DateRange>
          <StartDate>2020-04-05</StartDate>
          <EndDate>2020-04-18</EndDate>
        </DateRange>
        <DateRange>
          <StartDate>2020-05-03</StartDate>
          <EndDate>2020-05-05</EndDate>
        </DateRange>
        <DateRange>
          <StartDate>2020-07-05</StartDate>
          <EndDate>2020-11-19</EndDate>
        </DateRange>
      </WorkingDays>
    </ServicedOrganisation>
    <ServicedOrganisation>
      <OrganisationCode>104</OrganisationCode>
      <Name>
QE0 : Cif-258a-BB-20181119_20190725_193524.cif
</Name>
      <WorkingDays>
        <DateRange>
          <StartDate>2018-12-23</StartDate>
          <EndDate>2019-01-05</EndDate>
        </DateRange>
        <DateRange>
          <StartDate>2019-02-10</StartDate>
          <EndDate>2019-02-13</EndDate>
        </DateRange>
        <DateRange>
          <StartDate>2019-03-31</StartDate>
          <EndDate>2019-04-13</EndDate>
        </DateRange>
        <DateRange>
          <StartDate>2019-07-07</StartDate>
          <EndDate>2019-08-17</EndDate>
        </DateRange>
        <DateRange>
          <StartDate>2019-10-13</StartDate>
          <EndDate>2019-10-26</EndDate>
        </DateRange>
        <DateRange>
          <StartDate>2019-11-17</StartDate>
          <EndDate>2019-11-20</EndDate>
        </DateRange>
        <DateRange>
          <StartDate>2019-12-22</StartDate>
          <EndDate>2020-01-04</EndDate>
        </DateRange>
        <DateRange>
          <StartDate>2020-02-16</StartDate>
          <EndDate>2020-02-19</EndDate>
        </DateRange>
        <DateRange>
          <StartDate>2020-04-05</StartDate>
          <EndDate>2020-04-18</EndDate>
        </DateRange>
        <DateRange>
          <StartDate>2020-07-05</StartDate>
          <EndDate>2020-11-19</EndDate>
        </DateRange>
      </WorkingDays>
    </ServicedOrganisation>
  </ServicedOrganisations>
  <StopPoints>
    <AnnotatedStopPointRef>
      <StopPointRef>630022461</StopPointRef>
      <CommonName>High Street</CommonName>
    </AnnotatedStopPointRef>
    <AnnotatedStopPointRef>
      <StopPointRef>630061661</StopPointRef>
      <CommonName>Turriff Academy</CommonName>
    </AnnotatedStopPointRef>
    <AnnotatedStopPointRef>
      <StopPointRef>630062421</StopPointRef>
      <CommonName>Turriff Hospital</CommonName>
    </AnnotatedStopPointRef>
    <AnnotatedStopPointRef>
      <StopPointRef>630060157</StopPointRef>
      <CommonName>Mill of Colp</CommonName>
    </AnnotatedStopPointRef>
    <AnnotatedStopPointRef>
      <StopPointRef>630060163</StopPointRef>
      <CommonName>Mains of Idoch</CommonName>
    </AnnotatedStopPointRef>
    <AnnotatedStopPointRef>
      <StopPointRef>630023752</StopPointRef>
      <CommonName>Main Street</CommonName>
    </AnnotatedStopPointRef>
    <AnnotatedStopPointRef>
      <StopPointRef>630023771</StopPointRef>
      <CommonName>Thornhill Road</CommonName>
    </AnnotatedStopPointRef>
    <AnnotatedStopPointRef>
      <StopPointRef>630023712</StopPointRef>
      <CommonName>Chapel Lane</CommonName>
    </AnnotatedStopPointRef>
    <AnnotatedStopPointRef>
      <StopPointRef>630023721</StopPointRef>
      <CommonName>Aldersyde House</CommonName>
    </AnnotatedStopPointRef>
    <AnnotatedStopPointRef>
      <StopPointRef>630023732</StopPointRef>
      <CommonName>Banff Road</CommonName>
    </AnnotatedStopPointRef>
    <AnnotatedStopPointRef>
      <StopPointRef>630023211</StopPointRef>
      <CommonName>Hillside of Cook</CommonName>
    </AnnotatedStopPointRef>
    <AnnotatedStopPointRef>
      <StopPointRef>630023223</StopPointRef>
      <CommonName>Easter Crudie</CommonName>
    </AnnotatedStopPointRef>
    <AnnotatedStopPointRef>
      <StopPointRef>630063381</StopPointRef>
      <CommonName>Primary School</CommonName>
    </AnnotatedStopPointRef>
    <AnnotatedStopPointRef>
      <StopPointRef>630063742</StopPointRef>
      <CommonName>Slackadale Junction</CommonName>
    </AnnotatedStopPointRef>
    <AnnotatedStopPointRef>
      <StopPointRef>630022421</StopPointRef>
      <CommonName>Shandscross</CommonName>
    </AnnotatedStopPointRef>
    <AnnotatedStopPointRef>
      <StopPointRef>630026072</StopPointRef>
      <CommonName>Johnston Park</CommonName>
    </AnnotatedStopPointRef>
    <AnnotatedStopPointRef>
      <StopPointRef>630022431</StopPointRef>
      <CommonName>Crown Street</CommonName>
    </AnnotatedStopPointRef>
    <AnnotatedStopPointRef>
      <StopPointRef>630022441</StopPointRef>
      <CommonName>Chapel Lane</CommonName>
    </AnnotatedStopPointRef>
    <AnnotatedStopPointRef>
      <StopPointRef>630023722</StopPointRef>
      <CommonName>Aldersyde House</CommonName>
    </AnnotatedStopPointRef>
    <AnnotatedStopPointRef>
      <StopPointRef>630062432</StopPointRef>
      <CommonName>Main Street</CommonName>
    </AnnotatedStopPointRef>
    <AnnotatedStopPointRef>
      <StopPointRef>630023791</StopPointRef>
      <CommonName>Meadow Road</CommonName>
    </AnnotatedStopPointRef>
    <AnnotatedStopPointRef>
      <StopPointRef>630023781</StopPointRef>
      <CommonName>Chapel Brae</CommonName>
    </AnnotatedStopPointRef>
    <AnnotatedStopPointRef>
      <StopPointRef>630023772</StopPointRef>
      <CommonName>Thornhill Road</CommonName>
    </AnnotatedStopPointRef>
    <AnnotatedStopPointRef>
      <StopPointRef>630023761</StopPointRef>
      <CommonName>Main Street</CommonName>
    </AnnotatedStopPointRef>
    <AnnotatedStopPointRef>
      <StopPointRef>630023751</StopPointRef>
      <CommonName>Main Street</CommonName>
    </AnnotatedStopPointRef>
    <AnnotatedStopPointRef>
      <StopPointRef>630060428</StopPointRef>
      <CommonName>Lambtech</CommonName>
    </AnnotatedStopPointRef>
    <AnnotatedStopPointRef>
      <StopPointRef>630060434</StopPointRef>
      <CommonName>Croft of Crossbrae</CommonName>
    </AnnotatedStopPointRef>
    <AnnotatedStopPointRef>
      <StopPointRef>630022432</StopPointRef>
      <CommonName>Crown Street</CommonName>
    </AnnotatedStopPointRef>
    <AnnotatedStopPointRef>
      <StopPointRef>630026071</StopPointRef>
      <CommonName>Johnston Park</CommonName>
    </AnnotatedStopPointRef>
    <AnnotatedStopPointRef>
      <StopPointRef>630060433</StopPointRef>
      <CommonName>Croft of Crossbrae</CommonName>
    </AnnotatedStopPointRef>
    <AnnotatedStopPointRef>
      <StopPointRef>630060429</StopPointRef>
      <CommonName>Lambtech</CommonName>
    </AnnotatedStopPointRef>
    <AnnotatedStopPointRef>
      <StopPointRef>630062431</StopPointRef>
      <CommonName>Main Street</CommonName>
    </AnnotatedStopPointRef>
    <AnnotatedStopPointRef>
      <StopPointRef>630023731</StopPointRef>
      <CommonName>Banff Road</CommonName>
    </AnnotatedStopPointRef>
    <AnnotatedStopPointRef>
      <StopPointRef>630060833</StopPointRef>
      <CommonName>Shandscross</CommonName>
    </AnnotatedStopPointRef>
    <AnnotatedStopPointRef>
      <StopPointRef>630023741</StopPointRef>
      <CommonName>Slackadale Junction</CommonName>
    </AnnotatedStopPointRef>
    <AnnotatedStopPointRef>
      <StopPointRef>630023222</StopPointRef>
      <CommonName>Westpark</CommonName>
    </AnnotatedStopPointRef>
    <AnnotatedStopPointRef>
      <StopPointRef>630023212</StopPointRef>
      <CommonName>Hillside Of Cook</CommonName>
    </AnnotatedStopPointRef>
    <AnnotatedStopPointRef>
      <StopPointRef>630023711</StopPointRef>
      <CommonName>Chapel Lane</CommonName>
    </AnnotatedStopPointRef>
    <AnnotatedStopPointRef>
      <StopPointRef>630023691</StopPointRef>
      <CommonName>Bridge Terrace</CommonName>
    </AnnotatedStopPointRef>
    <AnnotatedStopPointRef>
      <StopPointRef>630060164</StopPointRef>
      <CommonName>Mains of Idoch</CommonName>
    </AnnotatedStopPointRef>
    <AnnotatedStopPointRef>
      <StopPointRef>630060158</StopPointRef>
      <CommonName>Mill of Colp</CommonName>
    </AnnotatedStopPointRef>
    <AnnotatedStopPointRef>
      <StopPointRef>630062422</StopPointRef>
      <CommonName>Turriff Hospital</CommonName>
    </AnnotatedStopPointRef>
  </StopPoints>
  <RouteSections>
    <RouteSection id="ABAO258_024">
      <RouteLink id="ABAO258_024_20533">
        <From>
          <StopPointRef>630022461</StopPointRef>
        </From>
        <To>
          <StopPointRef>630061661</StopPointRef>
        </To>
        <Direction>outbound</Direction>
      </RouteLink>
      <RouteLink id="ABAO258_024_20534">
        <From>
          <StopPointRef>630061661</StopPointRef>
        </From>
        <To>
          <StopPointRef>630062421</StopPointRef>
        </To>
        <Direction>outbound</Direction>
      </RouteLink>
      <RouteLink id="ABAO258_024_20535">
        <From>
          <StopPointRef>630062421</StopPointRef>
        </From>
        <To>
          <StopPointRef>630060157</StopPointRef>
        </To>
        <Direction>outbound</Direction>
      </RouteLink>
      <RouteLink id="ABAO258_024_20536">
        <From>
          <StopPointRef>630060157</StopPointRef>
        </From>
        <To>
          <StopPointRef>630060163</StopPointRef>
        </To>
        <Direction>outbound</Direction>
      </RouteLink>
      <RouteLink id="ABAO258_024_20537">
        <From>
          <StopPointRef>630060163</StopPointRef>
        </From>
        <To>
          <StopPointRef>630023752</StopPointRef>
        </To>
        <Direction>outbound</Direction>
      </RouteLink>
      <RouteLink id="ABAO258_024_20538">
        <From>
          <StopPointRef>630023752</StopPointRef>
        </From>
        <To>
          <StopPointRef>630023771</StopPointRef>
        </To>
        <Direction>outbound</Direction>
      </RouteLink>
      <RouteLink id="ABAO258_024_20539">
        <From>
          <StopPointRef>630023771</StopPointRef>
        </From>
        <To>
          <StopPointRef>630023712</StopPointRef>
        </To>
        <Direction>outbound</Direction>
      </RouteLink>
      <RouteLink id="ABAO258_024_20540">
        <From>
          <StopPointRef>630023712</StopPointRef>
        </From>
        <To>
          <StopPointRef>630023721</StopPointRef>
        </To>
        <Direction>outbound</Direction>
      </RouteLink>
      <RouteLink id="ABAO258_024_20541">
        <From>
          <StopPointRef>630023721</StopPointRef>
        </From>
        <To>
          <StopPointRef>630023732</StopPointRef>
        </To>
        <Direction>outbound</Direction>
      </RouteLink>
      <RouteLink id="ABAO258_024_20542">
        <From>
          <StopPointRef>630023732</StopPointRef>
        </From>
        <To>
          <StopPointRef>630023211</StopPointRef>
        </To>
        <Direction>outbound</Direction>
      </RouteLink>
      <RouteLink id="ABAO258_024_20543">
        <From>
          <StopPointRef>630023211</StopPointRef>
        </From>
        <To>
          <StopPointRef>630023223</StopPointRef>
        </To>
        <Direction>outbound</Direction>
      </RouteLink>
      <RouteLink id="ABAO258_024_20544">
        <From>
          <StopPointRef>630023223</StopPointRef>
        </From>
        <To>
          <StopPointRef>630063381</StopPointRef>
        </To>
        <Direction>outbound</Direction>
      </RouteLink>
      <RouteLink id="ABAO258_024_20545">
        <From>
          <StopPointRef>630063381</StopPointRef>
        </From>
        <To>
          <StopPointRef>630063742</StopPointRef>
        </To>
        <Direction>outbound</Direction>
      </RouteLink>
      <RouteLink id="ABAO258_024_20546">
        <From>
          <StopPointRef>630063742</StopPointRef>
        </From>
        <To>
          <StopPointRef>630022421</StopPointRef>
        </To>
        <Direction>outbound</Direction>
      </RouteLink>
      <RouteLink id="ABAO258_024_20547">
        <From>
          <StopPointRef>630022421</StopPointRef>
        </From>
        <To>
          <StopPointRef>630026072</StopPointRef>
        </To>
        <Direction>outbound</Direction>
      </RouteLink>
      <RouteLink id="ABAO258_024_20548">
        <From>
          <StopPointRef>630026072</StopPointRef>
        </From>
        <To>
          <StopPointRef>630022431</StopPointRef>
        </To>
        <Direction>outbound</Direction>
      </RouteLink>
      <RouteLink id="ABAO258_024_20549">
        <From>
          <StopPointRef>630022431</StopPointRef>
        </From>
        <To>
          <StopPointRef>630022441</StopPointRef>
        </To>
        <Direction>outbound</Direction>
      </RouteLink>
      <RouteLink id="ABAO258_024_20550">
        <From>
          <StopPointRef>630022441</StopPointRef>
        </From>
        <To>
          <StopPointRef>630022461</StopPointRef>
        </To>
        <Direction>outbound</Direction>
      </RouteLink>
      <RouteLink id="ABAO258_024_20551">
        <From>
          <StopPointRef>630022461</StopPointRef>
        </From>
        <To>
          <StopPointRef>630061661</StopPointRef>
        </To>
        <Direction>outbound</Direction>
      </RouteLink>
    </RouteSection>
    <RouteSection id="ABAO258_004">
      <RouteLink id="ABAO258_004_20553">
        <From>
          <StopPointRef>630023752</StopPointRef>
        </From>
        <To>
          <StopPointRef>630023771</StopPointRef>
        </To>
        <Direction>outbound</Direction>
      </RouteLink>
      <RouteLink id="ABAO258_004_20554">
        <From>
          <StopPointRef>630023771</StopPointRef>
        </From>
        <To>
          <StopPointRef>630023722</StopPointRef>
        </To>
        <Direction>outbound</Direction>
      </RouteLink>
      <RouteLink id="ABAO258_004_20555">
        <From>
          <StopPointRef>630023722</StopPointRef>
        </From>
        <To>
          <StopPointRef>630062432</StopPointRef>
        </To>
        <Direction>outbound</Direction>
      </RouteLink>
      <RouteLink id="ABAO258_004_20556">
        <From>
          <StopPointRef>630062432</StopPointRef>
        </From>
        <To>
          <StopPointRef>630023791</StopPointRef>
        </To>
        <Direction>outbound</Direction>
      </RouteLink>
      <RouteLink id="ABAO258_004_20557">
        <From>
          <StopPointRef>630023791</StopPointRef>
        </From>
        <To>
          <StopPointRef>630023781</StopPointRef>
        </To>
        <Direction>outbound</Direction>
      </RouteLink>
      <RouteLink id="ABAO258_004_20558">
        <From>
          <StopPointRef>630023781</StopPointRef>
        </From>
        <To>
          <StopPointRef>630023772</StopPointRef>
        </To>
        <Direction>outbound</Direction>
      </RouteLink>
      <RouteLink id="ABAO258_004_20559">
        <From>
          <StopPointRef>630023772</StopPointRef>
        </From>
        <To>
          <StopPointRef>630023761</StopPointRef>
        </To>
        <Direction>outbound</Direction>
      </RouteLink>
      <RouteLink id="ABAO258_004_20560">
        <From>
          <StopPointRef>630023761</StopPointRef>
        </From>
        <To>
          <StopPointRef>630023751</StopPointRef>
        </To>
        <Direction>outbound</Direction>
      </RouteLink>
      <RouteLink id="ABAO258_004_20561">
        <From>
          <StopPointRef>630023751</StopPointRef>
        </From>
        <To>
          <StopPointRef>630060428</StopPointRef>
        </To>
        <Direction>outbound</Direction>
      </RouteLink>
      <RouteLink id="ABAO258_004_20562">
        <From>
          <StopPointRef>630060428</StopPointRef>
        </From>
        <To>
          <StopPointRef>630060434</StopPointRef>
        </To>
        <Direction>outbound</Direction>
      </RouteLink>
      <RouteLink id="ABAO258_004_20563">
        <From>
          <StopPointRef>630060434</StopPointRef>
        </From>
        <To>
          <StopPointRef>630026072</StopPointRef>
        </To>
        <Direction>outbound</Direction>
      </RouteLink>
      <RouteLink id="ABAO258_004_20564">
        <From>
          <StopPointRef>630026072</StopPointRef>
        </From>
        <To>
          <StopPointRef>630022431</StopPointRef>
        </To>
        <Direction>outbound</Direction>
      </RouteLink>
      <RouteLink id="ABAO258_004_20565">
        <From>
          <StopPointRef>630022431</StopPointRef>
        </From>
        <To>
          <StopPointRef>630022441</StopPointRef>
        </To>
        <Direction>outbound</Direction>
      </RouteLink>
      <RouteLink id="ABAO258_004_20566">
        <From>
          <StopPointRef>630022441</StopPointRef>
        </From>
        <To>
          <StopPointRef>630022461</StopPointRef>
        </To>
        <Direction>outbound</Direction>
      </RouteLink>
      <RouteLink id="ABAO258_004_20567">
        <From>
          <StopPointRef>630022461</StopPointRef>
        </From>
        <To>
          <StopPointRef>630061661</StopPointRef>
        </To>
        <Direction>outbound</Direction>
      </RouteLink>
    </RouteSection>
    <RouteSection id="ABAO258_020">
      <RouteLink id="ABAO258_020_20569">
        <From>
          <StopPointRef>630061661</StopPointRef>
        </From>
        <To>
          <StopPointRef>630022461</StopPointRef>
        </To>
        <Direction>outbound</Direction>
      </RouteLink>
      <RouteLink id="ABAO258_020_20570">
        <From>
          <StopPointRef>630022461</StopPointRef>
        </From>
        <To>
          <StopPointRef>630022432</StopPointRef>
        </To>
        <Direction>outbound</Direction>
      </RouteLink>
      <RouteLink id="ABAO258_020_20571">
        <From>
          <StopPointRef>630022432</StopPointRef>
        </From>
        <To>
          <StopPointRef>630026071</StopPointRef>
        </To>
        <Direction>outbound</Direction>
      </RouteLink>
      <RouteLink id="ABAO258_020_20572">
        <From>
          <StopPointRef>630026071</StopPointRef>
        </From>
        <To>
          <StopPointRef>630060433</StopPointRef>
        </To>
        <Direction>outbound</Direction>
      </RouteLink>
      <RouteLink id="ABAO258_020_20573">
        <From>
          <StopPointRef>630060433</StopPointRef>
        </From>
        <To>
          <StopPointRef>630060429</StopPointRef>
        </To>
        <Direction>outbound</Direction>
      </RouteLink>
      <RouteLink id="ABAO258_020_20574">
        <From>
          <StopPointRef>630060429</StopPointRef>
        </From>
        <To>
          <StopPointRef>630023752</StopPointRef>
        </To>
        <Direction>outbound</Direction>
      </RouteLink>
      <RouteLink id="ABAO258_020_20575">
        <From>
          <StopPointRef>630023752</StopPointRef>
        </From>
        <To>
          <StopPointRef>630023771</StopPointRef>
        </To>
        <Direction>outbound</Direction>
      </RouteLink>
      <RouteLink id="ABAO258_020_20576">
        <From>
          <StopPointRef>630023771</StopPointRef>
        </From>
        <To>
          <StopPointRef>630062431</StopPointRef>
        </To>
        <Direction>outbound</Direction>
      </RouteLink>
      <RouteLink id="ABAO258_020_20577">
        <From>
          <StopPointRef>630062431</StopPointRef>
        </From>
        <To>
          <StopPointRef>630023712</StopPointRef>
        </To>
        <Direction>outbound</Direction>
      </RouteLink>
      <RouteLink id="ABAO258_020_20578">
        <From>
          <StopPointRef>630023712</StopPointRef>
        </From>
        <To>
          <StopPointRef>630023731</StopPointRef>
        </To>
        <Direction>outbound</Direction>
      </RouteLink>
      <RouteLink id="ABAO258_020_20579">
        <From>
          <StopPointRef>630023731</StopPointRef>
        </From>
        <To>
          <StopPointRef>630023722</StopPointRef>
        </To>
        <Direction>outbound</Direction>
      </RouteLink>
      <RouteLink id="ABAO258_020_20580">
        <From>
          <StopPointRef>630023722</StopPointRef>
        </From>
        <To>
          <StopPointRef>630023751</StopPointRef>
        </To>
        <Direction>outbound</Direction>
      </RouteLink>
    </RouteSection>
    <RouteSection id="ABAO258_025">
      <RouteLink id="ABAO258_025_20582">
        <From>
          <StopPointRef>630061661</StopPointRef>
        </From>
        <To>
          <StopPointRef>630022461</StopPointRef>
        </To>
        <Direction>outbound</Direction>
      </RouteLink>
      <RouteLink id="ABAO258_025_20583">
        <From>
          <StopPointRef>630022461</StopPointRef>
        </From>
        <To>
          <StopPointRef>630022432</StopPointRef>
        </To>
        <Direction>outbound</Direction>
      </RouteLink>
      <RouteLink id="ABAO258_025_20584">
        <From>
          <StopPointRef>630022432</StopPointRef>
        </From>
        <To>
          <StopPointRef>630026071</StopPointRef>
        </To>
        <Direction>outbound</Direction>
      </RouteLink>
      <RouteLink id="ABAO258_025_20585">
        <From>
          <StopPointRef>630026071</StopPointRef>
        </From>
        <To>
          <StopPointRef>630060833</StopPointRef>
        </To>
        <Direction>outbound</Direction>
      </RouteLink>
      <RouteLink id="ABAO258_025_20586">
        <From>
          <StopPointRef>630060833</StopPointRef>
        </From>
        <To>
          <StopPointRef>630023741</StopPointRef>
        </To>
        <Direction>outbound</Direction>
      </RouteLink>
      <RouteLink id="ABAO258_025_20587">
        <From>
          <StopPointRef>630023741</StopPointRef>
        </From>
        <To>
          <StopPointRef>630023222</StopPointRef>
        </To>
        <Direction>outbound</Direction>
      </RouteLink>
      <RouteLink id="ABAO258_025_20588">
        <From>
          <StopPointRef>630023222</StopPointRef>
        </From>
        <To>
          <StopPointRef>630023212</StopPointRef>
        </To>
        <Direction>outbound</Direction>
      </RouteLink>
      <RouteLink id="ABAO258_025_20589">
        <From>
          <StopPointRef>630023212</StopPointRef>
        </From>
        <To>
          <StopPointRef>630023731</StopPointRef>
        </To>
        <Direction>outbound</Direction>
      </RouteLink>
      <RouteLink id="ABAO258_025_20590">
        <From>
          <StopPointRef>630023731</StopPointRef>
        </From>
        <To>
          <StopPointRef>630023722</StopPointRef>
        </To>
        <Direction>outbound</Direction>
      </RouteLink>
      <RouteLink id="ABAO258_025_20591">
        <From>
          <StopPointRef>630023722</StopPointRef>
        </From>
        <To>
          <StopPointRef>630023711</StopPointRef>
        </To>
        <Direction>outbound</Direction>
      </RouteLink>
      <RouteLink id="ABAO258_025_20592">
        <From>
          <StopPointRef>630023711</StopPointRef>
        </From>
        <To>
          <StopPointRef>630023691</StopPointRef>
        </To>
        <Direction>outbound</Direction>
      </RouteLink>
      <RouteLink id="ABAO258_025_20593">
        <From>
          <StopPointRef>630023691</StopPointRef>
        </From>
        <To>
          <StopPointRef>630023791</StopPointRef>
        </To>
        <Direction>outbound</Direction>
      </RouteLink>
      <RouteLink id="ABAO258_025_20594">
        <From>
          <StopPointRef>630023791</StopPointRef>
        </From>
        <To>
          <StopPointRef>630023781</StopPointRef>
        </To>
        <Direction>outbound</Direction>
      </RouteLink>
      <RouteLink id="ABAO258_025_20595">
        <From>
          <StopPointRef>630023781</StopPointRef>
        </From>
        <To>
          <StopPointRef>630023772</StopPointRef>
        </To>
        <Direction>outbound</Direction>
      </RouteLink>
      <RouteLink id="ABAO258_025_20596">
        <From>
          <StopPointRef>630023772</StopPointRef>
        </From>
        <To>
          <StopPointRef>630023761</StopPointRef>
        </To>
        <Direction>outbound</Direction>
      </RouteLink>
      <RouteLink id="ABAO258_025_20597">
        <From>
          <StopPointRef>630023761</StopPointRef>
        </From>
        <To>
          <StopPointRef>630023751</StopPointRef>
        </To>
        <Direction>outbound</Direction>
      </RouteLink>
      <RouteLink id="ABAO258_025_20598">
        <From>
          <StopPointRef>630023751</StopPointRef>
        </From>
        <To>
          <StopPointRef>630060164</StopPointRef>
        </To>
        <Direction>outbound</Direction>
      </RouteLink>
      <RouteLink id="ABAO258_025_20599">
        <From>
          <StopPointRef>630060164</StopPointRef>
        </From>
        <To>
          <StopPointRef>630060158</StopPointRef>
        </To>
        <Direction>outbound</Direction>
      </RouteLink>
      <RouteLink id="ABAO258_025_20600">
        <From>
          <StopPointRef>630060158</StopPointRef>
        </From>
        <To>
          <StopPointRef>630062422</StopPointRef>
        </To>
        <Direction>outbound</Direction>
      </RouteLink>
      <RouteLink id="ABAO258_025_20601">
        <From>
          <StopPointRef>630062422</StopPointRef>
        </From>
        <To>
          <StopPointRef>630022461</StopPointRef>
        </To>
        <Direction>outbound</Direction>
      </RouteLink>
    </RouteSection>
  </RouteSections>
  <Routes>
    <Route id="ABAO258_024">
      <Description>Cuminestown circular - Turriff
</Description>
      <RouteSectionRef>ABAO258_024</RouteSectionRef>
    </Route>
    <Route id="ABAO258_004">
      <Description>Cuminestown circular - Turriff
</Description>
      <RouteSectionRef>ABAO258_004</RouteSectionRef>
    </Route>
    <Route id="ABAO258_020">
      <Description>Cuminestown circular - Turriff
</Description>
      <RouteSectionRef>ABAO258_020</RouteSectionRef>
    </Route>
    <Route id="ABAO258_025">
      <Description>Cuminestown circular - Turriff
</Description>
      <RouteSectionRef>ABAO258_025</RouteSectionRef>
    </Route>
  </Routes>
  <JourneyPatternSections>
    <JourneyPatternSection id="JPS_ABAO258-5">
      <JourneyPatternTimingLink id="JPS_ABAO258-5_20533">
        <From>
          <StopPointRef>630022461</StopPointRef>
          <TimingStatus>PTP</TimingStatus>
        </From>
        <To>
          <StopPointRef>630061661</StopPointRef>
          <TimingStatus>OTH</TimingStatus>
        </To>
        <RouteLinkRef>ABAO258_024_20533</RouteLinkRef>
        <Direction>outbound</Direction>
        <RunTime>PT0S</RunTime>
      </JourneyPatternTimingLink>
      <JourneyPatternTimingLink id="JPS_ABAO258-5_20534">
        <From>
          <StopPointRef>630061661</StopPointRef>
          <TimingStatus>OTH</TimingStatus>
        </From>
        <To>
          <StopPointRef>630062421</StopPointRef>
          <TimingStatus>PTP</TimingStatus>
        </To>
        <RouteLinkRef>ABAO258_024_20534</RouteLinkRef>
        <Direction>outbound</Direction>
        <RunTime>PT120S</RunTime>
      </JourneyPatternTimingLink>
      <JourneyPatternTimingLink id="JPS_ABAO258-5_20535">
        <From>
          <StopPointRef>630062421</StopPointRef>
          <TimingStatus>PTP</TimingStatus>
        </From>
        <To>
          <StopPointRef>630060157</StopPointRef>
          <TimingStatus>OTH</TimingStatus>
        </To>
        <RouteLinkRef>ABAO258_024_20535</RouteLinkRef>
        <Direction>outbound</Direction>
        <RunTime>PT180S</RunTime>
      </JourneyPatternTimingLink>
      <JourneyPatternTimingLink id="JPS_ABAO258-5_20536">
        <From>
          <StopPointRef>630060157</StopPointRef>
          <TimingStatus>OTH</TimingStatus>
        </From>
        <To>
          <StopPointRef>630060163</StopPointRef>
          <TimingStatus>OTH</TimingStatus>
        </To>
        <RouteLinkRef>ABAO258_024_20536</RouteLinkRef>
        <Direction>outbound</Direction>
        <RunTime>PT240S</RunTime>
      </JourneyPatternTimingLink>
      <JourneyPatternTimingLink id="JPS_ABAO258-5_20537">
        <From>
          <StopPointRef>630060163</StopPointRef>
          <TimingStatus>OTH</TimingStatus>
        </From>
        <To>
          <StopPointRef>630023752</StopPointRef>
          <TimingStatus>PTP</TimingStatus>
        </To>
        <RouteLinkRef>ABAO258_024_20537</RouteLinkRef>
        <Direction>outbound</Direction>
        <RunTime>PT360S</RunTime>
      </JourneyPatternTimingLink>
      <JourneyPatternTimingLink id="JPS_ABAO258-5_20538">
        <From>
          <StopPointRef>630023752</StopPointRef>
          <TimingStatus>PTP</TimingStatus>
        </From>
        <To>
          <StopPointRef>630023771</StopPointRef>
          <TimingStatus>OTH</TimingStatus>
        </To>
        <RouteLinkRef>ABAO258_024_20538</RouteLinkRef>
        <Direction>outbound</Direction>
        <RunTime>PT0S</RunTime>
      </JourneyPatternTimingLink>
      <JourneyPatternTimingLink id="JPS_ABAO258-5_20539">
        <From>
          <StopPointRef>630023771</StopPointRef>
          <TimingStatus>OTH</TimingStatus>
        </From>
        <To>
          <StopPointRef>630023712</StopPointRef>
          <TimingStatus>OTH</TimingStatus>
        </To>
        <RouteLinkRef>ABAO258_024_20539</RouteLinkRef>
        <Direction>outbound</Direction>
        <RunTime>PT540S</RunTime>
      </JourneyPatternTimingLink>
      <JourneyPatternTimingLink id="JPS_ABAO258-5_20540">
        <From>
          <StopPointRef>630023712</StopPointRef>
          <TimingStatus>OTH</TimingStatus>
        </From>
        <To>
          <StopPointRef>630023721</StopPointRef>
          <TimingStatus>PTP</TimingStatus>
        </To>
        <RouteLinkRef>ABAO258_024_20540</RouteLinkRef>
        <Direction>outbound</Direction>
        <RunTime>PT60S</RunTime>
      </JourneyPatternTimingLink>
      <JourneyPatternTimingLink id="JPS_ABAO258-5_20541">
        <From>
          <StopPointRef>630023721</StopPointRef>
          <TimingStatus>PTP</TimingStatus>
        </From>
        <To>
          <StopPointRef>630023732</StopPointRef>
          <TimingStatus>OTH</TimingStatus>
        </To>
        <RouteLinkRef>ABAO258_024_20541</RouteLinkRef>
        <Direction>outbound</Direction>
        <RunTime>PT0S</RunTime>
      </JourneyPatternTimingLink>
      <JourneyPatternTimingLink id="JPS_ABAO258-5_20542">
        <From>
          <StopPointRef>630023732</StopPointRef>
          <TimingStatus>OTH</TimingStatus>
        </From>
        <To>
          <StopPointRef>630023211</StopPointRef>
          <TimingStatus>OTH</TimingStatus>
        </To>
        <RouteLinkRef>ABAO258_024_20542</RouteLinkRef>
        <Direction>outbound</Direction>
        <RunTime>PT420S</RunTime>
      </JourneyPatternTimingLink>
      <JourneyPatternTimingLink id="JPS_ABAO258-5_20543">
        <From>
          <StopPointRef>630023211</StopPointRef>
          <TimingStatus>OTH</TimingStatus>
        </From>
        <To>
          <StopPointRef>630023223</StopPointRef>
          <TimingStatus>OTH</TimingStatus>
        </To>
        <RouteLinkRef>ABAO258_024_20543</RouteLinkRef>
        <Direction>outbound</Direction>
        <RunTime>PT120S</RunTime>
      </JourneyPatternTimingLink>
      <JourneyPatternTimingLink id="JPS_ABAO258-5_20544">
        <From>
          <StopPointRef>630023223</StopPointRef>
          <TimingStatus>OTH</TimingStatus>
        </From>
        <To>
          <StopPointRef>630063381</StopPointRef>
          <TimingStatus>PTP</TimingStatus>
        </To>
        <RouteLinkRef>ABAO258_024_20544</RouteLinkRef>
        <Direction>outbound</Direction>
        <RunTime>PT60S</RunTime>
      </JourneyPatternTimingLink>
      <JourneyPatternTimingLink id="JPS_ABAO258-5_20545">
        <From>
          <StopPointRef>630063381</StopPointRef>
          <TimingStatus>PTP</TimingStatus>
        </From>
        <To>
          <StopPointRef>630063742</StopPointRef>
          <TimingStatus>PTP</TimingStatus>
        </To>
        <RouteLinkRef>ABAO258_024_20545</RouteLinkRef>
        <Direction>outbound</Direction>
        <RunTime>PT600S</RunTime>
      </JourneyPatternTimingLink>
      <JourneyPatternTimingLink id="JPS_ABAO258-5_20546">
        <From>
          <StopPointRef>630063742</StopPointRef>
          <TimingStatus>PTP</TimingStatus>
        </From>
        <To>
          <StopPointRef>630022421</StopPointRef>
          <TimingStatus>OTH</TimingStatus>
        </To>
        <RouteLinkRef>ABAO258_024_20546</RouteLinkRef>
        <Direction>outbound</Direction>
        <RunTime>PT300S</RunTime>
      </JourneyPatternTimingLink>
      <JourneyPatternTimingLink id="JPS_ABAO258-5_20547">
        <From>
          <StopPointRef>630022421</StopPointRef>
          <TimingStatus>OTH</TimingStatus>
        </From>
        <To>
          <StopPointRef>630026072</StopPointRef>
          <TimingStatus>PTP</TimingStatus>
        </To>
        <RouteLinkRef>ABAO258_024_20547</RouteLinkRef>
        <Direction>outbound</Direction>
        <RunTime>PT180S</RunTime>
      </JourneyPatternTimingLink>
      <JourneyPatternTimingLink id="JPS_ABAO258-5_20548">
        <From>
          <StopPointRef>630026072</StopPointRef>
          <TimingStatus>PTP</TimingStatus>
        </From>
        <To>
          <StopPointRef>630022431</StopPointRef>
          <TimingStatus>OTH</TimingStatus>
        </To>
        <RouteLinkRef>ABAO258_024_20548</RouteLinkRef>
        <Direction>outbound</Direction>
        <RunTime>PT0S</RunTime>
      </JourneyPatternTimingLink>
      <JourneyPatternTimingLink id="JPS_ABAO258-5_20549">
        <From>
          <StopPointRef>630022431</StopPointRef>
          <TimingStatus>OTH</TimingStatus>
        </From>
        <To>
          <StopPointRef>630022441</StopPointRef>
          <TimingStatus>OTH</TimingStatus>
        </To>
        <RouteLinkRef>ABAO258_024_20549</RouteLinkRef>
        <Direction>outbound</Direction>
        <RunTime>PT60S</RunTime>
      </JourneyPatternTimingLink>
      <JourneyPatternTimingLink id="JPS_ABAO258-5_20550">
        <From>
          <StopPointRef>630022441</StopPointRef>
          <TimingStatus>OTH</TimingStatus>
        </From>
        <To>
          <StopPointRef>630022461</StopPointRef>
          <TimingStatus>PTP</TimingStatus>
        </To>
        <RouteLinkRef>ABAO258_024_20550</RouteLinkRef>
        <Direction>outbound</Direction>
        <RunTime>PT60S</RunTime>
      </JourneyPatternTimingLink>
      <JourneyPatternTimingLink id="JPS_ABAO258-5_20551">
        <From>
          <StopPointRef>630022461</StopPointRef>
          <TimingStatus>PTP</TimingStatus>
        </From>
        <To>
          <StopPointRef>630061661</StopPointRef>
          <TimingStatus>PTP</TimingStatus>
        </To>
        <RouteLinkRef>ABAO258_024_20551</RouteLinkRef>
        <Direction>outbound</Direction>
        <RunTime>PT120S</RunTime>
      </JourneyPatternTimingLink>
    </JourneyPatternSection>
    <JourneyPatternSection id="JPS_ABAO258-6">
      <JourneyPatternTimingLink id="JPS_ABAO258-6_20553">
        <From>
          <StopPointRef>630023752</StopPointRef>
          <TimingStatus>PTP</TimingStatus>
        </From>
        <To>
          <StopPointRef>630023771</StopPointRef>
          <TimingStatus>OTH</TimingStatus>
        </To>
        <RouteLinkRef>ABAO258_004_20553</RouteLinkRef>
        <Direction>outbound</Direction>
        <RunTime>PT60S</RunTime>
      </JourneyPatternTimingLink>
      <JourneyPatternTimingLink id="JPS_ABAO258-6_20554">
        <From>
          <StopPointRef>630023771</StopPointRef>
          <TimingStatus>OTH</TimingStatus>
        </From>
        <To>
          <StopPointRef>630023722</StopPointRef>
          <TimingStatus>PTP</TimingStatus>
        </To>
        <RouteLinkRef>ABAO258_004_20554</RouteLinkRef>
        <Direction>outbound</Direction>
        <RunTime>PT660S</RunTime>
      </JourneyPatternTimingLink>
      <JourneyPatternTimingLink id="JPS_ABAO258-6_20555">
        <From>
          <StopPointRef>630023722</StopPointRef>
          <TimingStatus>PTP</TimingStatus>
        </From>
        <To>
          <StopPointRef>630062432</StopPointRef>
          <TimingStatus>PTP</TimingStatus>
        </To>
        <RouteLinkRef>ABAO258_004_20555</RouteLinkRef>
        <Direction>outbound</Direction>
        <RunTime>PT300S</RunTime>
      </JourneyPatternTimingLink>
      <JourneyPatternTimingLink id="JPS_ABAO258-6_20556">
        <From>
          <StopPointRef>630062432</StopPointRef>
          <TimingStatus>PTP</TimingStatus>
        </From>
        <To>
          <StopPointRef>630023791</StopPointRef>
          <TimingStatus>OTH</TimingStatus>
        </To>
        <RouteLinkRef>ABAO258_004_20556</RouteLinkRef>
        <Direction>outbound</Direction>
        <RunTime>PT180S</RunTime>
      </JourneyPatternTimingLink>
      <JourneyPatternTimingLink id="JPS_ABAO258-6_20557">
        <From>
          <StopPointRef>630023791</StopPointRef>
          <TimingStatus>OTH</TimingStatus>
        </From>
        <To>
          <StopPointRef>630023781</StopPointRef>
          <TimingStatus>OTH</TimingStatus>
        </To>
        <RouteLinkRef>ABAO258_004_20557</RouteLinkRef>
        <Direction>outbound</Direction>
        <RunTime>PT0S</RunTime>
      </JourneyPatternTimingLink>
      <JourneyPatternTimingLink id="JPS_ABAO258-6_20558">
        <From>
          <StopPointRef>630023781</StopPointRef>
          <TimingStatus>OTH</TimingStatus>
        </From>
        <To>
          <StopPointRef>630023772</StopPointRef>
          <TimingStatus>OTH</TimingStatus>
        </To>
        <RouteLinkRef>ABAO258_004_20558</RouteLinkRef>
        <Direction>outbound</Direction>
        <RunTime>PT60S</RunTime>
      </JourneyPatternTimingLink>
      <JourneyPatternTimingLink id="JPS_ABAO258-6_20559">
        <From>
          <StopPointRef>630023772</StopPointRef>
          <TimingStatus>OTH</TimingStatus>
        </From>
        <To>
          <StopPointRef>630023761</StopPointRef>
          <TimingStatus>OTH</TimingStatus>
        </To>
        <RouteLinkRef>ABAO258_004_20559</RouteLinkRef>
        <Direction>outbound</Direction>
        <RunTime>PT0S</RunTime>
      </JourneyPatternTimingLink>
      <JourneyPatternTimingLink id="JPS_ABAO258-6_20560">
        <From>
          <StopPointRef>630023761</StopPointRef>
          <TimingStatus>OTH</TimingStatus>
        </From>
        <To>
          <StopPointRef>630023751</StopPointRef>
          <TimingStatus>PTP</TimingStatus>
        </To>
        <RouteLinkRef>ABAO258_004_20560</RouteLinkRef>
        <Direction>outbound</Direction>
        <RunTime>PT60S</RunTime>
      </JourneyPatternTimingLink>
      <JourneyPatternTimingLink id="JPS_ABAO258-6_20561">
        <From>
          <StopPointRef>630023751</StopPointRef>
          <TimingStatus>PTP</TimingStatus>
        </From>
        <To>
          <StopPointRef>630060428</StopPointRef>
          <TimingStatus>OTH</TimingStatus>
        </To>
        <RouteLinkRef>ABAO258_004_20561</RouteLinkRef>
        <Direction>outbound</Direction>
        <RunTime>PT300S</RunTime>
      </JourneyPatternTimingLink>
      <JourneyPatternTimingLink id="JPS_ABAO258-6_20562">
        <From>
          <StopPointRef>630060428</StopPointRef>
          <TimingStatus>OTH</TimingStatus>
        </From>
        <To>
          <StopPointRef>630060434</StopPointRef>
          <TimingStatus>OTH</TimingStatus>
        </To>
        <RouteLinkRef>ABAO258_004_20562</RouteLinkRef>
        <Direction>outbound</Direction>
        <RunTime>PT300S</RunTime>
      </JourneyPatternTimingLink>
      <JourneyPatternTimingLink id="JPS_ABAO258-6_20563">
        <From>
          <StopPointRef>630060434</StopPointRef>
          <TimingStatus>OTH</TimingStatus>
        </From>
        <To>
          <StopPointRef>630026072</StopPointRef>
          <TimingStatus>PTP</TimingStatus>
        </To>
        <RouteLinkRef>ABAO258_004_20563</RouteLinkRef>
        <Direction>outbound</Direction>
        <RunTime>PT360S</RunTime>
      </JourneyPatternTimingLink>
      <JourneyPatternTimingLink id="JPS_ABAO258-6_20564">
        <From>
          <StopPointRef>630026072</StopPointRef>
          <TimingStatus>PTP</TimingStatus>
        </From>
        <To>
          <StopPointRef>630022431</StopPointRef>
          <TimingStatus>OTH</TimingStatus>
        </To>
        <RouteLinkRef>ABAO258_004_20564</RouteLinkRef>
        <Direction>outbound</Direction>
        <RunTime>PT0S</RunTime>
      </JourneyPatternTimingLink>
      <JourneyPatternTimingLink id="JPS_ABAO258-6_20565">
        <From>
          <StopPointRef>630022431</StopPointRef>
          <TimingStatus>OTH</TimingStatus>
        </From>
        <To>
          <StopPointRef>630022441</StopPointRef>
          <TimingStatus>OTH</TimingStatus>
        </To>
        <RouteLinkRef>ABAO258_004_20565</RouteLinkRef>
        <Direction>outbound</Direction>
        <RunTime>PT60S</RunTime>
      </JourneyPatternTimingLink>
      <JourneyPatternTimingLink id="JPS_ABAO258-6_20566">
        <From>
          <StopPointRef>630022441</StopPointRef>
          <TimingStatus>OTH</TimingStatus>
        </From>
        <To>
          <StopPointRef>630022461</StopPointRef>
          <TimingStatus>PTP</TimingStatus>
        </To>
        <RouteLinkRef>ABAO258_004_20566</RouteLinkRef>
        <Direction>outbound</Direction>
        <RunTime>PT60S</RunTime>
      </JourneyPatternTimingLink>
      <JourneyPatternTimingLink id="JPS_ABAO258-6_20567">
        <From>
          <StopPointRef>630022461</StopPointRef>
          <TimingStatus>PTP</TimingStatus>
        </From>
        <To>
          <StopPointRef>630061661</StopPointRef>
          <TimingStatus>PTP</TimingStatus>
        </To>
        <RouteLinkRef>ABAO258_004_20567</RouteLinkRef>
        <Direction>outbound</Direction>
        <RunTime>PT300S</RunTime>
      </JourneyPatternTimingLink>
    </JourneyPatternSection>
    <JourneyPatternSection id="JPS_ABAO258-7">
      <JourneyPatternTimingLink id="JPS_ABAO258-7_20569">
        <From>
          <StopPointRef>630061661</StopPointRef>
          <TimingStatus>PTP</TimingStatus>
        </From>
        <To>
          <StopPointRef>630022461</StopPointRef>
          <TimingStatus>PTP</TimingStatus>
        </To>
        <RouteLinkRef>ABAO258_020_20569</RouteLinkRef>
        <Direction>outbound</Direction>
        <RunTime>PT300S</RunTime>
      </JourneyPatternTimingLink>
      <JourneyPatternTimingLink id="JPS_ABAO258-7_20570">
        <From>
          <StopPointRef>630022461</StopPointRef>
          <TimingStatus>PTP</TimingStatus>
        </From>
        <To>
          <StopPointRef>630022432</StopPointRef>
          <TimingStatus>OTH</TimingStatus>
        </To>
        <RouteLinkRef>ABAO258_020_20570</RouteLinkRef>
        <Direction>outbound</Direction>
        <RunTime>PT60S</RunTime>
      </JourneyPatternTimingLink>
      <JourneyPatternTimingLink id="JPS_ABAO258-7_20571">
        <From>
          <StopPointRef>630022432</StopPointRef>
          <TimingStatus>OTH</TimingStatus>
        </From>
        <To>
          <StopPointRef>630026071</StopPointRef>
          <TimingStatus>PTP</TimingStatus>
        </To>
        <RouteLinkRef>ABAO258_020_20571</RouteLinkRef>
        <Direction>outbound</Direction>
        <RunTime>PT60S</RunTime>
      </JourneyPatternTimingLink>
      <JourneyPatternTimingLink id="JPS_ABAO258-7_20572">
        <From>
          <StopPointRef>630026071</StopPointRef>
          <TimingStatus>PTP</TimingStatus>
        </From>
        <To>
          <StopPointRef>630060433</StopPointRef>
          <TimingStatus>OTH</TimingStatus>
        </To>
        <RouteLinkRef>ABAO258_020_20572</RouteLinkRef>
        <Direction>outbound</Direction>
        <RunTime>PT300S</RunTime>
      </JourneyPatternTimingLink>
      <JourneyPatternTimingLink id="JPS_ABAO258-7_20573">
        <From>
          <StopPointRef>630060433</StopPointRef>
          <TimingStatus>OTH</TimingStatus>
        </From>
        <To>
          <StopPointRef>630060429</StopPointRef>
          <TimingStatus>OTH</TimingStatus>
        </To>
        <RouteLinkRef>ABAO258_020_20573</RouteLinkRef>
        <Direction>outbound</Direction>
        <RunTime>PT240S</RunTime>
      </JourneyPatternTimingLink>
      <JourneyPatternTimingLink id="JPS_ABAO258-7_20574">
        <From>
          <StopPointRef>630060429</StopPointRef>
          <TimingStatus>OTH</TimingStatus>
        </From>
        <To>
          <StopPointRef>630023752</StopPointRef>
          <TimingStatus>PTP</TimingStatus>
        </To>
        <RouteLinkRef>ABAO258_020_20574</RouteLinkRef>
        <Direction>outbound</Direction>
        <RunTime>PT360S</RunTime>
      </JourneyPatternTimingLink>
      <JourneyPatternTimingLink id="JPS_ABAO258-7_20575">
        <From>
          <StopPointRef>630023752</StopPointRef>
          <TimingStatus>PTP</TimingStatus>
        </From>
        <To>
          <StopPointRef>630023771</StopPointRef>
          <TimingStatus>OTH</TimingStatus>
        </To>
        <RouteLinkRef>ABAO258_020_20575</RouteLinkRef>
        <Direction>outbound</Direction>
        <RunTime>PT0S</RunTime>
      </JourneyPatternTimingLink>
      <JourneyPatternTimingLink id="JPS_ABAO258-7_20576">
        <From>
          <StopPointRef>630023771</StopPointRef>
          <TimingStatus>OTH</TimingStatus>
        </From>
        <To>
          <StopPointRef>630062431</StopPointRef>
          <TimingStatus>PTP</TimingStatus>
        </To>
        <RouteLinkRef>ABAO258_020_20576</RouteLinkRef>
        <Direction>outbound</Direction>
        <RunTime>PT300S</RunTime>
      </JourneyPatternTimingLink>
      <JourneyPatternTimingLink id="JPS_ABAO258-7_20577">
        <From>
          <StopPointRef>630062431</StopPointRef>
          <TimingStatus>PTP</TimingStatus>
        </From>
        <To>
          <StopPointRef>630023712</StopPointRef>
          <TimingStatus>OTH</TimingStatus>
        </To>
        <RouteLinkRef>ABAO258_020_20577</RouteLinkRef>
        <Direction>outbound</Direction>
        <RunTime>PT240S</RunTime>
      </JourneyPatternTimingLink>
      <JourneyPatternTimingLink id="JPS_ABAO258-7_20578">
        <From>
          <StopPointRef>630023712</StopPointRef>
          <TimingStatus>OTH</TimingStatus>
        </From>
        <To>
          <StopPointRef>630023731</StopPointRef>
          <TimingStatus>OTH</TimingStatus>
        </To>
        <RouteLinkRef>ABAO258_020_20578</RouteLinkRef>
        <Direction>outbound</Direction>
        <RunTime>PT0S</RunTime>
      </JourneyPatternTimingLink>
      <JourneyPatternTimingLink id="JPS_ABAO258-7_20579">
        <From>
          <StopPointRef>630023731</StopPointRef>
          <TimingStatus>OTH</TimingStatus>
        </From>
        <To>
          <StopPointRef>630023722</StopPointRef>
          <TimingStatus>PTP</TimingStatus>
        </To>
        <RouteLinkRef>ABAO258_020_20579</RouteLinkRef>
        <Direction>outbound</Direction>
        <RunTime>PT60S</RunTime>
      </JourneyPatternTimingLink>
      <JourneyPatternTimingLink id="JPS_ABAO258-7_20580">
        <From>
          <StopPointRef>630023722</StopPointRef>
          <TimingStatus>PTP</TimingStatus>
        </From>
        <To>
          <StopPointRef>630023751</StopPointRef>
          <TimingStatus>PTP</TimingStatus>
        </To>
        <RouteLinkRef>ABAO258_020_20580</RouteLinkRef>
        <Direction>outbound</Direction>
        <RunTime>PT480S</RunTime>
      </JourneyPatternTimingLink>
    </JourneyPatternSection>
    <JourneyPatternSection id="JPS_ABAO258-8">
      <JourneyPatternTimingLink id="JPS_ABAO258-8_20582">
        <From>
          <StopPointRef>630061661</StopPointRef>
          <TimingStatus>PTP</TimingStatus>
        </From>
        <To>
          <StopPointRef>630022461</StopPointRef>
          <TimingStatus>PTP</TimingStatus>
        </To>
        <RouteLinkRef>ABAO258_025_20582</RouteLinkRef>
        <Direction>outbound</Direction>
        <RunTime>PT300S</RunTime>
      </JourneyPatternTimingLink>
      <JourneyPatternTimingLink id="JPS_ABAO258-8_20583">
        <From>
          <StopPointRef>630022461</StopPointRef>
          <TimingStatus>PTP</TimingStatus>
        </From>
        <To>
          <StopPointRef>630022432</StopPointRef>
          <TimingStatus>OTH</TimingStatus>
        </To>
        <RouteLinkRef>ABAO258_025_20583</RouteLinkRef>
        <Direction>outbound</Direction>
        <RunTime>PT60S</RunTime>
      </JourneyPatternTimingLink>
      <JourneyPatternTimingLink id="JPS_ABAO258-8_20584">
        <From>
          <StopPointRef>630022432</StopPointRef>
          <TimingStatus>OTH</TimingStatus>
        </From>
        <To>
          <StopPointRef>630026071</StopPointRef>
          <TimingStatus>PTP</TimingStatus>
        </To>
        <RouteLinkRef>ABAO258_025_20584</RouteLinkRef>
        <Direction>outbound</Direction>
        <RunTime>PT60S</RunTime>
      </JourneyPatternTimingLink>
      <JourneyPatternTimingLink id="JPS_ABAO258-8_20585">
        <From>
          <StopPointRef>630026071</StopPointRef>
          <TimingStatus>PTP</TimingStatus>
        </From>
        <To>
          <StopPointRef>630060833</StopPointRef>
          <TimingStatus>OTH</TimingStatus>
        </To>
        <RouteLinkRef>ABAO258_025_20585</RouteLinkRef>
        <Direction>outbound</Direction>
        <RunTime>PT60S</RunTime>
      </JourneyPatternTimingLink>
      <JourneyPatternTimingLink id="JPS_ABAO258-8_20586">
        <From>
          <StopPointRef>630060833</StopPointRef>
          <TimingStatus>OTH</TimingStatus>
        </From>
        <To>
          <StopPointRef>630023741</StopPointRef>
          <TimingStatus>PTP</TimingStatus>
        </To>
        <RouteLinkRef>ABAO258_025_20586</RouteLinkRef>
        <Direction>outbound</Direction>
        <RunTime>PT300S</RunTime>
      </JourneyPatternTimingLink>
      <JourneyPatternTimingLink id="JPS_ABAO258-8_20587">
        <From>
          <StopPointRef>630023741</StopPointRef>
          <TimingStatus>PTP</TimingStatus>
        </From>
        <To>
          <StopPointRef>630023222</StopPointRef>
          <TimingStatus>PTP</TimingStatus>
        </To>
        <RouteLinkRef>ABAO258_025_20587</RouteLinkRef>
        <Direction>outbound</Direction>
        <RunTime>PT600S</RunTime>
      </JourneyPatternTimingLink>
      <JourneyPatternTimingLink id="JPS_ABAO258-8_20588">
        <From>
          <StopPointRef>630023222</StopPointRef>
          <TimingStatus>PTP</TimingStatus>
        </From>
        <To>
          <StopPointRef>630023212</StopPointRef>
          <TimingStatus>OTH</TimingStatus>
        </To>
        <RouteLinkRef>ABAO258_025_20588</RouteLinkRef>
        <Direction>outbound</Direction>
        <RunTime>PT120S</RunTime>
      </JourneyPatternTimingLink>
      <JourneyPatternTimingLink id="JPS_ABAO258-8_20589">
        <From>
          <StopPointRef>630023212</StopPointRef>
          <TimingStatus>OTH</TimingStatus>
        </From>
        <To>
          <StopPointRef>630023731</StopPointRef>
          <TimingStatus>OTH</TimingStatus>
        </To>
        <RouteLinkRef>ABAO258_025_20589</RouteLinkRef>
        <Direction>outbound</Direction>
        <RunTime>PT240S</RunTime>
      </JourneyPatternTimingLink>
      <JourneyPatternTimingLink id="JPS_ABAO258-8_20590">
        <From>
          <StopPointRef>630023731</StopPointRef>
          <TimingStatus>OTH</TimingStatus>
        </From>
        <To>
          <StopPointRef>630023722</StopPointRef>
          <TimingStatus>PTP</TimingStatus>
        </To>
        <RouteLinkRef>ABAO258_025_20590</RouteLinkRef>
        <Direction>outbound</Direction>
        <RunTime>PT60S</RunTime>
      </JourneyPatternTimingLink>
      <JourneyPatternTimingLink id="JPS_ABAO258-8_20591">
        <From>
          <StopPointRef>630023722</StopPointRef>
          <TimingStatus>PTP</TimingStatus>
        </From>
        <To>
          <StopPointRef>630023711</StopPointRef>
          <TimingStatus>OTH</TimingStatus>
        </To>
        <RouteLinkRef>ABAO258_025_20591</RouteLinkRef>
        <Direction>outbound</Direction>
        <RunTime>PT0S</RunTime>
      </JourneyPatternTimingLink>
      <JourneyPatternTimingLink id="JPS_ABAO258-8_20592">
        <From>
          <StopPointRef>630023711</StopPointRef>
          <TimingStatus>OTH</TimingStatus>
        </From>
        <To>
          <StopPointRef>630023691</StopPointRef>
          <TimingStatus>OTH</TimingStatus>
        </To>
        <RouteLinkRef>ABAO258_025_20592</RouteLinkRef>
        <Direction>outbound</Direction>
        <RunTime>PT0S</RunTime>
      </JourneyPatternTimingLink>
      <JourneyPatternTimingLink id="JPS_ABAO258-8_20593">
        <From>
          <StopPointRef>630023691</StopPointRef>
          <TimingStatus>OTH</TimingStatus>
        </From>
        <To>
          <StopPointRef>630023791</StopPointRef>
          <TimingStatus>OTH</TimingStatus>
        </To>
        <RouteLinkRef>ABAO258_025_20593</RouteLinkRef>
        <Direction>outbound</Direction>
        <RunTime>PT480S</RunTime>
      </JourneyPatternTimingLink>
      <JourneyPatternTimingLink id="JPS_ABAO258-8_20594">
        <From>
          <StopPointRef>630023791</StopPointRef>
          <TimingStatus>OTH</TimingStatus>
        </From>
        <To>
          <StopPointRef>630023781</StopPointRef>
          <TimingStatus>OTH</TimingStatus>
        </To>
        <RouteLinkRef>ABAO258_025_20594</RouteLinkRef>
        <Direction>outbound</Direction>
        <RunTime>PT0S</RunTime>
      </JourneyPatternTimingLink>
      <JourneyPatternTimingLink id="JPS_ABAO258-8_20595">
        <From>
          <StopPointRef>630023781</StopPointRef>
          <TimingStatus>OTH</TimingStatus>
        </From>
        <To>
          <StopPointRef>630023772</StopPointRef>
          <TimingStatus>OTH</TimingStatus>
        </To>
        <RouteLinkRef>ABAO258_025_20595</RouteLinkRef>
        <Direction>outbound</Direction>
        <RunTime>PT60S</RunTime>
      </JourneyPatternTimingLink>
      <JourneyPatternTimingLink id="JPS_ABAO258-8_20596">
        <From>
          <StopPointRef>630023772</StopPointRef>
          <TimingStatus>OTH</TimingStatus>
        </From>
        <To>
          <StopPointRef>630023761</StopPointRef>
          <TimingStatus>OTH</TimingStatus>
        </To>
        <RouteLinkRef>ABAO258_025_20596</RouteLinkRef>
        <Direction>outbound</Direction>
        <RunTime>PT0S</RunTime>
      </JourneyPatternTimingLink>
      <JourneyPatternTimingLink id="JPS_ABAO258-8_20597">
        <From>
          <StopPointRef>630023761</StopPointRef>
          <TimingStatus>OTH</TimingStatus>
        </From>
        <To>
          <StopPointRef>630023751</StopPointRef>
          <TimingStatus>PTP</TimingStatus>
        </To>
        <RouteLinkRef>ABAO258_025_20597</RouteLinkRef>
        <Direction>outbound</Direction>
        <RunTime>PT60S</RunTime>
      </JourneyPatternTimingLink>
      <JourneyPatternTimingLink id="JPS_ABAO258-8_20598">
        <From>
          <StopPointRef>630023751</StopPointRef>
          <TimingStatus>PTP</TimingStatus>
        </From>
        <To>
          <StopPointRef>630060164</StopPointRef>
          <TimingStatus>OTH</TimingStatus>
        </To>
        <RouteLinkRef>ABAO258_025_20598</RouteLinkRef>
        <Direction>outbound</Direction>
        <RunTime>PT300S</RunTime>
      </JourneyPatternTimingLink>
      <JourneyPatternTimingLink id="JPS_ABAO258-8_20599">
        <From>
          <StopPointRef>630060164</StopPointRef>
          <TimingStatus>OTH</TimingStatus>
        </From>
        <To>
          <StopPointRef>630060158</StopPointRef>
          <TimingStatus>OTH</TimingStatus>
        </To>
        <RouteLinkRef>ABAO258_025_20599</RouteLinkRef>
        <Direction>outbound</Direction>
        <RunTime>PT300S</RunTime>
      </JourneyPatternTimingLink>
      <JourneyPatternTimingLink id="JPS_ABAO258-8_20600">
        <From>
          <StopPointRef>630060158</StopPointRef>
          <TimingStatus>OTH</TimingStatus>
        </From>
        <To>
          <StopPointRef>630062422</StopPointRef>
          <TimingStatus>PTP</TimingStatus>
        </To>
        <RouteLinkRef>ABAO258_025_20600</RouteLinkRef>
        <Direction>outbound</Direction>
        <RunTime>PT300S</RunTime>
      </JourneyPatternTimingLink>
      <JourneyPatternTimingLink id="JPS_ABAO258-8_20601">
        <From>
          <StopPointRef>630062422</StopPointRef>
          <TimingStatus>PTP</TimingStatus>
        </From>
        <To>
          <StopPointRef>630022461</StopPointRef>
          <TimingStatus>PTP</TimingStatus>
        </To>
        <RouteLinkRef>ABAO258_025_20601</RouteLinkRef>
        <Direction>outbound</Direction>
        <RunTime>PT180S</RunTime>
      </JourneyPatternTimingLink>
    </JourneyPatternSection>
  </JourneyPatternSections>
  <Operators>
    <Operator id="BLB">
      <NationalOperatorCode>SBLB</NationalOperatorCode>
      <OperatorCode>BLB</OperatorCode>
      <OperatorShortName>Stagecoach North Scotlan</OperatorShortName>
    </Operator>
  </Operators>
  <Services>
    <Service>
      <ServiceCode>ABAO258</ServiceCode>
      <Lines>
        <Line id="0">
          <LineName>258</LineName>
        </Line>
      </Lines>
      <OperatingPeriod>
        <StartDate>2018-11-19</StartDate>
        <EndDate>2020-11-19</EndDate>
      </OperatingPeriod>
      <RegisteredOperatorRef>BLB</RegisteredOperatorRef>
      <StopRequirements>
        <NoNewStopsRequired />
      </StopRequirements>
      <Mode>bus</Mode>
      <Description>Cuminestown circular - Turriff</Description>
      <StandardService>
        <Origin>Cuminestown circular</Origin>
        <Destination>Turriff</Destination>
        <JourneyPattern id="JPS_ABAO258-5">
          <Direction>outbound</Direction>
          <JourneyPatternSectionRefs>JPS_ABAO258-5</JourneyPatternSectionRefs>
        </JourneyPattern>
        <JourneyPattern id="JPS_ABAO258-6">
          <Direction>outbound</Direction>
          <JourneyPatternSectionRefs>JPS_ABAO258-6</JourneyPatternSectionRefs>
        </JourneyPattern>
        <JourneyPattern id="JPS_ABAO258-7">
          <Direction>outbound</Direction>
          <JourneyPatternSectionRefs>JPS_ABAO258-7</JourneyPatternSectionRefs>
        </JourneyPattern>
        <JourneyPattern id="JPS_ABAO258-8">
          <Direction>outbound</Direction>
          <JourneyPatternSectionRefs>JPS_ABAO258-8</JourneyPatternSectionRefs>
        </JourneyPattern>
      </StandardService>
    </Service>
  </Services>
  <VehicleJourneys>
    <VehicleJourney>
      <OperatorRef>BLB</OperatorRef>
      <OperatingProfile>
        <RegularDayType>
          <DaysOfWeek>
            <Monday />
            <Tuesday />
            <Wednesday />
            <Thursday />
            <Friday />
          </DaysOfWeek>
        </RegularDayType>
        <ServicedOrganisationDayType>
          <DaysOfNonOperation>
            <WorkingDays>
              <ServicedOrganisationRef>102</ServicedOrganisationRef>
            </WorkingDays>
          </DaysOfNonOperation>
        </ServicedOrganisationDayType>
        <SpecialDaysOperation>
          <DaysOfNonOperation>
            <DateRange>
              <StartDate>2020-05-04</StartDate>
              <EndDate>2020-05-04</EndDate>
            </DateRange>
          </DaysOfNonOperation>
        </SpecialDaysOperation>
      </OperatingProfile>
      <VehicleJourneyCode>9281</VehicleJourneyCode>
      <ServiceRef>ABAO258</ServiceRef>
      <LineRef>0</LineRef>
      <JourneyPatternRef>JPS_ABAO258-5</JourneyPatternRef>
      <DepartureTime>07:35:00</DepartureTime>
    </VehicleJourney>
    <VehicleJourney>
      <OperatorRef>BLB</OperatorRef>
      <OperatingProfile>
        <RegularDayType>
          <DaysOfWeek>
            <Monday />
            <Tuesday />
            <Wednesday />
            <Thursday />
            <Friday />
          </DaysOfWeek>
        </RegularDayType>
        <ServicedOrganisationDayType>
          <DaysOfNonOperation>
            <WorkingDays>
              <ServicedOrganisationRef>102</ServicedOrganisationRef>
            </WorkingDays>
          </DaysOfNonOperation>
        </ServicedOrganisationDayType>
        <SpecialDaysOperation>
          <DaysOfNonOperation>
            <DateRange>
              <StartDate>2020-05-04</StartDate>
              <EndDate>2020-05-04</EndDate>
            </DateRange>
          </DaysOfNonOperation>
        </SpecialDaysOperation>
      </OperatingProfile>
      <VehicleJourneyCode>9282</VehicleJourneyCode>
      <ServiceRef>ABAO258</ServiceRef>
      <LineRef>0</LineRef>
      <JourneyPatternRef>JPS_ABAO258-6</JourneyPatternRef>
      <DepartureTime>07:55:00</DepartureTime>
    </VehicleJourney>
    <VehicleJourney>
      <OperatorRef>BLB</OperatorRef>
      <OperatingProfile>
        <RegularDayType>
          <DaysOfWeek>
            <Monday />
            <Wednesday />
            <Friday />
          </DaysOfWeek>
        </RegularDayType>
        <ServicedOrganisationDayType>
          <DaysOfNonOperation>
            <WorkingDays>
              <ServicedOrganisationRef>103</ServicedOrganisationRef>
            </WorkingDays>
          </DaysOfNonOperation>
        </ServicedOrganisationDayType>
      </OperatingProfile>
      <VehicleJourneyCode>9283</VehicleJourneyCode>
      <ServiceRef>ABAO258</ServiceRef>
      <LineRef>0</LineRef>
      <JourneyPatternRef>JPS_ABAO258-7</JourneyPatternRef>
      <DepartureTime>15:05:00</DepartureTime>
    </VehicleJourney>
    <VehicleJourney>
      <OperatorRef>BLB</OperatorRef>
      <OperatingProfile>
        <RegularDayType>
          <DaysOfWeek>
            <Monday />
            <Wednesday />
            <Friday />
          </DaysOfWeek>
        </RegularDayType>
        <ServicedOrganisationDayType>
          <DaysOfNonOperation>
            <WorkingDays>
              <ServicedOrganisationRef>103</ServicedOrganisationRef>
            </WorkingDays>
          </DaysOfNonOperation>
        </ServicedOrganisationDayType>
      </OperatingProfile>
      <VehicleJourneyCode>9284</VehicleJourneyCode>
      <ServiceRef>ABAO258</ServiceRef>
      <LineRef>0</LineRef>
      <JourneyPatternRef>JPS_ABAO258-8</JourneyPatternRef>
      <DepartureTime>15:05:00</DepartureTime>
    </VehicleJourney>
    <VehicleJourney>
      <OperatorRef>BLB</OperatorRef>
      <OperatingProfile>
        <RegularDayType>
          <DaysOfWeek>
            <Tuesday />
            <Thursday />
          </DaysOfWeek>
        </RegularDayType>
        <ServicedOrganisationDayType>
          <DaysOfNonOperation>
            <WorkingDays>
              <ServicedOrganisationRef>104</ServicedOrganisationRef>
            </WorkingDays>
          </DaysOfNonOperation>
        </ServicedOrganisationDayType>
      </OperatingProfile>
      <VehicleJourneyCode>9285</VehicleJourneyCode>
      <ServiceRef>ABAO258</ServiceRef>
      <LineRef>0</LineRef>
      <JourneyPatternRef>JPS_ABAO258-7</JourneyPatternRef>
      <DepartureTime>15:55:00</DepartureTime>
    </VehicleJourney>
    <VehicleJourney>
      <OperatorRef>BLB</OperatorRef>
      <OperatingProfile>
        <RegularDayType>
          <DaysOfWeek>
            <Tuesday />
            <Thursday />
          </DaysOfWeek>
        </RegularDayType>
        <ServicedOrganisationDayType>
          <DaysOfNonOperation>
            <WorkingDays>
              <ServicedOrganisationRef>104</ServicedOrganisationRef>
            </WorkingDays>
          </DaysOfNonOperation>
        </ServicedOrganisationDayType>
      </OperatingProfile>
      <VehicleJourneyCode>9286</VehicleJourneyCode>
      <ServiceRef>ABAO258</ServiceRef>
      <LineRef>0</LineRef>
      <JourneyPatternRef>JPS_ABAO258-8</JourneyPatternRef>
      <DepartureTime>15:55:00</DepartureTime>
    </VehicleJourney>
  </VehicleJourneys>
</TransXChange>