<?xml version="1.0" encoding="utf-8"?>
<TransXChange xmlns:xsi="http://www.w3.org/2001/XMLSchema-instance" xmlns:xsd="http://www.w3.org/2001/XMLSchema" xsi:schemaLocation="http://www.transxchange.org.uk/ http://www.transxchange.org.uk/schema/2.1/TransXChange_general.xsd" CreationDateTime="2019-10-07T13:15:00-00:00" ModificationDateTime="2019-10-07T13:15:00-00:00" Modification="new" RevisionNumber="0" FileName="SVRABAO419.xml" SchemaVersion="2.1" RegistrationDocument="false" xmlns="http://www.transxchange.org.uk/">
  <ServicedOrganisations>
    <ServicedOrganisation>
      <OrganisationCode>116</OrganisationCode>
      <Name>
QE0 : Cif-SER419-FAB-20190412_20190725_194948.cif
</Name>
      <WorkingDays>
        <DateRange>
          <StartDate>2019-04-12</StartDate>
          <EndDate>2019-04-14</EndDate>
        </DateRange>
        <DateRange>
          <StartDate>2019-04-19</StartDate>
          <EndDate>2019-04-22</EndDate>
        </DateRange>
        <DateRange>
          <StartDate>2019-07-07</StartDate>
          <EndDate>2019-08-19</EndDate>
        </DateRange>
        <DateRange>
          <StartDate>2019-10-13</StartDate>
          <EndDate>2019-10-26</EndDate>
        </DateRange>
        <DateRange>
          <StartDate>2019-11-17</StartDate>
          <EndDate>2019-11-19</EndDate>
        </DateRange>
        <DateRange>
          <StartDate>2019-12-22</StartDate>
          <EndDate>2020-01-04</EndDate>
        </DateRange>
        <DateRange>
          <StartDate>2020-02-16</StartDate>
          <EndDate>2020-02-19</EndDate>
        </DateRange>
        <DateRange>
          <StartDate>2020-04-05</StartDate>
          <EndDate>2020-04-18</EndDate>
        </DateRange>
      </WorkingDays>
    </ServicedOrganisation>
  </ServicedOrganisations>
  <StopPoints>
    <AnnotatedStopPointRef>
      <StopPointRef>639061352</StopPointRef>
      <CommonName>Academy</CommonName>
    </AnnotatedStopPointRef>
    <AnnotatedStopPointRef>
      <StopPointRef>639006791</StopPointRef>
      <CommonName>Cairn Road</CommonName>
    </AnnotatedStopPointRef>
    <AnnotatedStopPointRef>
      <StopPointRef>639006801</StopPointRef>
      <CommonName>Bieldside Station Road</CommonName>
    </AnnotatedStopPointRef>
    <AnnotatedStopPointRef>
      <StopPointRef>639006811</StopPointRef>
      <CommonName>Prospecthill Road</CommonName>
    </AnnotatedStopPointRef>
    <AnnotatedStopPointRef>
      <StopPointRef>639006821</StopPointRef>
      <CommonName>Dalmunzie Road</CommonName>
    </AnnotatedStopPointRef>
    <AnnotatedStopPointRef>
      <StopPointRef>639006831</StopPointRef>
      <CommonName>Hillhead Road</CommonName>
    </AnnotatedStopPointRef>
    <AnnotatedStopPointRef>
      <StopPointRef>639006841</StopPointRef>
      <CommonName>Milton of Murtle</CommonName>
    </AnnotatedStopPointRef>
    <AnnotatedStopPointRef>
      <StopPointRef>639006851</StopPointRef>
      <CommonName>Murtle Den Road</CommonName>
    </AnnotatedStopPointRef>
    <AnnotatedStopPointRef>
      <StopPointRef>639006882</StopPointRef>
      <CommonName>Contlaw Brae</CommonName>
    </AnnotatedStopPointRef>
    <AnnotatedStopPointRef>
      <StopPointRef>639006872</StopPointRef>
      <CommonName>Monearn Gardens</CommonName>
    </AnnotatedStopPointRef>
    <AnnotatedStopPointRef>
      <StopPointRef>639006862</StopPointRef>
      <CommonName>Binghill Road</CommonName>
    </AnnotatedStopPointRef>
  </StopPoints>
  <RouteSections>
    <RouteSection id="ABAO419_001">
      <RouteLink id="ABAO419_001_22275">
        <From>
          <StopPointRef>639061352</StopPointRef>
        </From>
        <To>
          <StopPointRef>639006791</StopPointRef>
        </To>
        <Direction>outbound</Direction>
      </RouteLink>
      <RouteLink id="ABAO419_001_22276">
        <From>
          <StopPointRef>639006791</StopPointRef>
        </From>
        <To>
          <StopPointRef>639006801</StopPointRef>
        </To>
        <Direction>outbound</Direction>
      </RouteLink>
      <RouteLink id="ABAO419_001_22277">
        <From>
          <StopPointRef>639006801</StopPointRef>
        </From>
        <To>
          <StopPointRef>639006811</StopPointRef>
        </To>
        <Direction>outbound</Direction>
      </RouteLink>
      <RouteLink id="ABAO419_001_22278">
        <From>
          <StopPointRef>639006811</StopPointRef>
        </From>
        <To>
          <StopPointRef>639006821</StopPointRef>
        </To>
        <Direction>outbound</Direction>
      </RouteLink>
      <RouteLink id="ABAO419_001_22279">
        <From>
          <StopPointRef>639006821</StopPointRef>
        </From>
        <To>
          <StopPointRef>639006831</StopPointRef>
        </To>
        <Direction>outbound</Direction>
      </RouteLink>
      <RouteLink id="ABAO419_001_22280">
        <From>
          <StopPointRef>639006831</StopPointRef>
        </From>
        <To>
          <StopPointRef>639006841</StopPointRef>
        </To>
        <Direction>outbound</Direction>
      </RouteLink>
      <RouteLink id="ABAO419_001_22281">
        <From>
          <StopPointRef>639006841</StopPointRef>
        </From>
        <To>
          <StopPointRef>639006851</StopPointRef>
        </To>
        <Direction>outbound</Direction>
      </RouteLink>
      <RouteLink id="ABAO419_001_22282">
        <From>
          <StopPointRef>639006851</StopPointRef>
        </From>
        <To>
          <StopPointRef>639006882</StopPointRef>
        </To>
        <Direction>outbound</Direction>
      </RouteLink>
      <RouteLink id="ABAO419_001_22283">
        <From>
          <StopPointRef>639006882</StopPointRef>
        </From>
        <To>
          <StopPointRef>639006872</StopPointRef>
        </To>
        <Direction>outbound</Direction>
      </RouteLink>
      <RouteLink id="ABAO419_001_22284">
        <From>
          <StopPointRef>639006872</StopPointRef>
        </From>
        <To>
          <StopPointRef>639006862</StopPointRef>
        </To>
        <Direction>outbound</Direction>
      </RouteLink>
    </RouteSection>
  </RouteSections>
  <Routes>
    <Route id="ABAO419_001">
      <Description>Cults Academy - Milltimber
</Description>
      <RouteSectionRef>ABAO419_001</RouteSectionRef>
    </Route>
  </Routes>
  <JourneyPatternSections>
    <JourneyPatternSection id="JPS_ABAO419-2">
      <JourneyPatternTimingLink id="JPS_ABAO419-2_22275">
        <From>
          <StopPointRef>639061352</StopPointRef>
          <TimingStatus>PTP</TimingStatus>
        </From>
        <To>
          <StopPointRef>639006791</StopPointRef>
          <TimingStatus>OTH</TimingStatus>
        </To>
        <RouteLinkRef>ABAO419_001_22275</RouteLinkRef>
        <Direction>outbound</Direction>
        <RunTime>PT120S</RunTime>
      </JourneyPatternTimingLink>
      <JourneyPatternTimingLink id="JPS_ABAO419-2_22276">
        <From>
          <StopPointRef>639006791</StopPointRef>
          <TimingStatus>OTH</TimingStatus>
        </From>
        <To>
          <StopPointRef>639006801</StopPointRef>
          <TimingStatus>OTH</TimingStatus>
        </To>
        <RouteLinkRef>ABAO419_001_22276</RouteLinkRef>
        <Direction>outbound</Direction>
        <RunTime>PT0S</RunTime>
      </JourneyPatternTimingLink>
      <JourneyPatternTimingLink id="JPS_ABAO419-2_22277">
        <From>
          <StopPointRef>639006801</StopPointRef>
          <TimingStatus>OTH</TimingStatus>
        </From>
        <To>
          <StopPointRef>639006811</StopPointRef>
          <TimingStatus>OTH</TimingStatus>
        </To>
        <RouteLinkRef>ABAO419_001_22277</RouteLinkRef>
        <Direction>outbound</Direction>
        <RunTime>PT60S</RunTime>
      </JourneyPatternTimingLink>
      <JourneyPatternTimingLink id="JPS_ABAO419-2_22278">
        <From>
          <StopPointRef>639006811</StopPointRef>
          <TimingStatus>OTH</TimingStatus>
        </From>
        <To>
          <StopPointRef>639006821</StopPointRef>
          <TimingStatus>OTH</TimingStatus>
        </To>
        <RouteLinkRef>ABAO419_001_22278</RouteLinkRef>
        <Direction>outbound</Direction>
        <RunTime>PT60S</RunTime>
      </JourneyPatternTimingLink>
      <JourneyPatternTimingLink id="JPS_ABAO419-2_22279">
        <From>
          <StopPointRef>639006821</StopPointRef>
          <TimingStatus>OTH</TimingStatus>
        </From>
        <To>
          <StopPointRef>639006831</StopPointRef>
          <TimingStatus>OTH</TimingStatus>
        </To>
        <RouteLinkRef>ABAO419_001_22279</RouteLinkRef>
        <Direction>outbound</Direction>
        <RunTime>PT0S</RunTime>
      </JourneyPatternTimingLink>
      <JourneyPatternTimingLink id="JPS_ABAO419-2_22280">
        <From>
          <StopPointRef>639006831</StopPointRef>
          <TimingStatus>OTH</TimingStatus>
        </From>
        <To>
          <StopPointRef>639006841</StopPointRef>
          <TimingStatus>OTH</TimingStatus>
        </To>
        <RouteLinkRef>ABAO419_001_22280</RouteLinkRef>
        <Direction>outbound</Direction>
        <RunTime>PT60S</RunTime>
      </JourneyPatternTimingLink>
      <JourneyPatternTimingLink id="JPS_ABAO419-2_22281">
        <From>
          <StopPointRef>639006841</StopPointRef>
          <TimingStatus>OTH</TimingStatus>
        </From>
        <To>
          <StopPointRef>639006851</StopPointRef>
          <TimingStatus>OTH</TimingStatus>
        </To>
        <RouteLinkRef>ABAO419_001_22281</RouteLinkRef>
        <Direction>outbound</Direction>
        <RunTime>PT60S</RunTime>
      </JourneyPatternTimingLink>
      <JourneyPatternTimingLink id="JPS_ABAO419-2_22282">
        <From>
          <StopPointRef>639006851</StopPointRef>
          <TimingStatus>OTH</TimingStatus>
        </From>
        <To>
          <StopPointRef>639006882</StopPointRef>
          <TimingStatus>OTH</TimingStatus>
        </To>
        <RouteLinkRef>ABAO419_001_22282</RouteLinkRef>
        <Direction>outbound</Direction>
        <RunTime>PT420S</RunTime>
      </JourneyPatternTimingLink>
      <JourneyPatternTimingLink id="JPS_ABAO419-2_22283">
        <From>
          <StopPointRef>639006882</StopPointRef>
          <TimingStatus>OTH</TimingStatus>
        </From>
        <To>
          <StopPointRef>639006872</StopPointRef>
          <TimingStatus>OTH</TimingStatus>
        </To>
        <RouteLinkRef>ABAO419_001_22283</RouteLinkRef>
        <Direction>outbound</Direction>
        <RunTime>PT60S</RunTime>
      </JourneyPatternTimingLink>
      <JourneyPatternTimingLink id="JPS_ABAO419-2_22284">
        <From>
          <StopPointRef>639006872</StopPointRef>
          <TimingStatus>OTH</TimingStatus>
        </From>
        <To>
          <StopPointRef>639006862</StopPointRef>
          <TimingStatus>PTP</TimingStatus>
        </To>
        <RouteLinkRef>ABAO419_001_22284</RouteLinkRef>
        <Direction>outbound</Direction>
        <RunTime>PT60S</RunTime>
      </JourneyPatternTimingLink>
    </JourneyPatternSection>
  </JourneyPatternSections>
  <Operators>
    <Operator id="FAB">
      <NationalOperatorCode>FABD</NationalOperatorCode>
      <OperatorCode>FAB</OperatorCode>
      <OperatorShortName>First Aberdeen</OperatorShortName>
    </Operator>
  </Operators>
  <Services>
    <Service>
      <ServiceCode>ABAO419</ServiceCode>
      <Lines>
        <Line id="0">
          <LineName>419</LineName>
        </Line>
      </Lines>
      <OperatingPeriod>
        <StartDate>2019-04-12</StartDate>
        <EndDate>2020-06-29</EndDate>
      </OperatingPeriod>
      <RegisteredOperatorRef>FAB</RegisteredOperatorRef>
      <StopRequirements>
        <NoNewStopsRequired />
      </StopRequirements>
      <Mode>bus</Mode>
      <Description>Cults Academy - Milltimber</Description>
      <StandardService>
        <Origin>Cults Academy</Origin>
        <Destination>Milltimber</Destination>
        <JourneyPattern id="JPS_ABAO419-2">
          <Direction>outbound</Direction>
          <JourneyPatternSectionRefs>JPS_ABAO419-2</JourneyPatternSectionRefs>
        </JourneyPattern>
      </StandardService>
    </Service>
  </Services>
  <VehicleJourneys>
    <VehicleJourney>
      <OperatorRef>FAB</OperatorRef>
      <OperatingProfile>
        <RegularDayType>
          <DaysOfWeek>
            <Monday />
            <Tuesday />
            <Wednesday />
            <Thursday />
            <Friday />
          </DaysOfWeek>
        </RegularDayType>
        <ServicedOrganisationDayType>
          <DaysOfNonOperation>
            <WorkingDays>
              <ServicedOrganisationRef>116</ServicedOrganisationRef>
            </WorkingDays>
          </DaysOfNonOperation>
        </ServicedOrganisationDayType>
        <SpecialDaysOperation>
          <DaysOfNonOperation>
            <DateRange>
              <StartDate>2019-09-23</StartDate>
              <EndDate>2019-09-23</EndDate>
            </DateRange>
            <DateRange>
              <StartDate>2020-05-04</StartDate>
              <EndDate>2020-05-04</EndDate>
            </DateRange>
          </DaysOfNonOperation>
        </SpecialDaysOperation>
      </OperatingProfile>
      <VehicleJourneyCode>9504</VehicleJourneyCode>
      <ServiceRef>ABAO419</ServiceRef>
      <LineRef>0</LineRef>
      <JourneyPatternRef>JPS_ABAO419-2</JourneyPatternRef>
      <DepartureTime>15:15:00</DepartureTime>
    </VehicleJourney>
  </VehicleJourneys>
</TransXChange>