<?xml version="1.0" encoding="utf-8"?>
<TransXChange xmlns:xsi="http://www.w3.org/2001/XMLSchema-instance" xmlns:xsd="http://www.w3.org/2001/XMLSchema" xsi:schemaLocation="http://www.transxchange.org.uk/ http://www.transxchange.org.uk/schema/2.1/TransXChange_general.xsd" CreationDateTime="2019-10-07T13:04:00-00:00" ModificationDateTime="2019-10-07T13:04:00-00:00" Modification="new" RevisionNumber="0" FileName="SVRAGDO129.xml" SchemaVersion="2.1" RegistrationDocument="false" xmlns="http://www.transxchange.org.uk/">
  <StopPoints>
    <AnnotatedStopPointRef>
      <StopPointRef>6490IM55</StopPointRef>
      <CommonName>High Street</CommonName>
    </AnnotatedStopPointRef>
    <AnnotatedStopPointRef>
      <StopPointRef>6490IM481</StopPointRef>
      <CommonName>Post Office</CommonName>
    </AnnotatedStopPointRef>
    <AnnotatedStopPointRef>
      <StopPointRef>6490IM1021</StopPointRef>
      <CommonName>Cemetery Road</CommonName>
    </AnnotatedStopPointRef>
    <AnnotatedStopPointRef>
      <StopPointRef>6490IM979</StopPointRef>
      <CommonName>Lisden Gardens</CommonName>
    </AnnotatedStopPointRef>
    <AnnotatedStopPointRef>
      <StopPointRef>6490IM1051</StopPointRef>
      <CommonName>Checkiefield Cottages</CommonName>
    </AnnotatedStopPointRef>
    <AnnotatedStopPointRef>
      <StopPointRef>6490IM1297</StopPointRef>
      <CommonName>Third Row</CommonName>
    </AnnotatedStopPointRef>
    <AnnotatedStopPointRef>
      <StopPointRef>6490IM650</StopPointRef>
      <CommonName>Mid Row</CommonName>
    </AnnotatedStopPointRef>
    <AnnotatedStopPointRef>
      <StopPointRef>6490IM1295</StopPointRef>
      <CommonName>Veterinary Centre</CommonName>
    </AnnotatedStopPointRef>
    <AnnotatedStopPointRef>
      <StopPointRef>6490IM769</StopPointRef>
      <CommonName>Bellies Brae</CommonName>
    </AnnotatedStopPointRef>
  </StopPoints>
  <RouteSections>
    <RouteSection id="AGDO129_001">
      <RouteLink id="AGDO129_001_51148">
        <From>
          <StopPointRef>6490IM55</StopPointRef>
        </From>
        <To>
          <StopPointRef>6490IM481</StopPointRef>
        </To>
        <Direction>outbound</Direction>
      </RouteLink>
      <RouteLink id="AGDO129_001_51149">
        <From>
          <StopPointRef>6490IM481</StopPointRef>
        </From>
        <To>
          <StopPointRef>6490IM1021</StopPointRef>
        </To>
        <Direction>outbound</Direction>
      </RouteLink>
      <RouteLink id="AGDO129_001_51150">
        <From>
          <StopPointRef>6490IM1021</StopPointRef>
        </From>
        <To>
          <StopPointRef>6490IM979</StopPointRef>
        </To>
        <Direction>outbound</Direction>
      </RouteLink>
      <RouteLink id="AGDO129_001_51151">
        <From>
          <StopPointRef>6490IM979</StopPointRef>
        </From>
        <To>
          <StopPointRef>6490IM1051</StopPointRef>
        </To>
        <Direction>outbound</Direction>
      </RouteLink>
      <RouteLink id="AGDO129_001_51152">
        <From>
          <StopPointRef>6490IM1051</StopPointRef>
        </From>
        <To>
          <StopPointRef>6490IM1297</StopPointRef>
        </To>
        <Direction>outbound</Direction>
      </RouteLink>
      <RouteLink id="AGDO129_001_51153">
        <From>
          <StopPointRef>6490IM1297</StopPointRef>
        </From>
        <To>
          <StopPointRef>6490IM650</StopPointRef>
        </To>
        <Direction>outbound</Direction>
      </RouteLink>
      <RouteLink id="AGDO129_001_51154">
        <From>
          <StopPointRef>6490IM650</StopPointRef>
        </From>
        <To>
          <StopPointRef>6490IM1295</StopPointRef>
        </To>
        <Direction>outbound</Direction>
      </RouteLink>
      <RouteLink id="AGDO129_001_51155">
        <From>
          <StopPointRef>6490IM1295</StopPointRef>
        </From>
        <To>
          <StopPointRef>6490IM769</StopPointRef>
        </To>
        <Direction>outbound</Direction>
      </RouteLink>
      <RouteLink id="AGDO129_001_51156">
        <From>
          <StopPointRef>6490IM769</StopPointRef>
        </From>
        <To>
          <StopPointRef>6490IM55</StopPointRef>
        </To>
        <Direction>outbound</Direction>
      </RouteLink>
    </RouteSection>
  </RouteSections>
  <Routes>
    <Route id="AGDO129_001">
      <Description>Maryton circular - Kirriemuir
</Description>
      <RouteSectionRef>AGDO129_001</RouteSectionRef>
    </Route>
  </Routes>
  <JourneyPatternSections>
    <JourneyPatternSection id="JPS_AGDO129-2">
      <JourneyPatternTimingLink id="JPS_AGDO129-2_51148">
        <From>
          <StopPointRef>6490IM55</StopPointRef>
          <TimingStatus>PTP</TimingStatus>
        </From>
        <To>
          <StopPointRef>6490IM481</StopPointRef>
          <TimingStatus>OTH</TimingStatus>
        </To>
        <RouteLinkRef>AGDO129_001_51148</RouteLinkRef>
        <Direction>outbound</Direction>
        <RunTime>PT60S</RunTime>
      </JourneyPatternTimingLink>
      <JourneyPatternTimingLink id="JPS_AGDO129-2_51149">
        <From>
          <StopPointRef>6490IM481</StopPointRef>
          <TimingStatus>OTH</TimingStatus>
        </From>
        <To>
          <StopPointRef>6490IM1021</StopPointRef>
          <TimingStatus>OTH</TimingStatus>
        </To>
        <RouteLinkRef>AGDO129_001_51149</RouteLinkRef>
        <Direction>outbound</Direction>
        <RunTime>PT60S</RunTime>
      </JourneyPatternTimingLink>
      <JourneyPatternTimingLink id="JPS_AGDO129-2_51150">
        <From>
          <StopPointRef>6490IM1021</StopPointRef>
          <TimingStatus>OTH</TimingStatus>
        </From>
        <To>
          <StopPointRef>6490IM979</StopPointRef>
          <TimingStatus>PTP</TimingStatus>
        </To>
        <RouteLinkRef>AGDO129_001_51150</RouteLinkRef>
        <Direction>outbound</Direction>
        <RunTime>PT120S</RunTime>
      </JourneyPatternTimingLink>
      <JourneyPatternTimingLink id="JPS_AGDO129-2_51151">
        <From>
          <StopPointRef>6490IM979</StopPointRef>
          <TimingStatus>PTP</TimingStatus>
        </From>
        <To>
          <StopPointRef>6490IM1051</StopPointRef>
          <TimingStatus>PTP</TimingStatus>
        </To>
        <RouteLinkRef>AGDO129_001_51151</RouteLinkRef>
        <Direction>outbound</Direction>
        <RunTime>PT180S</RunTime>
      </JourneyPatternTimingLink>
      <JourneyPatternTimingLink id="JPS_AGDO129-2_51152">
        <From>
          <StopPointRef>6490IM1051</StopPointRef>
          <TimingStatus>PTP</TimingStatus>
        </From>
        <To>
          <StopPointRef>6490IM1297</StopPointRef>
          <TimingStatus>OTH</TimingStatus>
        </To>
        <RouteLinkRef>AGDO129_001_51152</RouteLinkRef>
        <Direction>outbound</Direction>
        <RunTime>PT120S</RunTime>
      </JourneyPatternTimingLink>
      <JourneyPatternTimingLink id="JPS_AGDO129-2_51153">
        <From>
          <StopPointRef>6490IM1297</StopPointRef>
          <TimingStatus>OTH</TimingStatus>
        </From>
        <To>
          <StopPointRef>6490IM650</StopPointRef>
          <TimingStatus>OTH</TimingStatus>
        </To>
        <RouteLinkRef>AGDO129_001_51153</RouteLinkRef>
        <Direction>outbound</Direction>
        <RunTime>PT0S</RunTime>
      </JourneyPatternTimingLink>
      <JourneyPatternTimingLink id="JPS_AGDO129-2_51154">
        <From>
          <StopPointRef>6490IM650</StopPointRef>
          <TimingStatus>OTH</TimingStatus>
        </From>
        <To>
          <StopPointRef>6490IM1295</StopPointRef>
          <TimingStatus>OTH</TimingStatus>
        </To>
        <RouteLinkRef>AGDO129_001_51154</RouteLinkRef>
        <Direction>outbound</Direction>
        <RunTime>PT60S</RunTime>
      </JourneyPatternTimingLink>
      <JourneyPatternTimingLink id="JPS_AGDO129-2_51155">
        <From>
          <StopPointRef>6490IM1295</StopPointRef>
          <TimingStatus>OTH</TimingStatus>
        </From>
        <To>
          <StopPointRef>6490IM769</StopPointRef>
          <TimingStatus>OTH</TimingStatus>
        </To>
        <RouteLinkRef>AGDO129_001_51155</RouteLinkRef>
        <Direction>outbound</Direction>
        <RunTime>PT0S</RunTime>
      </JourneyPatternTimingLink>
      <JourneyPatternTimingLink id="JPS_AGDO129-2_51156">
        <From>
          <StopPointRef>6490IM769</StopPointRef>
          <TimingStatus>OTH</TimingStatus>
        </From>
        <To>
          <StopPointRef>6490IM55</StopPointRef>
          <TimingStatus>PTP</TimingStatus>
        </To>
        <RouteLinkRef>AGDO129_001_51156</RouteLinkRef>
        <Direction>outbound</Direction>
        <RunTime>PT120S</RunTime>
      </JourneyPatternTimingLink>
    </JourneyPatternSection>
    <JourneyPatternSection id="JPS_AGDO129-3">
      <JourneyPatternTimingLink id="JPS_AGDO129-3_51148">
        <From>
          <StopPointRef>6490IM55</StopPointRef>
          <TimingStatus>PTP</TimingStatus>
        </From>
        <To>
          <StopPointRef>6490IM481</StopPointRef>
          <TimingStatus>OTH</TimingStatus>
        </To>
        <RouteLinkRef>AGDO129_001_51148</RouteLinkRef>
        <Direction>outbound</Direction>
        <RunTime>PT60S</RunTime>
      </JourneyPatternTimingLink>
      <JourneyPatternTimingLink id="JPS_AGDO129-3_51149">
        <From>
          <StopPointRef>6490IM481</StopPointRef>
          <TimingStatus>OTH</TimingStatus>
        </From>
        <To>
          <StopPointRef>6490IM1021</StopPointRef>
          <TimingStatus>OTH</TimingStatus>
        </To>
        <RouteLinkRef>AGDO129_001_51149</RouteLinkRef>
        <Direction>outbound</Direction>
        <RunTime>PT60S</RunTime>
      </JourneyPatternTimingLink>
      <JourneyPatternTimingLink id="JPS_AGDO129-3_51150">
        <From>
          <StopPointRef>6490IM1021</StopPointRef>
          <TimingStatus>OTH</TimingStatus>
        </From>
        <To>
          <StopPointRef>6490IM979</StopPointRef>
          <TimingStatus>PTP</TimingStatus>
        </To>
        <RouteLinkRef>AGDO129_001_51150</RouteLinkRef>
        <Direction>outbound</Direction>
        <RunTime>PT120S</RunTime>
      </JourneyPatternTimingLink>
      <JourneyPatternTimingLink id="JPS_AGDO129-3_51151">
        <From>
          <StopPointRef>6490IM979</StopPointRef>
          <TimingStatus>PTP</TimingStatus>
        </From>
        <To>
          <StopPointRef>6490IM1051</StopPointRef>
          <TimingStatus>PTP</TimingStatus>
        </To>
        <RouteLinkRef>AGDO129_001_51151</RouteLinkRef>
        <Direction>outbound</Direction>
        <RunTime>PT180S</RunTime>
      </JourneyPatternTimingLink>
      <JourneyPatternTimingLink id="JPS_AGDO129-3_51152">
        <From>
          <StopPointRef>6490IM1051</StopPointRef>
          <TimingStatus>PTP</TimingStatus>
        </From>
        <To>
          <StopPointRef>6490IM1297</StopPointRef>
          <TimingStatus>OTH</TimingStatus>
        </To>
        <RouteLinkRef>AGDO129_001_51152</RouteLinkRef>
        <Direction>outbound</Direction>
        <RunTime>PT120S</RunTime>
      </JourneyPatternTimingLink>
      <JourneyPatternTimingLink id="JPS_AGDO129-3_51153">
        <From>
          <StopPointRef>6490IM1297</StopPointRef>
          <TimingStatus>OTH</TimingStatus>
        </From>
        <To>
          <StopPointRef>6490IM650</StopPointRef>
          <TimingStatus>OTH</TimingStatus>
        </To>
        <RouteLinkRef>AGDO129_001_51153</RouteLinkRef>
        <Direction>outbound</Direction>
        <RunTime>PT0S</RunTime>
      </JourneyPatternTimingLink>
      <JourneyPatternTimingLink id="JPS_AGDO129-3_51154">
        <From>
          <StopPointRef>6490IM650</StopPointRef>
          <TimingStatus>OTH</TimingStatus>
        </From>
        <To>
          <StopPointRef>6490IM1295</StopPointRef>
          <TimingStatus>OTH</TimingStatus>
        </To>
        <RouteLinkRef>AGDO129_001_51154</RouteLinkRef>
        <Direction>outbound</Direction>
        <RunTime>PT60S</RunTime>
      </JourneyPatternTimingLink>
      <JourneyPatternTimingLink id="JPS_AGDO129-3_51155">
        <From>
          <StopPointRef>6490IM1295</StopPointRef>
          <TimingStatus>OTH</TimingStatus>
        </From>
        <To>
          <StopPointRef>6490IM769</StopPointRef>
          <TimingStatus>OTH</TimingStatus>
        </To>
        <RouteLinkRef>AGDO129_001_51155</RouteLinkRef>
        <Direction>outbound</Direction>
        <RunTime>PT0S</RunTime>
      </JourneyPatternTimingLink>
      <JourneyPatternTimingLink id="JPS_AGDO129-3_51156">
        <From>
          <StopPointRef>6490IM769</StopPointRef>
          <TimingStatus>OTH</TimingStatus>
        </From>
        <To>
          <StopPointRef>6490IM55</StopPointRef>
          <TimingStatus>PTP</TimingStatus>
        </To>
        <RouteLinkRef>AGDO129_001_51156</RouteLinkRef>
        <Direction>outbound</Direction>
        <RunTime>PT60S</RunTime>
      </JourneyPatternTimingLink>
    </JourneyPatternSection>
  </JourneyPatternSections>
  <Operators>
    <Operator id="JPE">
      <NationalOperatorCode>JPEM</NationalOperatorCode>
      <OperatorCode>JPE</OperatorCode>
      <OperatorShortName>J P Minicoaches</OperatorShortName>
    </Operator>
  </Operators>
  <Services>
    <Service>
      <ServiceCode>AGDO129</ServiceCode>
      <Lines>
        <Line id="0">
          <LineName>129</LineName>
        </Line>
      </Lines>
      <OperatingPeriod>
        <StartDate>2019-07-01</StartDate>
        <EndDate>2049-12-31</EndDate>
      </OperatingPeriod>
      <RegisteredOperatorRef>JPE</RegisteredOperatorRef>
      <StopRequirements>
        <NoNewStopsRequired />
      </StopRequirements>
      <Mode>bus</Mode>
      <Description>Maryton circular - Kirriemuir</Description>
      <StandardService>
        <Origin>Maryton circular</Origin>
        <Destination>Kirriemuir</Destination>
        <JourneyPattern id="JPS_AGDO129-2">
          <Direction>outbound</Direction>
          <JourneyPatternSectionRefs>JPS_AGDO129-2</JourneyPatternSectionRefs>
        </JourneyPattern>
        <JourneyPattern id="JPS_AGDO129-3">
          <Direction>outbound</Direction>
          <JourneyPatternSectionRefs>JPS_AGDO129-3</JourneyPatternSectionRefs>
        </JourneyPattern>
      </StandardService>
    </Service>
  </Services>
  <VehicleJourneys>
    <VehicleJourney>
      <OperatorRef>JPE</OperatorRef>
      <OperatingProfile>
        <RegularDayType>
          <DaysOfWeek>
            <Monday />
            <Tuesday />
            <Wednesday />
            <Thursday />
            <Friday />
          </DaysOfWeek>
        </RegularDayType>
      </OperatingProfile>
      <VehicleJourneyCode>14115</VehicleJourneyCode>
      <ServiceRef>AGDO129</ServiceRef>
      <LineRef>0</LineRef>
      <JourneyPatternRef>JPS_AGDO129-2</JourneyPatternRef>
      <DepartureTime>09:38:00</DepartureTime>
    </VehicleJourney>
    <VehicleJourney>
      <OperatorRef>JPE</OperatorRef>
      <OperatingProfile>
        <RegularDayType>
          <DaysOfWeek>
            <Monday />
            <Tuesday />
            <Wednesday />
            <Thursday />
            <Friday />
          </DaysOfWeek>
        </RegularDayType>
      </OperatingProfile>
      <VehicleJourneyCode>14116</VehicleJourneyCode>
      <ServiceRef>AGDO129</ServiceRef>
      <LineRef>0</LineRef>
      <JourneyPatternRef>JPS_AGDO129-3</JourneyPatternRef>
      <DepartureTime>11:41:00</DepartureTime>
    </VehicleJourney>
    <VehicleJourney>
      <OperatorRef>JPE</OperatorRef>
      <OperatingProfile>
        <RegularDayType>
          <DaysOfWeek>
            <Saturday />
          </DaysOfWeek>
        </RegularDayType>
      </OperatingProfile>
      <VehicleJourneyCode>14117</VehicleJourneyCode>
      <ServiceRef>AGDO129</ServiceRef>
      <LineRef>0</LineRef>
      <JourneyPatternRef>JPS_AGDO129-3</JourneyPatternRef>
      <DepartureTime>10:02:00</DepartureTime>
    </VehicleJourney>
    <VehicleJourney>
      <OperatorRef>JPE</OperatorRef>
      <OperatingProfile>
        <RegularDayType>
          <DaysOfWeek>
            <Saturday />
          </DaysOfWeek>
        </RegularDayType>
      </OperatingProfile>
      <VehicleJourneyCode>14118</VehicleJourneyCode>
      <ServiceRef>AGDO129</ServiceRef>
      <LineRef>0</LineRef>
      <JourneyPatternRef>JPS_AGDO129-3</JourneyPatternRef>
      <DepartureTime>11:41:00</DepartureTime>
    </VehicleJourney>
  </VehicleJourneys>
</TransXChange>