<?xml version="1.0" encoding="utf-8"?>
<TransXChange xmlns:xsi="http://www.w3.org/2001/XMLSchema-instance" xmlns:xsd="http://www.w3.org/2001/XMLSchema" xsi:schemaLocation="http://www.transxchange.org.uk/ http://www.transxchange.org.uk/schema/2.1/TransXChange_general.xsd" CreationDateTime="2019-10-07T12:02:00-00:00" ModificationDateTime="2019-10-07T12:02:00-00:00" Modification="new" RevisionNumber="0" FileName="SVRAYAO426.xml" SchemaVersion="2.1" RegistrationDocument="false" xmlns="http://www.transxchange.org.uk/">
  <ServicedOrganisations>
    <ServicedOrganisation>
      <OrganisationCode>985</OrganisationCode>
      <Name>
QE0 : Cif-SER426-WCM-20171023_20190509_161447.cif
</Name>
      <WorkingDays>
        <DateRange>
          <StartDate>2019-06-30</StartDate>
          <EndDate>2019-08-14</EndDate>
        </DateRange>
        <DateRange>
          <StartDate>2019-10-06</StartDate>
          <EndDate>2019-10-19</EndDate>
        </DateRange>
        <DateRange>
          <StartDate>2019-12-22</StartDate>
          <EndDate>2020-01-04</EndDate>
        </DateRange>
        <DateRange>
          <StartDate>2020-02-09</StartDate>
          <EndDate>2020-02-15</EndDate>
        </DateRange>
        <DateRange>
          <StartDate>2020-04-05</StartDate>
          <EndDate>2020-04-18</EndDate>
        </DateRange>
      </WorkingDays>
    </ServicedOrganisation>
  </ServicedOrganisations>
  <StopPoints>
    <AnnotatedStopPointRef>
      <StopPointRef>60709303</StopPointRef>
      <CommonName>Lochnell Street</CommonName>
    </AnnotatedStopPointRef>
    <AnnotatedStopPointRef>
      <StopPointRef>60709486</StopPointRef>
      <CommonName>Co-op</CommonName>
    </AnnotatedStopPointRef>
    <AnnotatedStopPointRef>
      <StopPointRef>60709783</StopPointRef>
      <CommonName>Fernoch Drive</CommonName>
    </AnnotatedStopPointRef>
    <AnnotatedStopPointRef>
      <StopPointRef>60709778</StopPointRef>
      <CommonName>Council Yard</CommonName>
    </AnnotatedStopPointRef>
    <AnnotatedStopPointRef>
      <StopPointRef>60709487</StopPointRef>
      <CommonName>Mid Argyll Swimming Pool</CommonName>
    </AnnotatedStopPointRef>
    <AnnotatedStopPointRef>
      <StopPointRef>60707302</StopPointRef>
      <CommonName>Cairndubh Cottages</CommonName>
    </AnnotatedStopPointRef>
    <AnnotatedStopPointRef>
      <StopPointRef>60707463</StopPointRef>
      <CommonName>canal bridge</CommonName>
    </AnnotatedStopPointRef>
    <AnnotatedStopPointRef>
      <StopPointRef>60707648</StopPointRef>
      <CommonName>Memorial</CommonName>
    </AnnotatedStopPointRef>
    <AnnotatedStopPointRef>
      <StopPointRef>60709465</StopPointRef>
      <CommonName>Number 5</CommonName>
    </AnnotatedStopPointRef>
    <AnnotatedStopPointRef>
      <StopPointRef>60709673</StopPointRef>
      <CommonName>Mid Argyll Hospital</CommonName>
    </AnnotatedStopPointRef>
    <AnnotatedStopPointRef>
      <StopPointRef>6070157</StopPointRef>
      <CommonName>Burns Brae</CommonName>
    </AnnotatedStopPointRef>
    <AnnotatedStopPointRef>
      <StopPointRef>60709782</StopPointRef>
      <CommonName>Manse Brae Offices</CommonName>
    </AnnotatedStopPointRef>
    <AnnotatedStopPointRef>
      <StopPointRef>60707451</StopPointRef>
      <CommonName>Landing Stage</CommonName>
    </AnnotatedStopPointRef>
    <AnnotatedStopPointRef>
      <StopPointRef>60709437</StopPointRef>
      <CommonName>Crinan Cottages</CommonName>
    </AnnotatedStopPointRef>
    <AnnotatedStopPointRef>
      <StopPointRef>60709433</StopPointRef>
      <CommonName>Canal Basin</CommonName>
    </AnnotatedStopPointRef>
    <AnnotatedStopPointRef>
      <StopPointRef>60709451</StopPointRef>
      <CommonName>Landing Stage</CommonName>
    </AnnotatedStopPointRef>
    <AnnotatedStopPointRef>
      <StopPointRef>60709648</StopPointRef>
      <CommonName>Memorial</CommonName>
    </AnnotatedStopPointRef>
    <AnnotatedStopPointRef>
      <StopPointRef>60709463</StopPointRef>
      <CommonName>canal bridge</CommonName>
    </AnnotatedStopPointRef>
    <AnnotatedStopPointRef>
      <StopPointRef>60709302</StopPointRef>
      <CommonName>Cairndubh Cottages</CommonName>
    </AnnotatedStopPointRef>
    <AnnotatedStopPointRef>
      <StopPointRef>60709814</StopPointRef>
      <CommonName>Baddens Park</CommonName>
    </AnnotatedStopPointRef>
    <AnnotatedStopPointRef>
      <StopPointRef>60707487</StopPointRef>
      <CommonName>Mid Argyll Swimming Pool</CommonName>
    </AnnotatedStopPointRef>
    <AnnotatedStopPointRef>
      <StopPointRef>60709777</StopPointRef>
      <CommonName>Council Yard</CommonName>
    </AnnotatedStopPointRef>
    <AnnotatedStopPointRef>
      <StopPointRef>60707783</StopPointRef>
      <CommonName>Fernoch Drive</CommonName>
    </AnnotatedStopPointRef>
    <AnnotatedStopPointRef>
      <StopPointRef>60707486</StopPointRef>
      <CommonName>Co-op</CommonName>
    </AnnotatedStopPointRef>
    <AnnotatedStopPointRef>
      <StopPointRef>60709781</StopPointRef>
      <CommonName>Manse Brae Offices</CommonName>
    </AnnotatedStopPointRef>
    <AnnotatedStopPointRef>
      <StopPointRef>6070160</StopPointRef>
      <CommonName>Burns Brae</CommonName>
    </AnnotatedStopPointRef>
    <AnnotatedStopPointRef>
      <StopPointRef>60709304</StopPointRef>
      <CommonName>Lochnell Street</CommonName>
    </AnnotatedStopPointRef>
    <AnnotatedStopPointRef>
      <StopPointRef>60709676</StopPointRef>
      <CommonName>Joint Campus</CommonName>
    </AnnotatedStopPointRef>
  </StopPoints>
  <RouteSections>
    <RouteSection id="AYAO426_009">
      <RouteLink id="AYAO426_009_290713">
        <From>
          <StopPointRef>60709303</StopPointRef>
        </From>
        <To>
          <StopPointRef>60709486</StopPointRef>
        </To>
        <Direction>outbound</Direction>
      </RouteLink>
      <RouteLink id="AYAO426_009_290714">
        <From>
          <StopPointRef>60709486</StopPointRef>
        </From>
        <To>
          <StopPointRef>60709783</StopPointRef>
        </To>
        <Direction>outbound</Direction>
      </RouteLink>
      <RouteLink id="AYAO426_009_290715">
        <From>
          <StopPointRef>60709783</StopPointRef>
        </From>
        <To>
          <StopPointRef>60709778</StopPointRef>
        </To>
        <Direction>outbound</Direction>
      </RouteLink>
      <RouteLink id="AYAO426_009_290716">
        <From>
          <StopPointRef>60709778</StopPointRef>
        </From>
        <To>
          <StopPointRef>60709487</StopPointRef>
        </To>
        <Direction>outbound</Direction>
      </RouteLink>
      <RouteLink id="AYAO426_009_290717">
        <From>
          <StopPointRef>60709487</StopPointRef>
        </From>
        <To>
          <StopPointRef>60707302</StopPointRef>
        </To>
        <Direction>outbound</Direction>
      </RouteLink>
      <RouteLink id="AYAO426_009_290718">
        <From>
          <StopPointRef>60707302</StopPointRef>
        </From>
        <To>
          <StopPointRef>60707463</StopPointRef>
        </To>
        <Direction>outbound</Direction>
      </RouteLink>
      <RouteLink id="AYAO426_009_290719">
        <From>
          <StopPointRef>60707463</StopPointRef>
        </From>
        <To>
          <StopPointRef>60707648</StopPointRef>
        </To>
        <Direction>outbound</Direction>
      </RouteLink>
      <RouteLink id="AYAO426_009_290720">
        <From>
          <StopPointRef>60707648</StopPointRef>
        </From>
        <To>
          <StopPointRef>60709465</StopPointRef>
        </To>
        <Direction>outbound</Direction>
      </RouteLink>
    </RouteSection>
    <RouteSection id="AYAO426_014">
      <RouteLink id="AYAO426_014_290737">
        <From>
          <StopPointRef>60709673</StopPointRef>
        </From>
        <To>
          <StopPointRef>6070157</StopPointRef>
        </To>
        <Direction>outbound</Direction>
      </RouteLink>
      <RouteLink id="AYAO426_014_290738">
        <From>
          <StopPointRef>6070157</StopPointRef>
        </From>
        <To>
          <StopPointRef>60709782</StopPointRef>
        </To>
        <Direction>outbound</Direction>
      </RouteLink>
      <RouteLink id="AYAO426_014_290739">
        <From>
          <StopPointRef>60709782</StopPointRef>
        </From>
        <To>
          <StopPointRef>60709303</StopPointRef>
        </To>
        <Direction>outbound</Direction>
      </RouteLink>
      <RouteLink id="AYAO426_014_290740">
        <From>
          <StopPointRef>60709303</StopPointRef>
        </From>
        <To>
          <StopPointRef>60709486</StopPointRef>
        </To>
        <Direction>outbound</Direction>
      </RouteLink>
      <RouteLink id="AYAO426_014_290741">
        <From>
          <StopPointRef>60709486</StopPointRef>
        </From>
        <To>
          <StopPointRef>60709783</StopPointRef>
        </To>
        <Direction>outbound</Direction>
      </RouteLink>
      <RouteLink id="AYAO426_014_290742">
        <From>
          <StopPointRef>60709783</StopPointRef>
        </From>
        <To>
          <StopPointRef>60709778</StopPointRef>
        </To>
        <Direction>outbound</Direction>
      </RouteLink>
      <RouteLink id="AYAO426_014_290743">
        <From>
          <StopPointRef>60709778</StopPointRef>
        </From>
        <To>
          <StopPointRef>60709487</StopPointRef>
        </To>
        <Direction>outbound</Direction>
      </RouteLink>
      <RouteLink id="AYAO426_014_290744">
        <From>
          <StopPointRef>60709487</StopPointRef>
        </From>
        <To>
          <StopPointRef>60707302</StopPointRef>
        </To>
        <Direction>outbound</Direction>
      </RouteLink>
      <RouteLink id="AYAO426_014_290745">
        <From>
          <StopPointRef>60707302</StopPointRef>
        </From>
        <To>
          <StopPointRef>60707463</StopPointRef>
        </To>
        <Direction>outbound</Direction>
      </RouteLink>
      <RouteLink id="AYAO426_014_290746">
        <From>
          <StopPointRef>60707463</StopPointRef>
        </From>
        <To>
          <StopPointRef>60707451</StopPointRef>
        </To>
        <Direction>outbound</Direction>
      </RouteLink>
      <RouteLink id="AYAO426_014_290747">
        <From>
          <StopPointRef>60707451</StopPointRef>
        </From>
        <To>
          <StopPointRef>60709437</StopPointRef>
        </To>
        <Direction>outbound</Direction>
      </RouteLink>
      <RouteLink id="AYAO426_014_290748">
        <From>
          <StopPointRef>60709437</StopPointRef>
        </From>
        <To>
          <StopPointRef>60709433</StopPointRef>
        </To>
        <Direction>outbound</Direction>
      </RouteLink>
      <RouteLink id="AYAO426_014_290749">
        <From>
          <StopPointRef>60709433</StopPointRef>
        </From>
        <To>
          <StopPointRef>60709451</StopPointRef>
        </To>
        <Direction>outbound</Direction>
      </RouteLink>
      <RouteLink id="AYAO426_014_290750">
        <From>
          <StopPointRef>60709451</StopPointRef>
        </From>
        <To>
          <StopPointRef>60707648</StopPointRef>
        </To>
        <Direction>outbound</Direction>
      </RouteLink>
      <RouteLink id="AYAO426_014_290751">
        <From>
          <StopPointRef>60707648</StopPointRef>
        </From>
        <To>
          <StopPointRef>60709465</StopPointRef>
        </To>
        <Direction>outbound</Direction>
      </RouteLink>
    </RouteSection>
    <RouteSection id="AYAO426_016">
      <RouteLink id="AYAO426_016_290656">
        <From>
          <StopPointRef>60709465</StopPointRef>
        </From>
        <To>
          <StopPointRef>60709648</StopPointRef>
        </To>
        <Direction>inbound</Direction>
      </RouteLink>
      <RouteLink id="AYAO426_016_290657">
        <From>
          <StopPointRef>60709648</StopPointRef>
        </From>
        <To>
          <StopPointRef>60707451</StopPointRef>
        </To>
        <Direction>inbound</Direction>
      </RouteLink>
      <RouteLink id="AYAO426_016_290658">
        <From>
          <StopPointRef>60707451</StopPointRef>
        </From>
        <To>
          <StopPointRef>60709437</StopPointRef>
        </To>
        <Direction>inbound</Direction>
      </RouteLink>
      <RouteLink id="AYAO426_016_290659">
        <From>
          <StopPointRef>60709437</StopPointRef>
        </From>
        <To>
          <StopPointRef>60709433</StopPointRef>
        </To>
        <Direction>inbound</Direction>
      </RouteLink>
      <RouteLink id="AYAO426_016_290660">
        <From>
          <StopPointRef>60709433</StopPointRef>
        </From>
        <To>
          <StopPointRef>60709451</StopPointRef>
        </To>
        <Direction>inbound</Direction>
      </RouteLink>
      <RouteLink id="AYAO426_016_290661">
        <From>
          <StopPointRef>60709451</StopPointRef>
        </From>
        <To>
          <StopPointRef>60709463</StopPointRef>
        </To>
        <Direction>inbound</Direction>
      </RouteLink>
      <RouteLink id="AYAO426_016_290662">
        <From>
          <StopPointRef>60709463</StopPointRef>
        </From>
        <To>
          <StopPointRef>60709302</StopPointRef>
        </To>
        <Direction>inbound</Direction>
      </RouteLink>
      <RouteLink id="AYAO426_016_290663">
        <From>
          <StopPointRef>60709302</StopPointRef>
        </From>
        <To>
          <StopPointRef>60709814</StopPointRef>
        </To>
        <Direction>inbound</Direction>
      </RouteLink>
      <RouteLink id="AYAO426_016_290664">
        <From>
          <StopPointRef>60709814</StopPointRef>
        </From>
        <To>
          <StopPointRef>60707487</StopPointRef>
        </To>
        <Direction>inbound</Direction>
      </RouteLink>
      <RouteLink id="AYAO426_016_290665">
        <From>
          <StopPointRef>60707487</StopPointRef>
        </From>
        <To>
          <StopPointRef>60709777</StopPointRef>
        </To>
        <Direction>inbound</Direction>
      </RouteLink>
      <RouteLink id="AYAO426_016_290666">
        <From>
          <StopPointRef>60709777</StopPointRef>
        </From>
        <To>
          <StopPointRef>60707783</StopPointRef>
        </To>
        <Direction>inbound</Direction>
      </RouteLink>
      <RouteLink id="AYAO426_016_290667">
        <From>
          <StopPointRef>60707783</StopPointRef>
        </From>
        <To>
          <StopPointRef>60707486</StopPointRef>
        </To>
        <Direction>inbound</Direction>
      </RouteLink>
      <RouteLink id="AYAO426_016_290668">
        <From>
          <StopPointRef>60707486</StopPointRef>
        </From>
        <To>
          <StopPointRef>60709781</StopPointRef>
        </To>
        <Direction>inbound</Direction>
      </RouteLink>
      <RouteLink id="AYAO426_016_290669">
        <From>
          <StopPointRef>60709781</StopPointRef>
        </From>
        <To>
          <StopPointRef>6070160</StopPointRef>
        </To>
        <Direction>inbound</Direction>
      </RouteLink>
      <RouteLink id="AYAO426_016_290670">
        <From>
          <StopPointRef>6070160</StopPointRef>
        </From>
        <To>
          <StopPointRef>60709673</StopPointRef>
        </To>
        <Direction>inbound</Direction>
      </RouteLink>
      <RouteLink id="AYAO426_016_290671">
        <From>
          <StopPointRef>60709673</StopPointRef>
        </From>
        <To>
          <StopPointRef>6070157</StopPointRef>
        </To>
        <Direction>inbound</Direction>
      </RouteLink>
      <RouteLink id="AYAO426_016_290672">
        <From>
          <StopPointRef>6070157</StopPointRef>
        </From>
        <To>
          <StopPointRef>60709782</StopPointRef>
        </To>
        <Direction>inbound</Direction>
      </RouteLink>
      <RouteLink id="AYAO426_016_290673">
        <From>
          <StopPointRef>60709782</StopPointRef>
        </From>
        <To>
          <StopPointRef>60709304</StopPointRef>
        </To>
        <Direction>inbound</Direction>
      </RouteLink>
      <RouteLink id="AYAO426_016_290674">
        <From>
          <StopPointRef>60709304</StopPointRef>
        </From>
        <To>
          <StopPointRef>60709676</StopPointRef>
        </To>
        <Direction>inbound</Direction>
      </RouteLink>
    </RouteSection>
    <RouteSection id="AYAO426_017">
      <RouteLink id="AYAO426_017_290676">
        <From>
          <StopPointRef>60709465</StopPointRef>
        </From>
        <To>
          <StopPointRef>60709648</StopPointRef>
        </To>
        <Direction>inbound</Direction>
      </RouteLink>
      <RouteLink id="AYAO426_017_290677">
        <From>
          <StopPointRef>60709648</StopPointRef>
        </From>
        <To>
          <StopPointRef>60709463</StopPointRef>
        </To>
        <Direction>inbound</Direction>
      </RouteLink>
      <RouteLink id="AYAO426_017_290678">
        <From>
          <StopPointRef>60709463</StopPointRef>
        </From>
        <To>
          <StopPointRef>60709302</StopPointRef>
        </To>
        <Direction>inbound</Direction>
      </RouteLink>
      <RouteLink id="AYAO426_017_290679">
        <From>
          <StopPointRef>60709302</StopPointRef>
        </From>
        <To>
          <StopPointRef>60707487</StopPointRef>
        </To>
        <Direction>inbound</Direction>
      </RouteLink>
      <RouteLink id="AYAO426_017_290680">
        <From>
          <StopPointRef>60707487</StopPointRef>
        </From>
        <To>
          <StopPointRef>60709777</StopPointRef>
        </To>
        <Direction>inbound</Direction>
      </RouteLink>
      <RouteLink id="AYAO426_017_290681">
        <From>
          <StopPointRef>60709777</StopPointRef>
        </From>
        <To>
          <StopPointRef>60707783</StopPointRef>
        </To>
        <Direction>inbound</Direction>
      </RouteLink>
      <RouteLink id="AYAO426_017_290682">
        <From>
          <StopPointRef>60707783</StopPointRef>
        </From>
        <To>
          <StopPointRef>60707486</StopPointRef>
        </To>
        <Direction>inbound</Direction>
      </RouteLink>
      <RouteLink id="AYAO426_017_290683">
        <From>
          <StopPointRef>60707486</StopPointRef>
        </From>
        <To>
          <StopPointRef>60709304</StopPointRef>
        </To>
        <Direction>inbound</Direction>
      </RouteLink>
    </RouteSection>
    <RouteSection id="AYAO426_018">
      <RouteLink id="AYAO426_018_290685">
        <From>
          <StopPointRef>60709465</StopPointRef>
        </From>
        <To>
          <StopPointRef>60709648</StopPointRef>
        </To>
        <Direction>inbound</Direction>
      </RouteLink>
      <RouteLink id="AYAO426_018_290686">
        <From>
          <StopPointRef>60709648</StopPointRef>
        </From>
        <To>
          <StopPointRef>60709463</StopPointRef>
        </To>
        <Direction>inbound</Direction>
      </RouteLink>
      <RouteLink id="AYAO426_018_290687">
        <From>
          <StopPointRef>60709463</StopPointRef>
        </From>
        <To>
          <StopPointRef>60709302</StopPointRef>
        </To>
        <Direction>inbound</Direction>
      </RouteLink>
      <RouteLink id="AYAO426_018_290688">
        <From>
          <StopPointRef>60709302</StopPointRef>
        </From>
        <To>
          <StopPointRef>60707487</StopPointRef>
        </To>
        <Direction>inbound</Direction>
      </RouteLink>
      <RouteLink id="AYAO426_018_290689">
        <From>
          <StopPointRef>60707487</StopPointRef>
        </From>
        <To>
          <StopPointRef>60709777</StopPointRef>
        </To>
        <Direction>inbound</Direction>
      </RouteLink>
      <RouteLink id="AYAO426_018_290690">
        <From>
          <StopPointRef>60709777</StopPointRef>
        </From>
        <To>
          <StopPointRef>60707783</StopPointRef>
        </To>
        <Direction>inbound</Direction>
      </RouteLink>
      <RouteLink id="AYAO426_018_290691">
        <From>
          <StopPointRef>60707783</StopPointRef>
        </From>
        <To>
          <StopPointRef>60707486</StopPointRef>
        </To>
        <Direction>inbound</Direction>
      </RouteLink>
      <RouteLink id="AYAO426_018_290692">
        <From>
          <StopPointRef>60707486</StopPointRef>
        </From>
        <To>
          <StopPointRef>60709304</StopPointRef>
        </To>
        <Direction>inbound</Direction>
      </RouteLink>
      <RouteLink id="AYAO426_018_290693">
        <From>
          <StopPointRef>60709304</StopPointRef>
        </From>
        <To>
          <StopPointRef>60709781</StopPointRef>
        </To>
        <Direction>inbound</Direction>
      </RouteLink>
      <RouteLink id="AYAO426_018_290694">
        <From>
          <StopPointRef>60709781</StopPointRef>
        </From>
        <To>
          <StopPointRef>6070160</StopPointRef>
        </To>
        <Direction>inbound</Direction>
      </RouteLink>
      <RouteLink id="AYAO426_018_290695">
        <From>
          <StopPointRef>6070160</StopPointRef>
        </From>
        <To>
          <StopPointRef>60709673</StopPointRef>
        </To>
        <Direction>inbound</Direction>
      </RouteLink>
      <RouteLink id="AYAO426_018_290696">
        <From>
          <StopPointRef>60709673</StopPointRef>
        </From>
        <To>
          <StopPointRef>6070157</StopPointRef>
        </To>
        <Direction>inbound</Direction>
      </RouteLink>
      <RouteLink id="AYAO426_018_290697">
        <From>
          <StopPointRef>6070157</StopPointRef>
        </From>
        <To>
          <StopPointRef>60709782</StopPointRef>
        </To>
        <Direction>inbound</Direction>
      </RouteLink>
      <RouteLink id="AYAO426_018_290698">
        <From>
          <StopPointRef>60709782</StopPointRef>
        </From>
        <To>
          <StopPointRef>60709304</StopPointRef>
        </To>
        <Direction>inbound</Direction>
      </RouteLink>
    </RouteSection>
    <RouteSection id="AYAO426_012">
      <RouteLink id="AYAO426_012_290700">
        <From>
          <StopPointRef>60709465</StopPointRef>
        </From>
        <To>
          <StopPointRef>60709648</StopPointRef>
        </To>
        <Direction>inbound</Direction>
      </RouteLink>
      <RouteLink id="AYAO426_012_290701">
        <From>
          <StopPointRef>60709648</StopPointRef>
        </From>
        <To>
          <StopPointRef>60707451</StopPointRef>
        </To>
        <Direction>inbound</Direction>
      </RouteLink>
      <RouteLink id="AYAO426_012_290702">
        <From>
          <StopPointRef>60707451</StopPointRef>
        </From>
        <To>
          <StopPointRef>60709437</StopPointRef>
        </To>
        <Direction>inbound</Direction>
      </RouteLink>
      <RouteLink id="AYAO426_012_290703">
        <From>
          <StopPointRef>60709437</StopPointRef>
        </From>
        <To>
          <StopPointRef>60709433</StopPointRef>
        </To>
        <Direction>inbound</Direction>
      </RouteLink>
      <RouteLink id="AYAO426_012_290704">
        <From>
          <StopPointRef>60709433</StopPointRef>
        </From>
        <To>
          <StopPointRef>60709451</StopPointRef>
        </To>
        <Direction>inbound</Direction>
      </RouteLink>
      <RouteLink id="AYAO426_012_290705">
        <From>
          <StopPointRef>60709451</StopPointRef>
        </From>
        <To>
          <StopPointRef>60709463</StopPointRef>
        </To>
        <Direction>inbound</Direction>
      </RouteLink>
      <RouteLink id="AYAO426_012_290706">
        <From>
          <StopPointRef>60709463</StopPointRef>
        </From>
        <To>
          <StopPointRef>60709302</StopPointRef>
        </To>
        <Direction>inbound</Direction>
      </RouteLink>
      <RouteLink id="AYAO426_012_290707">
        <From>
          <StopPointRef>60709302</StopPointRef>
        </From>
        <To>
          <StopPointRef>60707487</StopPointRef>
        </To>
        <Direction>inbound</Direction>
      </RouteLink>
      <RouteLink id="AYAO426_012_290708">
        <From>
          <StopPointRef>60707487</StopPointRef>
        </From>
        <To>
          <StopPointRef>60709777</StopPointRef>
        </To>
        <Direction>inbound</Direction>
      </RouteLink>
      <RouteLink id="AYAO426_012_290709">
        <From>
          <StopPointRef>60709777</StopPointRef>
        </From>
        <To>
          <StopPointRef>60707783</StopPointRef>
        </To>
        <Direction>inbound</Direction>
      </RouteLink>
      <RouteLink id="AYAO426_012_290710">
        <From>
          <StopPointRef>60707783</StopPointRef>
        </From>
        <To>
          <StopPointRef>60707486</StopPointRef>
        </To>
        <Direction>inbound</Direction>
      </RouteLink>
      <RouteLink id="AYAO426_012_290711">
        <From>
          <StopPointRef>60707486</StopPointRef>
        </From>
        <To>
          <StopPointRef>60709304</StopPointRef>
        </To>
        <Direction>inbound</Direction>
      </RouteLink>
    </RouteSection>
    <RouteSection id="AYAO426_013">
      <RouteLink id="AYAO426_013_290722">
        <From>
          <StopPointRef>60709676</StopPointRef>
        </From>
        <To>
          <StopPointRef>60709303</StopPointRef>
        </To>
        <Direction>outbound</Direction>
      </RouteLink>
      <RouteLink id="AYAO426_013_290723">
        <From>
          <StopPointRef>60709303</StopPointRef>
        </From>
        <To>
          <StopPointRef>60709486</StopPointRef>
        </To>
        <Direction>outbound</Direction>
      </RouteLink>
      <RouteLink id="AYAO426_013_290724">
        <From>
          <StopPointRef>60709486</StopPointRef>
        </From>
        <To>
          <StopPointRef>60709783</StopPointRef>
        </To>
        <Direction>outbound</Direction>
      </RouteLink>
      <RouteLink id="AYAO426_013_290725">
        <From>
          <StopPointRef>60709783</StopPointRef>
        </From>
        <To>
          <StopPointRef>60709778</StopPointRef>
        </To>
        <Direction>outbound</Direction>
      </RouteLink>
      <RouteLink id="AYAO426_013_290726">
        <From>
          <StopPointRef>60709778</StopPointRef>
        </From>
        <To>
          <StopPointRef>60709487</StopPointRef>
        </To>
        <Direction>outbound</Direction>
      </RouteLink>
      <RouteLink id="AYAO426_013_290727">
        <From>
          <StopPointRef>60709487</StopPointRef>
        </From>
        <To>
          <StopPointRef>60709814</StopPointRef>
        </To>
        <Direction>outbound</Direction>
      </RouteLink>
      <RouteLink id="AYAO426_013_290728">
        <From>
          <StopPointRef>60709814</StopPointRef>
        </From>
        <To>
          <StopPointRef>60707302</StopPointRef>
        </To>
        <Direction>outbound</Direction>
      </RouteLink>
      <RouteLink id="AYAO426_013_290729">
        <From>
          <StopPointRef>60707302</StopPointRef>
        </From>
        <To>
          <StopPointRef>60707463</StopPointRef>
        </To>
        <Direction>outbound</Direction>
      </RouteLink>
      <RouteLink id="AYAO426_013_290730">
        <From>
          <StopPointRef>60707463</StopPointRef>
        </From>
        <To>
          <StopPointRef>60707451</StopPointRef>
        </To>
        <Direction>outbound</Direction>
      </RouteLink>
      <RouteLink id="AYAO426_013_290731">
        <From>
          <StopPointRef>60707451</StopPointRef>
        </From>
        <To>
          <StopPointRef>60709437</StopPointRef>
        </To>
        <Direction>outbound</Direction>
      </RouteLink>
      <RouteLink id="AYAO426_013_290732">
        <From>
          <StopPointRef>60709437</StopPointRef>
        </From>
        <To>
          <StopPointRef>60709433</StopPointRef>
        </To>
        <Direction>outbound</Direction>
      </RouteLink>
      <RouteLink id="AYAO426_013_290733">
        <From>
          <StopPointRef>60709433</StopPointRef>
        </From>
        <To>
          <StopPointRef>60709451</StopPointRef>
        </To>
        <Direction>outbound</Direction>
      </RouteLink>
      <RouteLink id="AYAO426_013_290734">
        <From>
          <StopPointRef>60709451</StopPointRef>
        </From>
        <To>
          <StopPointRef>60707648</StopPointRef>
        </To>
        <Direction>outbound</Direction>
      </RouteLink>
      <RouteLink id="AYAO426_013_290735">
        <From>
          <StopPointRef>60707648</StopPointRef>
        </From>
        <To>
          <StopPointRef>60709465</StopPointRef>
        </To>
        <Direction>outbound</Direction>
      </RouteLink>
    </RouteSection>
    <RouteSection id="AYAO426_015">
      <RouteLink id="AYAO426_015_290753">
        <From>
          <StopPointRef>60709673</StopPointRef>
        </From>
        <To>
          <StopPointRef>6070157</StopPointRef>
        </To>
        <Direction>outbound</Direction>
      </RouteLink>
      <RouteLink id="AYAO426_015_290754">
        <From>
          <StopPointRef>6070157</StopPointRef>
        </From>
        <To>
          <StopPointRef>60709782</StopPointRef>
        </To>
        <Direction>outbound</Direction>
      </RouteLink>
      <RouteLink id="AYAO426_015_290755">
        <From>
          <StopPointRef>60709782</StopPointRef>
        </From>
        <To>
          <StopPointRef>60709303</StopPointRef>
        </To>
        <Direction>outbound</Direction>
      </RouteLink>
      <RouteLink id="AYAO426_015_290756">
        <From>
          <StopPointRef>60709303</StopPointRef>
        </From>
        <To>
          <StopPointRef>60709486</StopPointRef>
        </To>
        <Direction>outbound</Direction>
      </RouteLink>
      <RouteLink id="AYAO426_015_290757">
        <From>
          <StopPointRef>60709486</StopPointRef>
        </From>
        <To>
          <StopPointRef>60709783</StopPointRef>
        </To>
        <Direction>outbound</Direction>
      </RouteLink>
      <RouteLink id="AYAO426_015_290758">
        <From>
          <StopPointRef>60709783</StopPointRef>
        </From>
        <To>
          <StopPointRef>60709778</StopPointRef>
        </To>
        <Direction>outbound</Direction>
      </RouteLink>
      <RouteLink id="AYAO426_015_290759">
        <From>
          <StopPointRef>60709778</StopPointRef>
        </From>
        <To>
          <StopPointRef>60709487</StopPointRef>
        </To>
        <Direction>outbound</Direction>
      </RouteLink>
      <RouteLink id="AYAO426_015_290760">
        <From>
          <StopPointRef>60709487</StopPointRef>
        </From>
        <To>
          <StopPointRef>60707302</StopPointRef>
        </To>
        <Direction>outbound</Direction>
      </RouteLink>
      <RouteLink id="AYAO426_015_290761">
        <From>
          <StopPointRef>60707302</StopPointRef>
        </From>
        <To>
          <StopPointRef>60707463</StopPointRef>
        </To>
        <Direction>outbound</Direction>
      </RouteLink>
      <RouteLink id="AYAO426_015_290762">
        <From>
          <StopPointRef>60707463</StopPointRef>
        </From>
        <To>
          <StopPointRef>60707648</StopPointRef>
        </To>
        <Direction>outbound</Direction>
      </RouteLink>
      <RouteLink id="AYAO426_015_290763">
        <From>
          <StopPointRef>60707648</StopPointRef>
        </From>
        <To>
          <StopPointRef>60709465</StopPointRef>
        </To>
        <Direction>outbound</Direction>
      </RouteLink>
    </RouteSection>
  </RouteSections>
  <Routes>
    <Route id="AYAO426_009">
      <Description>Achnamara - Lochgilphead
</Description>
      <RouteSectionRef>AYAO426_009</RouteSectionRef>
    </Route>
    <Route id="AYAO426_014">
      <Description>Achnamara - Lochgilphead
</Description>
      <RouteSectionRef>AYAO426_014</RouteSectionRef>
    </Route>
    <Route id="AYAO426_016">
      <Description>Lochgilphead - Achnamara
</Description>
      <RouteSectionRef>AYAO426_016</RouteSectionRef>
    </Route>
    <Route id="AYAO426_017">
      <Description>Lochgilphead - Achnamara
</Description>
      <RouteSectionRef>AYAO426_017</RouteSectionRef>
    </Route>
    <Route id="AYAO426_018">
      <Description>Lochgilphead - Achnamara
</Description>
      <RouteSectionRef>AYAO426_018</RouteSectionRef>
    </Route>
    <Route id="AYAO426_012">
      <Description>Lochgilphead - Achnamara
</Description>
      <RouteSectionRef>AYAO426_012</RouteSectionRef>
    </Route>
    <Route id="AYAO426_013">
      <Description>Achnamara - Lochgilphead
</Description>
      <RouteSectionRef>AYAO426_013</RouteSectionRef>
    </Route>
    <Route id="AYAO426_015">
      <Description>Achnamara - Lochgilphead
</Description>
      <RouteSectionRef>AYAO426_015</RouteSectionRef>
    </Route>
  </Routes>
  <JourneyPatternSections>
    <JourneyPatternSection id="JPS_AYAO426-9">
      <JourneyPatternTimingLink id="JPS_AYAO426-9_290713">
        <From>
          <StopPointRef>60709303</StopPointRef>
          <TimingStatus>PTP</TimingStatus>
        </From>
        <To>
          <StopPointRef>60709486</StopPointRef>
          <TimingStatus>OTH</TimingStatus>
        </To>
        <RouteLinkRef>AYAO426_009_290713</RouteLinkRef>
        <Direction>outbound</Direction>
        <RunTime>PT0S</RunTime>
      </JourneyPatternTimingLink>
      <JourneyPatternTimingLink id="JPS_AYAO426-9_290714">
        <From>
          <StopPointRef>60709486</StopPointRef>
          <TimingStatus>OTH</TimingStatus>
        </From>
        <To>
          <StopPointRef>60709783</StopPointRef>
          <TimingStatus>OTH</TimingStatus>
        </To>
        <RouteLinkRef>AYAO426_009_290714</RouteLinkRef>
        <Direction>outbound</Direction>
        <RunTime>PT60S</RunTime>
      </JourneyPatternTimingLink>
      <JourneyPatternTimingLink id="JPS_AYAO426-9_290715">
        <From>
          <StopPointRef>60709783</StopPointRef>
          <TimingStatus>OTH</TimingStatus>
        </From>
        <To>
          <StopPointRef>60709778</StopPointRef>
          <TimingStatus>OTH</TimingStatus>
        </To>
        <RouteLinkRef>AYAO426_009_290715</RouteLinkRef>
        <Direction>outbound</Direction>
        <RunTime>PT0S</RunTime>
      </JourneyPatternTimingLink>
      <JourneyPatternTimingLink id="JPS_AYAO426-9_290716">
        <From>
          <StopPointRef>60709778</StopPointRef>
          <TimingStatus>OTH</TimingStatus>
        </From>
        <To>
          <StopPointRef>60709487</StopPointRef>
          <TimingStatus>PTP</TimingStatus>
        </To>
        <RouteLinkRef>AYAO426_009_290716</RouteLinkRef>
        <Direction>outbound</Direction>
        <RunTime>PT60S</RunTime>
      </JourneyPatternTimingLink>
      <JourneyPatternTimingLink id="JPS_AYAO426-9_290717">
        <From>
          <StopPointRef>60709487</StopPointRef>
          <TimingStatus>PTP</TimingStatus>
        </From>
        <To>
          <StopPointRef>60707302</StopPointRef>
          <TimingStatus>PTP</TimingStatus>
        </To>
        <RouteLinkRef>AYAO426_009_290717</RouteLinkRef>
        <Direction>outbound</Direction>
        <RunTime>PT300S</RunTime>
      </JourneyPatternTimingLink>
      <JourneyPatternTimingLink id="JPS_AYAO426-9_290718">
        <From>
          <StopPointRef>60707302</StopPointRef>
          <TimingStatus>PTP</TimingStatus>
        </From>
        <To>
          <StopPointRef>60707463</StopPointRef>
          <TimingStatus>PTP</TimingStatus>
        </To>
        <RouteLinkRef>AYAO426_009_290718</RouteLinkRef>
        <Direction>outbound</Direction>
        <RunTime>PT180S</RunTime>
      </JourneyPatternTimingLink>
      <JourneyPatternTimingLink id="JPS_AYAO426-9_290719">
        <From>
          <StopPointRef>60707463</StopPointRef>
          <TimingStatus>PTP</TimingStatus>
        </From>
        <To>
          <StopPointRef>60707648</StopPointRef>
          <TimingStatus>PTP</TimingStatus>
        </To>
        <RouteLinkRef>AYAO426_009_290719</RouteLinkRef>
        <Direction>outbound</Direction>
        <RunTime>PT180S</RunTime>
      </JourneyPatternTimingLink>
      <JourneyPatternTimingLink id="JPS_AYAO426-9_290720">
        <From>
          <StopPointRef>60707648</StopPointRef>
          <TimingStatus>PTP</TimingStatus>
        </From>
        <To>
          <StopPointRef>60709465</StopPointRef>
          <TimingStatus>PTP</TimingStatus>
        </To>
        <RouteLinkRef>AYAO426_009_290720</RouteLinkRef>
        <Direction>outbound</Direction>
        <RunTime>PT480S</RunTime>
      </JourneyPatternTimingLink>
    </JourneyPatternSection>
    <JourneyPatternSection id="JPS_AYAO426-10">
      <JourneyPatternTimingLink id="JPS_AYAO426-10_290737">
        <From>
          <StopPointRef>60709673</StopPointRef>
          <TimingStatus>PTP</TimingStatus>
        </From>
        <To>
          <StopPointRef>6070157</StopPointRef>
          <TimingStatus>OTH</TimingStatus>
        </To>
        <RouteLinkRef>AYAO426_014_290737</RouteLinkRef>
        <Direction>outbound</Direction>
        <RunTime>PT60S</RunTime>
      </JourneyPatternTimingLink>
      <JourneyPatternTimingLink id="JPS_AYAO426-10_290738">
        <From>
          <StopPointRef>6070157</StopPointRef>
          <TimingStatus>OTH</TimingStatus>
        </From>
        <To>
          <StopPointRef>60709782</StopPointRef>
          <TimingStatus>OTH</TimingStatus>
        </To>
        <RouteLinkRef>AYAO426_014_290738</RouteLinkRef>
        <Direction>outbound</Direction>
        <RunTime>PT60S</RunTime>
      </JourneyPatternTimingLink>
      <JourneyPatternTimingLink id="JPS_AYAO426-10_290739">
        <From>
          <StopPointRef>60709782</StopPointRef>
          <TimingStatus>OTH</TimingStatus>
        </From>
        <To>
          <StopPointRef>60709303</StopPointRef>
          <TimingStatus>PTP</TimingStatus>
        </To>
        <RouteLinkRef>AYAO426_014_290739</RouteLinkRef>
        <Direction>outbound</Direction>
        <RunTime>PT180S</RunTime>
      </JourneyPatternTimingLink>
      <JourneyPatternTimingLink id="JPS_AYAO426-10_290740">
        <From>
          <StopPointRef>60709303</StopPointRef>
          <TimingStatus>PTP</TimingStatus>
        </From>
        <To>
          <StopPointRef>60709486</StopPointRef>
          <TimingStatus>OTH</TimingStatus>
        </To>
        <RouteLinkRef>AYAO426_014_290740</RouteLinkRef>
        <Direction>outbound</Direction>
        <RunTime>PT60S</RunTime>
      </JourneyPatternTimingLink>
      <JourneyPatternTimingLink id="JPS_AYAO426-10_290741">
        <From>
          <StopPointRef>60709486</StopPointRef>
          <TimingStatus>OTH</TimingStatus>
        </From>
        <To>
          <StopPointRef>60709783</StopPointRef>
          <TimingStatus>OTH</TimingStatus>
        </To>
        <RouteLinkRef>AYAO426_014_290741</RouteLinkRef>
        <Direction>outbound</Direction>
        <RunTime>PT0S</RunTime>
      </JourneyPatternTimingLink>
      <JourneyPatternTimingLink id="JPS_AYAO426-10_290742">
        <From>
          <StopPointRef>60709783</StopPointRef>
          <TimingStatus>OTH</TimingStatus>
        </From>
        <To>
          <StopPointRef>60709778</StopPointRef>
          <TimingStatus>OTH</TimingStatus>
        </To>
        <RouteLinkRef>AYAO426_014_290742</RouteLinkRef>
        <Direction>outbound</Direction>
        <RunTime>PT60S</RunTime>
      </JourneyPatternTimingLink>
      <JourneyPatternTimingLink id="JPS_AYAO426-10_290743">
        <From>
          <StopPointRef>60709778</StopPointRef>
          <TimingStatus>OTH</TimingStatus>
        </From>
        <To>
          <StopPointRef>60709487</StopPointRef>
          <TimingStatus>PTP</TimingStatus>
        </To>
        <RouteLinkRef>AYAO426_014_290743</RouteLinkRef>
        <Direction>outbound</Direction>
        <RunTime>PT60S</RunTime>
      </JourneyPatternTimingLink>
      <JourneyPatternTimingLink id="JPS_AYAO426-10_290744">
        <From>
          <StopPointRef>60709487</StopPointRef>
          <TimingStatus>PTP</TimingStatus>
        </From>
        <To>
          <StopPointRef>60707302</StopPointRef>
          <TimingStatus>PTP</TimingStatus>
        </To>
        <RouteLinkRef>AYAO426_014_290744</RouteLinkRef>
        <Direction>outbound</Direction>
        <RunTime>PT300S</RunTime>
      </JourneyPatternTimingLink>
      <JourneyPatternTimingLink id="JPS_AYAO426-10_290745">
        <From>
          <StopPointRef>60707302</StopPointRef>
          <TimingStatus>PTP</TimingStatus>
        </From>
        <To>
          <StopPointRef>60707463</StopPointRef>
          <TimingStatus>PTP</TimingStatus>
        </To>
        <RouteLinkRef>AYAO426_014_290745</RouteLinkRef>
        <Direction>outbound</Direction>
        <RunTime>PT180S</RunTime>
      </JourneyPatternTimingLink>
      <JourneyPatternTimingLink id="JPS_AYAO426-10_290746">
        <From>
          <StopPointRef>60707463</StopPointRef>
          <TimingStatus>PTP</TimingStatus>
        </From>
        <To>
          <StopPointRef>60707451</StopPointRef>
          <TimingStatus>PTP</TimingStatus>
        </To>
        <RouteLinkRef>AYAO426_014_290746</RouteLinkRef>
        <Direction>outbound</Direction>
        <RunTime>PT60S</RunTime>
      </JourneyPatternTimingLink>
      <JourneyPatternTimingLink id="JPS_AYAO426-10_290747">
        <From>
          <StopPointRef>60707451</StopPointRef>
          <TimingStatus>PTP</TimingStatus>
        </From>
        <To>
          <StopPointRef>60709437</StopPointRef>
          <TimingStatus>PTP</TimingStatus>
        </To>
        <RouteLinkRef>AYAO426_014_290747</RouteLinkRef>
        <Direction>outbound</Direction>
        <RunTime>PT300S</RunTime>
      </JourneyPatternTimingLink>
      <JourneyPatternTimingLink id="JPS_AYAO426-10_290748">
        <From>
          <StopPointRef>60709437</StopPointRef>
          <TimingStatus>PTP</TimingStatus>
        </From>
        <To>
          <StopPointRef>60709433</StopPointRef>
          <TimingStatus>PTP</TimingStatus>
        </To>
        <RouteLinkRef>AYAO426_014_290748</RouteLinkRef>
        <Direction>outbound</Direction>
        <RunTime>PT60S</RunTime>
      </JourneyPatternTimingLink>
      <JourneyPatternTimingLink id="JPS_AYAO426-10_290749">
        <From>
          <StopPointRef>60709433</StopPointRef>
          <TimingStatus>PTP</TimingStatus>
        </From>
        <To>
          <StopPointRef>60709451</StopPointRef>
          <TimingStatus>PTP</TimingStatus>
        </To>
        <RouteLinkRef>AYAO426_014_290749</RouteLinkRef>
        <Direction>outbound</Direction>
        <RunTime>PT300S</RunTime>
      </JourneyPatternTimingLink>
      <JourneyPatternTimingLink id="JPS_AYAO426-10_290750">
        <From>
          <StopPointRef>60709451</StopPointRef>
          <TimingStatus>PTP</TimingStatus>
        </From>
        <To>
          <StopPointRef>60707648</StopPointRef>
          <TimingStatus>PTP</TimingStatus>
        </To>
        <RouteLinkRef>AYAO426_014_290750</RouteLinkRef>
        <Direction>outbound</Direction>
        <RunTime>PT180S</RunTime>
      </JourneyPatternTimingLink>
      <JourneyPatternTimingLink id="JPS_AYAO426-10_290751">
        <From>
          <StopPointRef>60707648</StopPointRef>
          <TimingStatus>PTP</TimingStatus>
        </From>
        <To>
          <StopPointRef>60709465</StopPointRef>
          <TimingStatus>PTP</TimingStatus>
        </To>
        <RouteLinkRef>AYAO426_014_290751</RouteLinkRef>
        <Direction>outbound</Direction>
        <RunTime>PT480S</RunTime>
      </JourneyPatternTimingLink>
    </JourneyPatternSection>
    <JourneyPatternSection id="JPS_AYAO426-11">
      <JourneyPatternTimingLink id="JPS_AYAO426-11_290656">
        <From>
          <StopPointRef>60709465</StopPointRef>
          <TimingStatus>PTP</TimingStatus>
        </From>
        <To>
          <StopPointRef>60709648</StopPointRef>
          <TimingStatus>PTP</TimingStatus>
        </To>
        <RouteLinkRef>AYAO426_016_290656</RouteLinkRef>
        <Direction>inbound</Direction>
        <RunTime>PT480S</RunTime>
      </JourneyPatternTimingLink>
      <JourneyPatternTimingLink id="JPS_AYAO426-11_290657">
        <From>
          <StopPointRef>60709648</StopPointRef>
          <TimingStatus>PTP</TimingStatus>
        </From>
        <To>
          <StopPointRef>60707451</StopPointRef>
          <TimingStatus>PTP</TimingStatus>
        </To>
        <RouteLinkRef>AYAO426_016_290657</RouteLinkRef>
        <Direction>inbound</Direction>
        <RunTime>PT180S</RunTime>
      </JourneyPatternTimingLink>
      <JourneyPatternTimingLink id="JPS_AYAO426-11_290658">
        <From>
          <StopPointRef>60707451</StopPointRef>
          <TimingStatus>PTP</TimingStatus>
        </From>
        <To>
          <StopPointRef>60709437</StopPointRef>
          <TimingStatus>PTP</TimingStatus>
        </To>
        <RouteLinkRef>AYAO426_016_290658</RouteLinkRef>
        <Direction>inbound</Direction>
        <RunTime>PT300S</RunTime>
      </JourneyPatternTimingLink>
      <JourneyPatternTimingLink id="JPS_AYAO426-11_290659">
        <From>
          <StopPointRef>60709437</StopPointRef>
          <TimingStatus>PTP</TimingStatus>
        </From>
        <To>
          <StopPointRef>60709433</StopPointRef>
          <TimingStatus>PTP</TimingStatus>
        </To>
        <RouteLinkRef>AYAO426_016_290659</RouteLinkRef>
        <Direction>inbound</Direction>
        <RunTime>PT60S</RunTime>
      </JourneyPatternTimingLink>
      <JourneyPatternTimingLink id="JPS_AYAO426-11_290660">
        <From>
          <StopPointRef>60709433</StopPointRef>
          <TimingStatus>PTP</TimingStatus>
        </From>
        <To>
          <StopPointRef>60709451</StopPointRef>
          <TimingStatus>PTP</TimingStatus>
        </To>
        <RouteLinkRef>AYAO426_016_290660</RouteLinkRef>
        <Direction>inbound</Direction>
        <RunTime>PT300S</RunTime>
      </JourneyPatternTimingLink>
      <JourneyPatternTimingLink id="JPS_AYAO426-11_290661">
        <From>
          <StopPointRef>60709451</StopPointRef>
          <TimingStatus>PTP</TimingStatus>
        </From>
        <To>
          <StopPointRef>60709463</StopPointRef>
          <TimingStatus>PTP</TimingStatus>
        </To>
        <RouteLinkRef>AYAO426_016_290661</RouteLinkRef>
        <Direction>inbound</Direction>
        <RunTime>PT60S</RunTime>
      </JourneyPatternTimingLink>
      <JourneyPatternTimingLink id="JPS_AYAO426-11_290662">
        <From>
          <StopPointRef>60709463</StopPointRef>
          <TimingStatus>PTP</TimingStatus>
        </From>
        <To>
          <StopPointRef>60709302</StopPointRef>
          <TimingStatus>PTP</TimingStatus>
        </To>
        <RouteLinkRef>AYAO426_016_290662</RouteLinkRef>
        <Direction>inbound</Direction>
        <RunTime>PT240S</RunTime>
      </JourneyPatternTimingLink>
      <JourneyPatternTimingLink id="JPS_AYAO426-11_290663">
        <From>
          <StopPointRef>60709302</StopPointRef>
          <TimingStatus>PTP</TimingStatus>
        </From>
        <To>
          <StopPointRef>60709814</StopPointRef>
          <TimingStatus>PTP</TimingStatus>
        </To>
        <RouteLinkRef>AYAO426_016_290663</RouteLinkRef>
        <Direction>inbound</Direction>
        <RunTime>PT300S</RunTime>
      </JourneyPatternTimingLink>
      <JourneyPatternTimingLink id="JPS_AYAO426-11_290664">
        <From>
          <StopPointRef>60709814</StopPointRef>
          <TimingStatus>PTP</TimingStatus>
        </From>
        <To>
          <StopPointRef>60707487</StopPointRef>
          <TimingStatus>PTP</TimingStatus>
        </To>
        <RouteLinkRef>AYAO426_016_290664</RouteLinkRef>
        <Direction>inbound</Direction>
        <RunTime>PT60S</RunTime>
      </JourneyPatternTimingLink>
      <JourneyPatternTimingLink id="JPS_AYAO426-11_290665">
        <From>
          <StopPointRef>60707487</StopPointRef>
          <TimingStatus>PTP</TimingStatus>
        </From>
        <To>
          <StopPointRef>60709777</StopPointRef>
          <TimingStatus>OTH</TimingStatus>
        </To>
        <RouteLinkRef>AYAO426_016_290665</RouteLinkRef>
        <Direction>inbound</Direction>
        <RunTime>PT0S</RunTime>
      </JourneyPatternTimingLink>
      <JourneyPatternTimingLink id="JPS_AYAO426-11_290666">
        <From>
          <StopPointRef>60709777</StopPointRef>
          <TimingStatus>OTH</TimingStatus>
        </From>
        <To>
          <StopPointRef>60707783</StopPointRef>
          <TimingStatus>OTH</TimingStatus>
        </To>
        <RouteLinkRef>AYAO426_016_290666</RouteLinkRef>
        <Direction>inbound</Direction>
        <RunTime>PT0S</RunTime>
      </JourneyPatternTimingLink>
      <JourneyPatternTimingLink id="JPS_AYAO426-11_290667">
        <From>
          <StopPointRef>60707783</StopPointRef>
          <TimingStatus>OTH</TimingStatus>
        </From>
        <To>
          <StopPointRef>60707486</StopPointRef>
          <TimingStatus>OTH</TimingStatus>
        </To>
        <RouteLinkRef>AYAO426_016_290667</RouteLinkRef>
        <Direction>inbound</Direction>
        <RunTime>PT60S</RunTime>
      </JourneyPatternTimingLink>
      <JourneyPatternTimingLink id="JPS_AYAO426-11_290668">
        <From>
          <StopPointRef>60707486</StopPointRef>
          <TimingStatus>OTH</TimingStatus>
        </From>
        <To>
          <StopPointRef>60709781</StopPointRef>
          <TimingStatus>OTH</TimingStatus>
        </To>
        <RouteLinkRef>AYAO426_016_290668</RouteLinkRef>
        <Direction>inbound</Direction>
        <RunTime>PT0S</RunTime>
      </JourneyPatternTimingLink>
      <JourneyPatternTimingLink id="JPS_AYAO426-11_290669">
        <From>
          <StopPointRef>60709781</StopPointRef>
          <TimingStatus>OTH</TimingStatus>
        </From>
        <To>
          <StopPointRef>6070160</StopPointRef>
          <TimingStatus>OTH</TimingStatus>
        </To>
        <RouteLinkRef>AYAO426_016_290669</RouteLinkRef>
        <Direction>inbound</Direction>
        <RunTime>PT60S</RunTime>
      </JourneyPatternTimingLink>
      <JourneyPatternTimingLink id="JPS_AYAO426-11_290670">
        <From>
          <StopPointRef>6070160</StopPointRef>
          <TimingStatus>OTH</TimingStatus>
        </From>
        <To>
          <StopPointRef>60709673</StopPointRef>
          <TimingStatus>PTP</TimingStatus>
        </To>
        <RouteLinkRef>AYAO426_016_290670</RouteLinkRef>
        <Direction>inbound</Direction>
        <RunTime>PT60S</RunTime>
      </JourneyPatternTimingLink>
      <JourneyPatternTimingLink id="JPS_AYAO426-11_290671">
        <From>
          <StopPointRef>60709673</StopPointRef>
          <TimingStatus>PTP</TimingStatus>
        </From>
        <To>
          <StopPointRef>6070157</StopPointRef>
          <TimingStatus>OTH</TimingStatus>
        </To>
        <RouteLinkRef>AYAO426_016_290671</RouteLinkRef>
        <Direction>inbound</Direction>
        <RunTime>PT120S</RunTime>
      </JourneyPatternTimingLink>
      <JourneyPatternTimingLink id="JPS_AYAO426-11_290672">
        <From>
          <StopPointRef>6070157</StopPointRef>
          <TimingStatus>OTH</TimingStatus>
        </From>
        <To>
          <StopPointRef>60709782</StopPointRef>
          <TimingStatus>OTH</TimingStatus>
        </To>
        <RouteLinkRef>AYAO426_016_290672</RouteLinkRef>
        <Direction>inbound</Direction>
        <RunTime>PT60S</RunTime>
      </JourneyPatternTimingLink>
      <JourneyPatternTimingLink id="JPS_AYAO426-11_290673">
        <From>
          <StopPointRef>60709782</StopPointRef>
          <TimingStatus>OTH</TimingStatus>
        </From>
        <To>
          <StopPointRef>60709304</StopPointRef>
          <TimingStatus>PTP</TimingStatus>
        </To>
        <RouteLinkRef>AYAO426_016_290673</RouteLinkRef>
        <Direction>inbound</Direction>
        <RunTime>PT120S</RunTime>
      </JourneyPatternTimingLink>
      <JourneyPatternTimingLink id="JPS_AYAO426-11_290674">
        <From>
          <StopPointRef>60709304</StopPointRef>
          <TimingStatus>PTP</TimingStatus>
        </From>
        <To>
          <StopPointRef>60709676</StopPointRef>
          <TimingStatus>PTP</TimingStatus>
        </To>
        <RouteLinkRef>AYAO426_016_290674</RouteLinkRef>
        <Direction>inbound</Direction>
        <RunTime>PT240S</RunTime>
      </JourneyPatternTimingLink>
    </JourneyPatternSection>
    <JourneyPatternSection id="JPS_AYAO426-12">
      <JourneyPatternTimingLink id="JPS_AYAO426-12_290676">
        <From>
          <StopPointRef>60709465</StopPointRef>
          <TimingStatus>PTP</TimingStatus>
        </From>
        <To>
          <StopPointRef>60709648</StopPointRef>
          <TimingStatus>PTP</TimingStatus>
        </To>
        <RouteLinkRef>AYAO426_017_290676</RouteLinkRef>
        <Direction>inbound</Direction>
        <RunTime>PT480S</RunTime>
      </JourneyPatternTimingLink>
      <JourneyPatternTimingLink id="JPS_AYAO426-12_290677">
        <From>
          <StopPointRef>60709648</StopPointRef>
          <TimingStatus>PTP</TimingStatus>
        </From>
        <To>
          <StopPointRef>60709463</StopPointRef>
          <TimingStatus>PTP</TimingStatus>
        </To>
        <RouteLinkRef>AYAO426_017_290677</RouteLinkRef>
        <Direction>inbound</Direction>
        <RunTime>PT180S</RunTime>
      </JourneyPatternTimingLink>
      <JourneyPatternTimingLink id="JPS_AYAO426-12_290678">
        <From>
          <StopPointRef>60709463</StopPointRef>
          <TimingStatus>PTP</TimingStatus>
        </From>
        <To>
          <StopPointRef>60709302</StopPointRef>
          <TimingStatus>PTP</TimingStatus>
        </To>
        <RouteLinkRef>AYAO426_017_290678</RouteLinkRef>
        <Direction>inbound</Direction>
        <RunTime>PT240S</RunTime>
      </JourneyPatternTimingLink>
      <JourneyPatternTimingLink id="JPS_AYAO426-12_290679">
        <From>
          <StopPointRef>60709302</StopPointRef>
          <TimingStatus>PTP</TimingStatus>
        </From>
        <To>
          <StopPointRef>60707487</StopPointRef>
          <TimingStatus>PTP</TimingStatus>
        </To>
        <RouteLinkRef>AYAO426_017_290679</RouteLinkRef>
        <Direction>inbound</Direction>
        <RunTime>PT300S</RunTime>
      </JourneyPatternTimingLink>
      <JourneyPatternTimingLink id="JPS_AYAO426-12_290680">
        <From>
          <StopPointRef>60707487</StopPointRef>
          <TimingStatus>PTP</TimingStatus>
        </From>
        <To>
          <StopPointRef>60709777</StopPointRef>
          <TimingStatus>OTH</TimingStatus>
        </To>
        <RouteLinkRef>AYAO426_017_290680</RouteLinkRef>
        <Direction>inbound</Direction>
        <RunTime>PT0S</RunTime>
      </JourneyPatternTimingLink>
      <JourneyPatternTimingLink id="JPS_AYAO426-12_290681">
        <From>
          <StopPointRef>60709777</StopPointRef>
          <TimingStatus>OTH</TimingStatus>
        </From>
        <To>
          <StopPointRef>60707783</StopPointRef>
          <TimingStatus>OTH</TimingStatus>
        </To>
        <RouteLinkRef>AYAO426_017_290681</RouteLinkRef>
        <Direction>inbound</Direction>
        <RunTime>PT0S</RunTime>
      </JourneyPatternTimingLink>
      <JourneyPatternTimingLink id="JPS_AYAO426-12_290682">
        <From>
          <StopPointRef>60707783</StopPointRef>
          <TimingStatus>OTH</TimingStatus>
        </From>
        <To>
          <StopPointRef>60707486</StopPointRef>
          <TimingStatus>OTH</TimingStatus>
        </To>
        <RouteLinkRef>AYAO426_017_290682</RouteLinkRef>
        <Direction>inbound</Direction>
        <RunTime>PT60S</RunTime>
      </JourneyPatternTimingLink>
      <JourneyPatternTimingLink id="JPS_AYAO426-12_290683">
        <From>
          <StopPointRef>60707486</StopPointRef>
          <TimingStatus>OTH</TimingStatus>
        </From>
        <To>
          <StopPointRef>60709304</StopPointRef>
          <TimingStatus>PTP</TimingStatus>
        </To>
        <RouteLinkRef>AYAO426_017_290683</RouteLinkRef>
        <Direction>inbound</Direction>
        <RunTime>PT60S</RunTime>
      </JourneyPatternTimingLink>
    </JourneyPatternSection>
    <JourneyPatternSection id="JPS_AYAO426-13">
      <JourneyPatternTimingLink id="JPS_AYAO426-13_290685">
        <From>
          <StopPointRef>60709465</StopPointRef>
          <TimingStatus>PTP</TimingStatus>
        </From>
        <To>
          <StopPointRef>60709648</StopPointRef>
          <TimingStatus>PTP</TimingStatus>
        </To>
        <RouteLinkRef>AYAO426_018_290685</RouteLinkRef>
        <Direction>inbound</Direction>
        <RunTime>PT480S</RunTime>
      </JourneyPatternTimingLink>
      <JourneyPatternTimingLink id="JPS_AYAO426-13_290686">
        <From>
          <StopPointRef>60709648</StopPointRef>
          <TimingStatus>PTP</TimingStatus>
        </From>
        <To>
          <StopPointRef>60709463</StopPointRef>
          <TimingStatus>PTP</TimingStatus>
        </To>
        <RouteLinkRef>AYAO426_018_290686</RouteLinkRef>
        <Direction>inbound</Direction>
        <RunTime>PT180S</RunTime>
      </JourneyPatternTimingLink>
      <JourneyPatternTimingLink id="JPS_AYAO426-13_290687">
        <From>
          <StopPointRef>60709463</StopPointRef>
          <TimingStatus>PTP</TimingStatus>
        </From>
        <To>
          <StopPointRef>60709302</StopPointRef>
          <TimingStatus>PTP</TimingStatus>
        </To>
        <RouteLinkRef>AYAO426_018_290687</RouteLinkRef>
        <Direction>inbound</Direction>
        <RunTime>PT240S</RunTime>
      </JourneyPatternTimingLink>
      <JourneyPatternTimingLink id="JPS_AYAO426-13_290688">
        <From>
          <StopPointRef>60709302</StopPointRef>
          <TimingStatus>PTP</TimingStatus>
        </From>
        <To>
          <StopPointRef>60707487</StopPointRef>
          <TimingStatus>PTP</TimingStatus>
        </To>
        <RouteLinkRef>AYAO426_018_290688</RouteLinkRef>
        <Direction>inbound</Direction>
        <RunTime>PT300S</RunTime>
      </JourneyPatternTimingLink>
      <JourneyPatternTimingLink id="JPS_AYAO426-13_290689">
        <From>
          <StopPointRef>60707487</StopPointRef>
          <TimingStatus>PTP</TimingStatus>
        </From>
        <To>
          <StopPointRef>60709777</StopPointRef>
          <TimingStatus>OTH</TimingStatus>
        </To>
        <RouteLinkRef>AYAO426_018_290689</RouteLinkRef>
        <Direction>inbound</Direction>
        <RunTime>PT0S</RunTime>
      </JourneyPatternTimingLink>
      <JourneyPatternTimingLink id="JPS_AYAO426-13_290690">
        <From>
          <StopPointRef>60709777</StopPointRef>
          <TimingStatus>OTH</TimingStatus>
        </From>
        <To>
          <StopPointRef>60707783</StopPointRef>
          <TimingStatus>OTH</TimingStatus>
        </To>
        <RouteLinkRef>AYAO426_018_290690</RouteLinkRef>
        <Direction>inbound</Direction>
        <RunTime>PT0S</RunTime>
      </JourneyPatternTimingLink>
      <JourneyPatternTimingLink id="JPS_AYAO426-13_290691">
        <From>
          <StopPointRef>60707783</StopPointRef>
          <TimingStatus>OTH</TimingStatus>
        </From>
        <To>
          <StopPointRef>60707486</StopPointRef>
          <TimingStatus>OTH</TimingStatus>
        </To>
        <RouteLinkRef>AYAO426_018_290691</RouteLinkRef>
        <Direction>inbound</Direction>
        <RunTime>PT60S</RunTime>
      </JourneyPatternTimingLink>
      <JourneyPatternTimingLink id="JPS_AYAO426-13_290692">
        <From>
          <StopPointRef>60707486</StopPointRef>
          <TimingStatus>OTH</TimingStatus>
        </From>
        <To>
          <StopPointRef>60709304</StopPointRef>
          <TimingStatus>PTP</TimingStatus>
        </To>
        <RouteLinkRef>AYAO426_018_290692</RouteLinkRef>
        <Direction>inbound</Direction>
        <RunTime>PT60S</RunTime>
      </JourneyPatternTimingLink>
      <JourneyPatternTimingLink id="JPS_AYAO426-13_290693">
        <From>
          <StopPointRef>60709304</StopPointRef>
          <TimingStatus>PTP</TimingStatus>
        </From>
        <To>
          <StopPointRef>60709781</StopPointRef>
          <TimingStatus>OTH</TimingStatus>
        </To>
        <RouteLinkRef>AYAO426_018_290693</RouteLinkRef>
        <Direction>inbound</Direction>
        <RunTime>PT120S</RunTime>
      </JourneyPatternTimingLink>
      <JourneyPatternTimingLink id="JPS_AYAO426-13_290694">
        <From>
          <StopPointRef>60709781</StopPointRef>
          <TimingStatus>OTH</TimingStatus>
        </From>
        <To>
          <StopPointRef>6070160</StopPointRef>
          <TimingStatus>OTH</TimingStatus>
        </To>
        <RouteLinkRef>AYAO426_018_290694</RouteLinkRef>
        <Direction>inbound</Direction>
        <RunTime>PT60S</RunTime>
      </JourneyPatternTimingLink>
      <JourneyPatternTimingLink id="JPS_AYAO426-13_290695">
        <From>
          <StopPointRef>6070160</StopPointRef>
          <TimingStatus>OTH</TimingStatus>
        </From>
        <To>
          <StopPointRef>60709673</StopPointRef>
          <TimingStatus>PTP</TimingStatus>
        </To>
        <RouteLinkRef>AYAO426_018_290695</RouteLinkRef>
        <Direction>inbound</Direction>
        <RunTime>PT120S</RunTime>
      </JourneyPatternTimingLink>
      <JourneyPatternTimingLink id="JPS_AYAO426-13_290696">
        <From>
          <StopPointRef>60709673</StopPointRef>
          <TimingStatus>PTP</TimingStatus>
        </From>
        <To>
          <StopPointRef>6070157</StopPointRef>
          <TimingStatus>OTH</TimingStatus>
        </To>
        <RouteLinkRef>AYAO426_018_290696</RouteLinkRef>
        <Direction>inbound</Direction>
        <RunTime>PT120S</RunTime>
      </JourneyPatternTimingLink>
      <JourneyPatternTimingLink id="JPS_AYAO426-13_290697">
        <From>
          <StopPointRef>6070157</StopPointRef>
          <TimingStatus>OTH</TimingStatus>
        </From>
        <To>
          <StopPointRef>60709782</StopPointRef>
          <TimingStatus>OTH</TimingStatus>
        </To>
        <RouteLinkRef>AYAO426_018_290697</RouteLinkRef>
        <Direction>inbound</Direction>
        <RunTime>PT60S</RunTime>
      </JourneyPatternTimingLink>
      <JourneyPatternTimingLink id="JPS_AYAO426-13_290698">
        <From>
          <StopPointRef>60709782</StopPointRef>
          <TimingStatus>OTH</TimingStatus>
        </From>
        <To>
          <StopPointRef>60709304</StopPointRef>
          <TimingStatus>PTP</TimingStatus>
        </To>
        <RouteLinkRef>AYAO426_018_290698</RouteLinkRef>
        <Direction>inbound</Direction>
        <RunTime>PT120S</RunTime>
      </JourneyPatternTimingLink>
    </JourneyPatternSection>
    <JourneyPatternSection id="JPS_AYAO426-14">
      <JourneyPatternTimingLink id="JPS_AYAO426-14_290700">
        <From>
          <StopPointRef>60709465</StopPointRef>
          <TimingStatus>PTP</TimingStatus>
        </From>
        <To>
          <StopPointRef>60709648</StopPointRef>
          <TimingStatus>PTP</TimingStatus>
        </To>
        <RouteLinkRef>AYAO426_012_290700</RouteLinkRef>
        <Direction>inbound</Direction>
        <RunTime>PT480S</RunTime>
      </JourneyPatternTimingLink>
      <JourneyPatternTimingLink id="JPS_AYAO426-14_290701">
        <From>
          <StopPointRef>60709648</StopPointRef>
          <TimingStatus>PTP</TimingStatus>
        </From>
        <To>
          <StopPointRef>60707451</StopPointRef>
          <TimingStatus>PTP</TimingStatus>
        </To>
        <RouteLinkRef>AYAO426_012_290701</RouteLinkRef>
        <Direction>inbound</Direction>
        <RunTime>PT180S</RunTime>
      </JourneyPatternTimingLink>
      <JourneyPatternTimingLink id="JPS_AYAO426-14_290702">
        <From>
          <StopPointRef>60707451</StopPointRef>
          <TimingStatus>PTP</TimingStatus>
        </From>
        <To>
          <StopPointRef>60709437</StopPointRef>
          <TimingStatus>PTP</TimingStatus>
        </To>
        <RouteLinkRef>AYAO426_012_290702</RouteLinkRef>
        <Direction>inbound</Direction>
        <RunTime>PT300S</RunTime>
      </JourneyPatternTimingLink>
      <JourneyPatternTimingLink id="JPS_AYAO426-14_290703">
        <From>
          <StopPointRef>60709437</StopPointRef>
          <TimingStatus>PTP</TimingStatus>
        </From>
        <To>
          <StopPointRef>60709433</StopPointRef>
          <TimingStatus>PTP</TimingStatus>
        </To>
        <RouteLinkRef>AYAO426_012_290703</RouteLinkRef>
        <Direction>inbound</Direction>
        <RunTime>PT60S</RunTime>
      </JourneyPatternTimingLink>
      <JourneyPatternTimingLink id="JPS_AYAO426-14_290704">
        <From>
          <StopPointRef>60709433</StopPointRef>
          <TimingStatus>PTP</TimingStatus>
        </From>
        <To>
          <StopPointRef>60709451</StopPointRef>
          <TimingStatus>PTP</TimingStatus>
        </To>
        <RouteLinkRef>AYAO426_012_290704</RouteLinkRef>
        <Direction>inbound</Direction>
        <RunTime>PT300S</RunTime>
      </JourneyPatternTimingLink>
      <JourneyPatternTimingLink id="JPS_AYAO426-14_290705">
        <From>
          <StopPointRef>60709451</StopPointRef>
          <TimingStatus>PTP</TimingStatus>
        </From>
        <To>
          <StopPointRef>60709463</StopPointRef>
          <TimingStatus>PTP</TimingStatus>
        </To>
        <RouteLinkRef>AYAO426_012_290705</RouteLinkRef>
        <Direction>inbound</Direction>
        <RunTime>PT60S</RunTime>
      </JourneyPatternTimingLink>
      <JourneyPatternTimingLink id="JPS_AYAO426-14_290706">
        <From>
          <StopPointRef>60709463</StopPointRef>
          <TimingStatus>PTP</TimingStatus>
        </From>
        <To>
          <StopPointRef>60709302</StopPointRef>
          <TimingStatus>PTP</TimingStatus>
        </To>
        <RouteLinkRef>AYAO426_012_290706</RouteLinkRef>
        <Direction>inbound</Direction>
        <RunTime>PT240S</RunTime>
      </JourneyPatternTimingLink>
      <JourneyPatternTimingLink id="JPS_AYAO426-14_290707">
        <From>
          <StopPointRef>60709302</StopPointRef>
          <TimingStatus>PTP</TimingStatus>
        </From>
        <To>
          <StopPointRef>60707487</StopPointRef>
          <TimingStatus>PTP</TimingStatus>
        </To>
        <RouteLinkRef>AYAO426_012_290707</RouteLinkRef>
        <Direction>inbound</Direction>
        <RunTime>PT300S</RunTime>
      </JourneyPatternTimingLink>
      <JourneyPatternTimingLink id="JPS_AYAO426-14_290708">
        <From>
          <StopPointRef>60707487</StopPointRef>
          <TimingStatus>PTP</TimingStatus>
        </From>
        <To>
          <StopPointRef>60709777</StopPointRef>
          <TimingStatus>OTH</TimingStatus>
        </To>
        <RouteLinkRef>AYAO426_012_290708</RouteLinkRef>
        <Direction>inbound</Direction>
        <RunTime>PT0S</RunTime>
      </JourneyPatternTimingLink>
      <JourneyPatternTimingLink id="JPS_AYAO426-14_290709">
        <From>
          <StopPointRef>60709777</StopPointRef>
          <TimingStatus>OTH</TimingStatus>
        </From>
        <To>
          <StopPointRef>60707783</StopPointRef>
          <TimingStatus>OTH</TimingStatus>
        </To>
        <RouteLinkRef>AYAO426_012_290709</RouteLinkRef>
        <Direction>inbound</Direction>
        <RunTime>PT0S</RunTime>
      </JourneyPatternTimingLink>
      <JourneyPatternTimingLink id="JPS_AYAO426-14_290710">
        <From>
          <StopPointRef>60707783</StopPointRef>
          <TimingStatus>OTH</TimingStatus>
        </From>
        <To>
          <StopPointRef>60707486</StopPointRef>
          <TimingStatus>OTH</TimingStatus>
        </To>
        <RouteLinkRef>AYAO426_012_290710</RouteLinkRef>
        <Direction>inbound</Direction>
        <RunTime>PT60S</RunTime>
      </JourneyPatternTimingLink>
      <JourneyPatternTimingLink id="JPS_AYAO426-14_290711">
        <From>
          <StopPointRef>60707486</StopPointRef>
          <TimingStatus>OTH</TimingStatus>
        </From>
        <To>
          <StopPointRef>60709304</StopPointRef>
          <TimingStatus>PTP</TimingStatus>
        </To>
        <RouteLinkRef>AYAO426_012_290711</RouteLinkRef>
        <Direction>inbound</Direction>
        <RunTime>PT60S</RunTime>
      </JourneyPatternTimingLink>
    </JourneyPatternSection>
    <JourneyPatternSection id="JPS_AYAO426-15">
      <JourneyPatternTimingLink id="JPS_AYAO426-15_290722">
        <From>
          <StopPointRef>60709676</StopPointRef>
          <TimingStatus>PTP</TimingStatus>
        </From>
        <To>
          <StopPointRef>60709303</StopPointRef>
          <TimingStatus>PTP</TimingStatus>
        </To>
        <RouteLinkRef>AYAO426_013_290722</RouteLinkRef>
        <Direction>outbound</Direction>
        <RunTime>PT240S</RunTime>
      </JourneyPatternTimingLink>
      <JourneyPatternTimingLink id="JPS_AYAO426-15_290723">
        <From>
          <StopPointRef>60709303</StopPointRef>
          <TimingStatus>PTP</TimingStatus>
        </From>
        <To>
          <StopPointRef>60709486</StopPointRef>
          <TimingStatus>OTH</TimingStatus>
        </To>
        <RouteLinkRef>AYAO426_013_290723</RouteLinkRef>
        <Direction>outbound</Direction>
        <RunTime>PT0S</RunTime>
      </JourneyPatternTimingLink>
      <JourneyPatternTimingLink id="JPS_AYAO426-15_290724">
        <From>
          <StopPointRef>60709486</StopPointRef>
          <TimingStatus>OTH</TimingStatus>
        </From>
        <To>
          <StopPointRef>60709783</StopPointRef>
          <TimingStatus>OTH</TimingStatus>
        </To>
        <RouteLinkRef>AYAO426_013_290724</RouteLinkRef>
        <Direction>outbound</Direction>
        <RunTime>PT60S</RunTime>
      </JourneyPatternTimingLink>
      <JourneyPatternTimingLink id="JPS_AYAO426-15_290725">
        <From>
          <StopPointRef>60709783</StopPointRef>
          <TimingStatus>OTH</TimingStatus>
        </From>
        <To>
          <StopPointRef>60709778</StopPointRef>
          <TimingStatus>OTH</TimingStatus>
        </To>
        <RouteLinkRef>AYAO426_013_290725</RouteLinkRef>
        <Direction>outbound</Direction>
        <RunTime>PT0S</RunTime>
      </JourneyPatternTimingLink>
      <JourneyPatternTimingLink id="JPS_AYAO426-15_290726">
        <From>
          <StopPointRef>60709778</StopPointRef>
          <TimingStatus>OTH</TimingStatus>
        </From>
        <To>
          <StopPointRef>60709487</StopPointRef>
          <TimingStatus>PTP</TimingStatus>
        </To>
        <RouteLinkRef>AYAO426_013_290726</RouteLinkRef>
        <Direction>outbound</Direction>
        <RunTime>PT60S</RunTime>
      </JourneyPatternTimingLink>
      <JourneyPatternTimingLink id="JPS_AYAO426-15_290727">
        <From>
          <StopPointRef>60709487</StopPointRef>
          <TimingStatus>PTP</TimingStatus>
        </From>
        <To>
          <StopPointRef>60709814</StopPointRef>
          <TimingStatus>PTP</TimingStatus>
        </To>
        <RouteLinkRef>AYAO426_013_290727</RouteLinkRef>
        <Direction>outbound</Direction>
        <RunTime>PT60S</RunTime>
      </JourneyPatternTimingLink>
      <JourneyPatternTimingLink id="JPS_AYAO426-15_290728">
        <From>
          <StopPointRef>60709814</StopPointRef>
          <TimingStatus>PTP</TimingStatus>
        </From>
        <To>
          <StopPointRef>60707302</StopPointRef>
          <TimingStatus>PTP</TimingStatus>
        </To>
        <RouteLinkRef>AYAO426_013_290728</RouteLinkRef>
        <Direction>outbound</Direction>
        <RunTime>PT360S</RunTime>
      </JourneyPatternTimingLink>
      <JourneyPatternTimingLink id="JPS_AYAO426-15_290729">
        <From>
          <StopPointRef>60707302</StopPointRef>
          <TimingStatus>PTP</TimingStatus>
        </From>
        <To>
          <StopPointRef>60707463</StopPointRef>
          <TimingStatus>PTP</TimingStatus>
        </To>
        <RouteLinkRef>AYAO426_013_290729</RouteLinkRef>
        <Direction>outbound</Direction>
        <RunTime>PT180S</RunTime>
      </JourneyPatternTimingLink>
      <JourneyPatternTimingLink id="JPS_AYAO426-15_290730">
        <From>
          <StopPointRef>60707463</StopPointRef>
          <TimingStatus>PTP</TimingStatus>
        </From>
        <To>
          <StopPointRef>60707451</StopPointRef>
          <TimingStatus>PTP</TimingStatus>
        </To>
        <RouteLinkRef>AYAO426_013_290730</RouteLinkRef>
        <Direction>outbound</Direction>
        <RunTime>PT60S</RunTime>
      </JourneyPatternTimingLink>
      <JourneyPatternTimingLink id="JPS_AYAO426-15_290731">
        <From>
          <StopPointRef>60707451</StopPointRef>
          <TimingStatus>PTP</TimingStatus>
        </From>
        <To>
          <StopPointRef>60709437</StopPointRef>
          <TimingStatus>PTP</TimingStatus>
        </To>
        <RouteLinkRef>AYAO426_013_290731</RouteLinkRef>
        <Direction>outbound</Direction>
        <RunTime>PT300S</RunTime>
      </JourneyPatternTimingLink>
      <JourneyPatternTimingLink id="JPS_AYAO426-15_290732">
        <From>
          <StopPointRef>60709437</StopPointRef>
          <TimingStatus>PTP</TimingStatus>
        </From>
        <To>
          <StopPointRef>60709433</StopPointRef>
          <TimingStatus>PTP</TimingStatus>
        </To>
        <RouteLinkRef>AYAO426_013_290732</RouteLinkRef>
        <Direction>outbound</Direction>
        <RunTime>PT60S</RunTime>
      </JourneyPatternTimingLink>
      <JourneyPatternTimingLink id="JPS_AYAO426-15_290733">
        <From>
          <StopPointRef>60709433</StopPointRef>
          <TimingStatus>PTP</TimingStatus>
        </From>
        <To>
          <StopPointRef>60709451</StopPointRef>
          <TimingStatus>PTP</TimingStatus>
        </To>
        <RouteLinkRef>AYAO426_013_290733</RouteLinkRef>
        <Direction>outbound</Direction>
        <RunTime>PT300S</RunTime>
      </JourneyPatternTimingLink>
      <JourneyPatternTimingLink id="JPS_AYAO426-15_290734">
        <From>
          <StopPointRef>60709451</StopPointRef>
          <TimingStatus>PTP</TimingStatus>
        </From>
        <To>
          <StopPointRef>60707648</StopPointRef>
          <TimingStatus>PTP</TimingStatus>
        </To>
        <RouteLinkRef>AYAO426_013_290734</RouteLinkRef>
        <Direction>outbound</Direction>
        <RunTime>PT180S</RunTime>
      </JourneyPatternTimingLink>
      <JourneyPatternTimingLink id="JPS_AYAO426-15_290735">
        <From>
          <StopPointRef>60707648</StopPointRef>
          <TimingStatus>PTP</TimingStatus>
        </From>
        <To>
          <StopPointRef>60709465</StopPointRef>
          <TimingStatus>PTP</TimingStatus>
        </To>
        <RouteLinkRef>AYAO426_013_290735</RouteLinkRef>
        <Direction>outbound</Direction>
        <RunTime>PT480S</RunTime>
      </JourneyPatternTimingLink>
    </JourneyPatternSection>
    <JourneyPatternSection id="JPS_AYAO426-16">
      <JourneyPatternTimingLink id="JPS_AYAO426-16_290753">
        <From>
          <StopPointRef>60709673</StopPointRef>
          <TimingStatus>PTP</TimingStatus>
        </From>
        <To>
          <StopPointRef>6070157</StopPointRef>
          <TimingStatus>OTH</TimingStatus>
        </To>
        <RouteLinkRef>AYAO426_015_290753</RouteLinkRef>
        <Direction>outbound</Direction>
        <RunTime>PT60S</RunTime>
      </JourneyPatternTimingLink>
      <JourneyPatternTimingLink id="JPS_AYAO426-16_290754">
        <From>
          <StopPointRef>6070157</StopPointRef>
          <TimingStatus>OTH</TimingStatus>
        </From>
        <To>
          <StopPointRef>60709782</StopPointRef>
          <TimingStatus>OTH</TimingStatus>
        </To>
        <RouteLinkRef>AYAO426_015_290754</RouteLinkRef>
        <Direction>outbound</Direction>
        <RunTime>PT60S</RunTime>
      </JourneyPatternTimingLink>
      <JourneyPatternTimingLink id="JPS_AYAO426-16_290755">
        <From>
          <StopPointRef>60709782</StopPointRef>
          <TimingStatus>OTH</TimingStatus>
        </From>
        <To>
          <StopPointRef>60709303</StopPointRef>
          <TimingStatus>PTP</TimingStatus>
        </To>
        <RouteLinkRef>AYAO426_015_290755</RouteLinkRef>
        <Direction>outbound</Direction>
        <RunTime>PT180S</RunTime>
      </JourneyPatternTimingLink>
      <JourneyPatternTimingLink id="JPS_AYAO426-16_290756">
        <From>
          <StopPointRef>60709303</StopPointRef>
          <TimingStatus>PTP</TimingStatus>
        </From>
        <To>
          <StopPointRef>60709486</StopPointRef>
          <TimingStatus>OTH</TimingStatus>
        </To>
        <RouteLinkRef>AYAO426_015_290756</RouteLinkRef>
        <Direction>outbound</Direction>
        <RunTime>PT0S</RunTime>
      </JourneyPatternTimingLink>
      <JourneyPatternTimingLink id="JPS_AYAO426-16_290757">
        <From>
          <StopPointRef>60709486</StopPointRef>
          <TimingStatus>OTH</TimingStatus>
        </From>
        <To>
          <StopPointRef>60709783</StopPointRef>
          <TimingStatus>OTH</TimingStatus>
        </To>
        <RouteLinkRef>AYAO426_015_290757</RouteLinkRef>
        <Direction>outbound</Direction>
        <RunTime>PT60S</RunTime>
      </JourneyPatternTimingLink>
      <JourneyPatternTimingLink id="JPS_AYAO426-16_290758">
        <From>
          <StopPointRef>60709783</StopPointRef>
          <TimingStatus>OTH</TimingStatus>
        </From>
        <To>
          <StopPointRef>60709778</StopPointRef>
          <TimingStatus>OTH</TimingStatus>
        </To>
        <RouteLinkRef>AYAO426_015_290758</RouteLinkRef>
        <Direction>outbound</Direction>
        <RunTime>PT0S</RunTime>
      </JourneyPatternTimingLink>
      <JourneyPatternTimingLink id="JPS_AYAO426-16_290759">
        <From>
          <StopPointRef>60709778</StopPointRef>
          <TimingStatus>OTH</TimingStatus>
        </From>
        <To>
          <StopPointRef>60709487</StopPointRef>
          <TimingStatus>PTP</TimingStatus>
        </To>
        <RouteLinkRef>AYAO426_015_290759</RouteLinkRef>
        <Direction>outbound</Direction>
        <RunTime>PT60S</RunTime>
      </JourneyPatternTimingLink>
      <JourneyPatternTimingLink id="JPS_AYAO426-16_290760">
        <From>
          <StopPointRef>60709487</StopPointRef>
          <TimingStatus>PTP</TimingStatus>
        </From>
        <To>
          <StopPointRef>60707302</StopPointRef>
          <TimingStatus>PTP</TimingStatus>
        </To>
        <RouteLinkRef>AYAO426_015_290760</RouteLinkRef>
        <Direction>outbound</Direction>
        <RunTime>PT300S</RunTime>
      </JourneyPatternTimingLink>
      <JourneyPatternTimingLink id="JPS_AYAO426-16_290761">
        <From>
          <StopPointRef>60707302</StopPointRef>
          <TimingStatus>PTP</TimingStatus>
        </From>
        <To>
          <StopPointRef>60707463</StopPointRef>
          <TimingStatus>PTP</TimingStatus>
        </To>
        <RouteLinkRef>AYAO426_015_290761</RouteLinkRef>
        <Direction>outbound</Direction>
        <RunTime>PT180S</RunTime>
      </JourneyPatternTimingLink>
      <JourneyPatternTimingLink id="JPS_AYAO426-16_290762">
        <From>
          <StopPointRef>60707463</StopPointRef>
          <TimingStatus>PTP</TimingStatus>
        </From>
        <To>
          <StopPointRef>60707648</StopPointRef>
          <TimingStatus>PTP</TimingStatus>
        </To>
        <RouteLinkRef>AYAO426_015_290762</RouteLinkRef>
        <Direction>outbound</Direction>
        <RunTime>PT180S</RunTime>
      </JourneyPatternTimingLink>
      <JourneyPatternTimingLink id="JPS_AYAO426-16_290763">
        <From>
          <StopPointRef>60707648</StopPointRef>
          <TimingStatus>PTP</TimingStatus>
        </From>
        <To>
          <StopPointRef>60709465</StopPointRef>
          <TimingStatus>PTP</TimingStatus>
        </To>
        <RouteLinkRef>AYAO426_015_290763</RouteLinkRef>
        <Direction>outbound</Direction>
        <RunTime>PT480S</RunTime>
      </JourneyPatternTimingLink>
    </JourneyPatternSection>
  </JourneyPatternSections>
  <Operators>
    <Operator id="WCM">
      <NationalOperatorCode>WCMO</NationalOperatorCode>
      <OperatorCode>WCM</OperatorCode>
      <OperatorShortName>West Coast Motors</OperatorShortName>
    </Operator>
  </Operators>
  <Services>
    <Service>
      <ServiceCode>AYAO426</ServiceCode>
      <Lines>
        <Line id="0">
          <LineName>426</LineName>
        </Line>
      </Lines>
      <OperatingPeriod>
        <StartDate>2017-10-23</StartDate>
        <EndDate>2020-05-09</EndDate>
      </OperatingPeriod>
      <RegisteredOperatorRef>WCM</RegisteredOperatorRef>
      <StopRequirements>
        <NoNewStopsRequired />
      </StopRequirements>
      <Mode>bus</Mode>
      <Description>Achnamara - Lochgilphead</Description>
      <StandardService>
        <Origin>Achnamara</Origin>
        <Destination>Lochgilphead</Destination>
        <JourneyPattern id="JPS_AYAO426-9">
          <Direction>outbound</Direction>
          <JourneyPatternSectionRefs>JPS_AYAO426-9</JourneyPatternSectionRefs>
        </JourneyPattern>
        <JourneyPattern id="JPS_AYAO426-10">
          <Direction>outbound</Direction>
          <JourneyPatternSectionRefs>JPS_AYAO426-10</JourneyPatternSectionRefs>
        </JourneyPattern>
        <JourneyPattern id="JPS_AYAO426-11">
          <Direction>inbound</Direction>
          <JourneyPatternSectionRefs>JPS_AYAO426-11</JourneyPatternSectionRefs>
        </JourneyPattern>
        <JourneyPattern id="JPS_AYAO426-12">
          <Direction>inbound</Direction>
          <JourneyPatternSectionRefs>JPS_AYAO426-12</JourneyPatternSectionRefs>
        </JourneyPattern>
        <JourneyPattern id="JPS_AYAO426-13">
          <Direction>inbound</Direction>
          <JourneyPatternSectionRefs>JPS_AYAO426-13</JourneyPatternSectionRefs>
        </JourneyPattern>
        <JourneyPattern id="JPS_AYAO426-14">
          <Direction>inbound</Direction>
          <JourneyPatternSectionRefs>JPS_AYAO426-14</JourneyPatternSectionRefs>
        </JourneyPattern>
        <JourneyPattern id="JPS_AYAO426-15">
          <Direction>outbound</Direction>
          <JourneyPatternSectionRefs>JPS_AYAO426-15</JourneyPatternSectionRefs>
        </JourneyPattern>
        <JourneyPattern id="JPS_AYAO426-16">
          <Direction>outbound</Direction>
          <JourneyPatternSectionRefs>JPS_AYAO426-16</JourneyPatternSectionRefs>
        </JourneyPattern>
      </StandardService>
    </Service>
  </Services>
  <VehicleJourneys>
    <VehicleJourney>
      <OperatorRef>WCM</OperatorRef>
      <OperatingProfile>
        <RegularDayType>
          <DaysOfWeek>
            <Monday />
            <Tuesday />
            <Wednesday />
            <Thursday />
            <Friday />
          </DaysOfWeek>
        </RegularDayType>
        <ServicedOrganisationDayType>
          <DaysOfNonOperation>
            <WorkingDays>
              <ServicedOrganisationRef>985</ServicedOrganisationRef>
            </WorkingDays>
          </DaysOfNonOperation>
        </ServicedOrganisationDayType>
        <SpecialDaysOperation>
          <DaysOfNonOperation>
            <DateRange>
              <StartDate>2019-11-25</StartDate>
              <EndDate>2019-11-25</EndDate>
            </DateRange>
          </DaysOfNonOperation>
        </SpecialDaysOperation>
      </OperatingProfile>
      <VehicleJourneyCode>98357</VehicleJourneyCode>
      <ServiceRef>AYAO426</ServiceRef>
      <LineRef>0</LineRef>
      <JourneyPatternRef>JPS_AYAO426-9</JourneyPatternRef>
      <Note>
        <NoteCode>Sch-7</NoteCode>
        <NoteText>School Days Only</NoteText>
      </Note>
      <DepartureTime>07:30:00</DepartureTime>
    </VehicleJourney>
    <VehicleJourney>
      <OperatorRef>WCM</OperatorRef>
      <OperatingProfile>
        <RegularDayType>
          <DaysOfWeek>
            <Tuesday />
            <Thursday />
          </DaysOfWeek>
        </RegularDayType>
      </OperatingProfile>
      <VehicleJourneyCode>98359</VehicleJourneyCode>
      <ServiceRef>AYAO426</ServiceRef>
      <LineRef>0</LineRef>
      <JourneyPatternRef>JPS_AYAO426-10</JourneyPatternRef>
      <DepartureTime>09:00:00</DepartureTime>
    </VehicleJourney>
    <VehicleJourney>
      <OperatorRef>WCM</OperatorRef>
      <OperatingProfile>
        <RegularDayType>
          <DaysOfWeek>
            <Monday />
            <Tuesday />
            <Wednesday />
            <Thursday />
            <Friday />
          </DaysOfWeek>
        </RegularDayType>
        <ServicedOrganisationDayType>
          <DaysOfNonOperation>
            <WorkingDays>
              <ServicedOrganisationRef>985</ServicedOrganisationRef>
            </WorkingDays>
          </DaysOfNonOperation>
        </ServicedOrganisationDayType>
        <SpecialDaysOperation>
          <DaysOfNonOperation>
            <DateRange>
              <StartDate>2019-11-25</StartDate>
              <EndDate>2019-11-25</EndDate>
            </DateRange>
          </DaysOfNonOperation>
        </SpecialDaysOperation>
      </OperatingProfile>
      <VehicleJourneyCode>98353</VehicleJourneyCode>
      <ServiceRef>AYAO426</ServiceRef>
      <LineRef>0</LineRef>
      <JourneyPatternRef>JPS_AYAO426-11</JourneyPatternRef>
      <Note>
        <NoteCode>Sch-7</NoteCode>
        <NoteText>School Days Only</NoteText>
      </Note>
      <DepartureTime>08:04:00</DepartureTime>
    </VehicleJourney>
    <VehicleJourney>
      <OperatorRef>WCM</OperatorRef>
      <OperatingProfile>
        <RegularDayType>
          <DaysOfWeek>
            <Monday />
            <Tuesday />
            <Wednesday />
            <Thursday />
            <Friday />
          </DaysOfWeek>
        </RegularDayType>
        <ServicedOrganisationDayType>
          <DaysOfNonOperation>
            <WorkingDays>
              <ServicedOrganisationRef>985</ServicedOrganisationRef>
            </WorkingDays>
          </DaysOfNonOperation>
        </ServicedOrganisationDayType>
        <SpecialDaysOperation>
          <DaysOfNonOperation>
            <DateRange>
              <StartDate>2019-11-25</StartDate>
              <EndDate>2019-11-25</EndDate>
            </DateRange>
          </DaysOfNonOperation>
        </SpecialDaysOperation>
      </OperatingProfile>
      <VehicleJourneyCode>98354</VehicleJourneyCode>
      <ServiceRef>AYAO426</ServiceRef>
      <LineRef>0</LineRef>
      <JourneyPatternRef>JPS_AYAO426-12</JourneyPatternRef>
      <Note>
        <NoteCode>Sch-7</NoteCode>
        <NoteText>School Days Only</NoteText>
      </Note>
      <DepartureTime>16:25:00</DepartureTime>
    </VehicleJourney>
    <VehicleJourney>
      <OperatorRef>WCM</OperatorRef>
      <OperatingProfile>
        <RegularDayType>
          <DaysOfWeek>
            <Tuesday />
            <Thursday />
          </DaysOfWeek>
        </RegularDayType>
      </OperatingProfile>
      <VehicleJourneyCode>98355</VehicleJourneyCode>
      <ServiceRef>AYAO426</ServiceRef>
      <LineRef>0</LineRef>
      <JourneyPatternRef>JPS_AYAO426-13</JourneyPatternRef>
      <DepartureTime>09:43:00</DepartureTime>
    </VehicleJourney>
    <VehicleJourney>
      <OperatorRef>WCM</OperatorRef>
      <OperatingProfile>
        <RegularDayType>
          <DaysOfWeek>
            <Tuesday />
            <Thursday />
          </DaysOfWeek>
        </RegularDayType>
      </OperatingProfile>
      <VehicleJourneyCode>98356</VehicleJourneyCode>
      <ServiceRef>AYAO426</ServiceRef>
      <LineRef>0</LineRef>
      <JourneyPatternRef>JPS_AYAO426-14</JourneyPatternRef>
      <DepartureTime>12:28:00</DepartureTime>
    </VehicleJourney>
    <VehicleJourney>
      <OperatorRef>WCM</OperatorRef>
      <OperatingProfile>
        <RegularDayType>
          <DaysOfWeek>
            <Monday />
            <Tuesday />
            <Wednesday />
            <Thursday />
            <Friday />
          </DaysOfWeek>
        </RegularDayType>
        <ServicedOrganisationDayType>
          <DaysOfNonOperation>
            <WorkingDays>
              <ServicedOrganisationRef>985</ServicedOrganisationRef>
            </WorkingDays>
          </DaysOfNonOperation>
        </ServicedOrganisationDayType>
        <SpecialDaysOperation>
          <DaysOfNonOperation>
            <DateRange>
              <StartDate>2019-11-25</StartDate>
              <EndDate>2019-11-25</EndDate>
            </DateRange>
          </DaysOfNonOperation>
        </SpecialDaysOperation>
      </OperatingProfile>
      <VehicleJourneyCode>98358</VehicleJourneyCode>
      <ServiceRef>AYAO426</ServiceRef>
      <LineRef>0</LineRef>
      <JourneyPatternRef>JPS_AYAO426-15</JourneyPatternRef>
      <Note>
        <NoteCode>Sch-7</NoteCode>
        <NoteText>School Days Only</NoteText>
      </Note>
      <DepartureTime>15:40:00</DepartureTime>
    </VehicleJourney>
    <VehicleJourney>
      <OperatorRef>WCM</OperatorRef>
      <OperatingProfile>
        <RegularDayType>
          <DaysOfWeek>
            <Tuesday />
            <Thursday />
          </DaysOfWeek>
        </RegularDayType>
      </OperatingProfile>
      <VehicleJourneyCode>98360</VehicleJourneyCode>
      <ServiceRef>AYAO426</ServiceRef>
      <LineRef>0</LineRef>
      <JourneyPatternRef>JPS_AYAO426-16</JourneyPatternRef>
      <DepartureTime>11:45:00</DepartureTime>
    </VehicleJourney>
  </VehicleJourneys>
</TransXChange>