<?xml version="1.0" encoding="utf-8"?>
<TransXChange xmlns:xsi="http://www.w3.org/2001/XMLSchema-instance" xmlns:xsd="http://www.w3.org/2001/XMLSchema" xsi:schemaLocation="http://www.transxchange.org.uk/ http://www.transxchange.org.uk/schema/2.1/TransXChange_general.xsd" CreationDateTime="2019-10-07T13:19:00-00:00" ModificationDateTime="2019-10-07T13:19:00-00:00" Modification="new" RevisionNumber="0" FileName="SVRABBO895.xml" SchemaVersion="2.1" RegistrationDocument="false" xmlns="http://www.transxchange.org.uk/">
  <ServicedOrganisations>
    <ServicedOrganisation>
      <OrganisationCode>142</OrganisationCode>
      <Name>
QE0 : Cif-895-DC-20151015_20190725_222739.cif
</Name>
      <WorkingDays>
        <DateRange>
          <StartDate>2015-10-18</StartDate>
          <EndDate>2015-10-24</EndDate>
        </DateRange>
        <DateRange>
          <StartDate>2015-11-15</StartDate>
          <EndDate>2015-11-21</EndDate>
        </DateRange>
        <DateRange>
          <StartDate>2015-12-27</StartDate>
          <EndDate>2016-01-03</EndDate>
        </DateRange>
        <DateRange>
          <StartDate>2016-01-05</StartDate>
          <EndDate>2016-01-09</EndDate>
        </DateRange>
        <DateRange>
          <StartDate>2016-02-14</StartDate>
          <EndDate>2016-02-20</EndDate>
        </DateRange>
        <DateRange>
          <StartDate>2016-03-30</StartDate>
          <EndDate>2016-04-16</EndDate>
        </DateRange>
        <DateRange>
          <StartDate>2016-07-03</StartDate>
          <EndDate>2016-08-15</EndDate>
        </DateRange>
        <DateRange>
          <StartDate>2016-10-09</StartDate>
          <EndDate>2016-10-22</EndDate>
        </DateRange>
        <DateRange>
          <StartDate>2016-11-13</StartDate>
          <EndDate>2016-11-19</EndDate>
        </DateRange>
        <DateRange>
          <StartDate>2017-02-12</StartDate>
          <EndDate>2017-02-18</EndDate>
        </DateRange>
        <DateRange>
          <StartDate>2017-04-02</StartDate>
          <EndDate>2017-04-17</EndDate>
        </DateRange>
        <DateRange>
          <StartDate>2017-07-02</StartDate>
          <EndDate>2017-08-21</EndDate>
        </DateRange>
        <DateRange>
          <StartDate>2017-08-23</StartDate>
          <EndDate>2017-08-28</EndDate>
        </DateRange>
        <DateRange>
          <StartDate>2017-10-15</StartDate>
          <EndDate>2017-10-28</EndDate>
        </DateRange>
        <DateRange>
          <StartDate>2017-11-12</StartDate>
          <EndDate>2017-11-18</EndDate>
        </DateRange>
        <DateRange>
          <StartDate>2018-02-11</StartDate>
          <EndDate>2018-02-17</EndDate>
        </DateRange>
        <DateRange>
          <StartDate>2018-04-01</StartDate>
          <EndDate>2018-04-14</EndDate>
        </DateRange>
        <DateRange>
          <StartDate>2018-07-08</StartDate>
          <EndDate>2018-08-20</EndDate>
        </DateRange>
        <DateRange>
          <StartDate>2018-08-22</StartDate>
          <EndDate>2018-08-27</EndDate>
        </DateRange>
        <DateRange>
          <StartDate>2018-10-14</StartDate>
          <EndDate>2018-10-27</EndDate>
        </DateRange>
        <DateRange>
          <StartDate>2018-11-11</StartDate>
          <EndDate>2018-11-17</EndDate>
        </DateRange>
        <DateRange>
          <StartDate>2018-12-23</StartDate>
          <EndDate>2019-01-05</EndDate>
        </DateRange>
        <DateRange>
          <StartDate>2019-02-10</StartDate>
          <EndDate>2019-02-16</EndDate>
        </DateRange>
        <DateRange>
          <StartDate>2019-03-31</StartDate>
          <EndDate>2019-04-13</EndDate>
        </DateRange>
        <DateRange>
          <StartDate>2019-07-07</StartDate>
          <EndDate>2019-08-19</EndDate>
        </DateRange>
        <DateRange>
          <StartDate>2019-08-21</StartDate>
          <EndDate>2019-08-26</EndDate>
        </DateRange>
        <DateRange>
          <StartDate>2019-10-13</StartDate>
          <EndDate>2019-10-26</EndDate>
        </DateRange>
        <DateRange>
          <StartDate>2019-11-17</StartDate>
          <EndDate>2019-11-23</EndDate>
        </DateRange>
        <DateRange>
          <StartDate>2019-12-22</StartDate>
          <EndDate>2020-01-04</EndDate>
        </DateRange>
        <DateRange>
          <StartDate>2020-02-16</StartDate>
          <EndDate>2020-02-22</EndDate>
        </DateRange>
        <DateRange>
          <StartDate>2020-04-05</StartDate>
          <EndDate>2020-04-18</EndDate>
        </DateRange>
        <DateRange>
          <StartDate>2020-07-05</StartDate>
          <EndDate>2021-01-03</EndDate>
        </DateRange>
        <DateRange>
          <StartDate>2021-01-05</StartDate>
          <EndDate>2021-10-15</EndDate>
        </DateRange>
      </WorkingDays>
    </ServicedOrganisation>
    <ServicedOrganisation>
      <OrganisationCode>143</OrganisationCode>
      <Name>
QE0 : Cif-895-DC-20151015_20190725_222739.cif
</Name>
      <WorkingDays>
        <DateRange>
          <StartDate>2015-10-15</StartDate>
          <EndDate>2015-10-24</EndDate>
        </DateRange>
        <DateRange>
          <StartDate>2015-12-20</StartDate>
          <EndDate>2016-01-02</EndDate>
        </DateRange>
        <DateRange>
          <StartDate>2016-02-14</StartDate>
          <EndDate>2016-02-17</EndDate>
        </DateRange>
        <DateRange>
          <StartDate>2016-04-03</StartDate>
          <EndDate>2016-04-16</EndDate>
        </DateRange>
        <DateRange>
          <StartDate>2016-07-03</StartDate>
          <EndDate>2016-08-13</EndDate>
        </DateRange>
        <DateRange>
          <StartDate>2016-10-09</StartDate>
          <EndDate>2016-10-22</EndDate>
        </DateRange>
        <DateRange>
          <StartDate>2016-12-22</StartDate>
          <EndDate>2017-01-04</EndDate>
        </DateRange>
        <DateRange>
          <StartDate>2017-02-12</StartDate>
          <EndDate>2017-02-15</EndDate>
        </DateRange>
        <DateRange>
          <StartDate>2017-04-02</StartDate>
          <EndDate>2017-04-15</EndDate>
        </DateRange>
        <DateRange>
          <StartDate>2017-07-02</StartDate>
          <EndDate>2017-08-19</EndDate>
        </DateRange>
        <DateRange>
          <StartDate>2017-10-15</StartDate>
          <EndDate>2017-10-28</EndDate>
        </DateRange>
        <DateRange>
          <StartDate>2017-12-24</StartDate>
          <EndDate>2018-01-06</EndDate>
        </DateRange>
        <DateRange>
          <StartDate>2018-02-11</StartDate>
          <EndDate>2018-02-14</EndDate>
        </DateRange>
        <DateRange>
          <StartDate>2018-04-01</StartDate>
          <EndDate>2018-04-14</EndDate>
        </DateRange>
        <DateRange>
          <StartDate>2018-07-08</StartDate>
          <EndDate>2018-08-18</EndDate>
        </DateRange>
        <DateRange>
          <StartDate>2018-10-14</StartDate>
          <EndDate>2018-10-27</EndDate>
        </DateRange>
        <DateRange>
          <StartDate>2018-12-23</StartDate>
          <EndDate>2019-01-05</EndDate>
        </DateRange>
        <DateRange>
          <StartDate>2019-02-10</StartDate>
          <EndDate>2019-02-13</EndDate>
        </DateRange>
        <DateRange>
          <StartDate>2019-03-31</StartDate>
          <EndDate>2019-04-13</EndDate>
        </DateRange>
        <DateRange>
          <StartDate>2019-07-07</StartDate>
          <EndDate>2019-08-17</EndDate>
        </DateRange>
        <DateRange>
          <StartDate>2019-10-13</StartDate>
          <EndDate>2019-10-26</EndDate>
        </DateRange>
        <DateRange>
          <StartDate>2019-12-22</StartDate>
          <EndDate>2020-01-04</EndDate>
        </DateRange>
        <DateRange>
          <StartDate>2020-02-16</StartDate>
          <EndDate>2020-02-19</EndDate>
        </DateRange>
        <DateRange>
          <StartDate>2020-04-05</StartDate>
          <EndDate>2020-04-18</EndDate>
        </DateRange>
        <DateRange>
          <StartDate>2020-07-05</StartDate>
          <EndDate>2021-10-15</EndDate>
        </DateRange>
      </WorkingDays>
    </ServicedOrganisation>
    <ServicedOrganisation>
      <OrganisationCode>144</OrganisationCode>
      <Name>
QE0 : Cif-895-DC-20151015_20190725_222739.cif
</Name>
      <WorkingDays>
        <DateRange>
          <StartDate>2015-10-15</StartDate>
          <EndDate>2015-10-24</EndDate>
        </DateRange>
        <DateRange>
          <StartDate>2015-11-15</StartDate>
          <EndDate>2015-11-17</EndDate>
        </DateRange>
        <DateRange>
          <StartDate>2015-12-23</StartDate>
          <EndDate>2016-01-03</EndDate>
        </DateRange>
        <DateRange>
          <StartDate>2016-02-14</StartDate>
          <EndDate>2016-02-17</EndDate>
        </DateRange>
        <DateRange>
          <StartDate>2016-04-02</StartDate>
          <EndDate>2016-04-16</EndDate>
        </DateRange>
        <DateRange>
          <StartDate>2016-07-03</StartDate>
          <EndDate>2016-08-15</EndDate>
        </DateRange>
        <DateRange>
          <StartDate>2016-10-09</StartDate>
          <EndDate>2016-10-22</EndDate>
        </DateRange>
        <DateRange>
          <StartDate>2016-11-13</StartDate>
          <EndDate>2016-11-15</EndDate>
        </DateRange>
        <DateRange>
          <StartDate>2016-12-22</StartDate>
          <EndDate>2016-12-25</EndDate>
        </DateRange>
        <DateRange>
          <StartDate>2016-12-28</StartDate>
          <EndDate>2017-01-02</EndDate>
        </DateRange>
        <DateRange>
          <StartDate>2017-02-12</StartDate>
          <EndDate>2017-02-15</EndDate>
        </DateRange>
        <DateRange>
          <StartDate>2017-04-02</StartDate>
          <EndDate>2017-04-17</EndDate>
        </DateRange>
        <DateRange>
          <StartDate>2017-07-02</StartDate>
          <EndDate>2017-08-21</EndDate>
        </DateRange>
        <DateRange>
          <StartDate>2017-08-26</StartDate>
          <EndDate>2017-08-28</EndDate>
        </DateRange>
        <DateRange>
          <StartDate>2017-10-15</StartDate>
          <EndDate>2017-10-28</EndDate>
        </DateRange>
        <DateRange>
          <StartDate>2017-11-12</StartDate>
          <EndDate>2017-11-14</EndDate>
        </DateRange>
        <DateRange>
          <StartDate>2017-12-24</StartDate>
          <EndDate>2018-01-06</EndDate>
        </DateRange>
        <DateRange>
          <StartDate>2018-02-11</StartDate>
          <EndDate>2018-02-14</EndDate>
        </DateRange>
        <DateRange>
          <StartDate>2018-04-01</StartDate>
          <EndDate>2018-04-14</EndDate>
        </DateRange>
        <DateRange>
          <StartDate>2018-07-08</StartDate>
          <EndDate>2018-08-20</EndDate>
        </DateRange>
        <DateRange>
          <StartDate>2018-08-25</StartDate>
          <EndDate>2018-08-27</EndDate>
        </DateRange>
        <DateRange>
          <StartDate>2018-10-14</StartDate>
          <EndDate>2018-10-27</EndDate>
        </DateRange>
        <DateRange>
          <StartDate>2018-11-11</StartDate>
          <EndDate>2018-11-13</EndDate>
        </DateRange>
        <DateRange>
          <StartDate>2018-12-23</StartDate>
          <EndDate>2019-01-05</EndDate>
        </DateRange>
        <DateRange>
          <StartDate>2019-02-10</StartDate>
          <EndDate>2019-02-13</EndDate>
        </DateRange>
        <DateRange>
          <StartDate>2019-03-31</StartDate>
          <EndDate>2019-04-13</EndDate>
        </DateRange>
        <DateRange>
          <StartDate>2019-07-07</StartDate>
          <EndDate>2019-08-19</EndDate>
        </DateRange>
        <DateRange>
          <StartDate>2019-08-24</StartDate>
          <EndDate>2019-08-26</EndDate>
        </DateRange>
        <DateRange>
          <StartDate>2019-10-13</StartDate>
          <EndDate>2019-10-26</EndDate>
        </DateRange>
        <DateRange>
          <StartDate>2019-11-17</StartDate>
          <EndDate>2019-11-19</EndDate>
        </DateRange>
        <DateRange>
          <StartDate>2019-12-22</StartDate>
          <EndDate>2020-01-04</EndDate>
        </DateRange>
        <DateRange>
          <StartDate>2020-02-16</StartDate>
          <EndDate>2020-02-19</EndDate>
        </DateRange>
        <DateRange>
          <StartDate>2020-04-05</StartDate>
          <EndDate>2020-04-18</EndDate>
        </DateRange>
        <DateRange>
          <StartDate>2020-07-05</StartDate>
          <EndDate>2021-01-03</EndDate>
        </DateRange>
        <DateRange>
          <StartDate>2021-01-05</StartDate>
          <EndDate>2021-10-15</EndDate>
        </DateRange>
      </WorkingDays>
    </ServicedOrganisation>
  </ServicedOrganisations>
  <StopPoints>
    <AnnotatedStopPointRef>
      <StopPointRef>630062495</StopPointRef>
      <CommonName>Banff Academy</CommonName>
    </AnnotatedStopPointRef>
    <AnnotatedStopPointRef>
      <StopPointRef>630021492</StopPointRef>
      <CommonName>Golden Knowes Road</CommonName>
    </AnnotatedStopPointRef>
    <AnnotatedStopPointRef>
      <StopPointRef>630021482</StopPointRef>
      <CommonName>Harvey Place</CommonName>
    </AnnotatedStopPointRef>
    <AnnotatedStopPointRef>
      <StopPointRef>630021401</StopPointRef>
      <CommonName>Duncan Street</CommonName>
    </AnnotatedStopPointRef>
    <AnnotatedStopPointRef>
      <StopPointRef>630021411</StopPointRef>
      <CommonName>Seafield Street</CommonName>
    </AnnotatedStopPointRef>
    <AnnotatedStopPointRef>
      <StopPointRef>630021352</StopPointRef>
      <CommonName>Castle Street</CommonName>
    </AnnotatedStopPointRef>
    <AnnotatedStopPointRef>
      <StopPointRef>630021342</StopPointRef>
      <CommonName>High Street</CommonName>
    </AnnotatedStopPointRef>
    <AnnotatedStopPointRef>
      <StopPointRef>630021792</StopPointRef>
      <CommonName>Myrus Cemetery</CommonName>
    </AnnotatedStopPointRef>
    <AnnotatedStopPointRef>
      <StopPointRef>630021701</StopPointRef>
      <CommonName>Myrus Circle</CommonName>
    </AnnotatedStopPointRef>
    <AnnotatedStopPointRef>
      <StopPointRef>630021651</StopPointRef>
      <CommonName>Doune Crescent</CommonName>
    </AnnotatedStopPointRef>
    <AnnotatedStopPointRef>
      <StopPointRef>630021641</StopPointRef>
      <CommonName>Fife Terrace</CommonName>
    </AnnotatedStopPointRef>
    <AnnotatedStopPointRef>
      <StopPointRef>630026191</StopPointRef>
      <CommonName>Souter Street</CommonName>
    </AnnotatedStopPointRef>
    <AnnotatedStopPointRef>
      <StopPointRef>630021711</StopPointRef>
      <CommonName>Barnhill Road</CommonName>
    </AnnotatedStopPointRef>
    <AnnotatedStopPointRef>
      <StopPointRef>630021702</StopPointRef>
      <CommonName>Myrus Circle</CommonName>
    </AnnotatedStopPointRef>
    <AnnotatedStopPointRef>
      <StopPointRef>630021791</StopPointRef>
      <CommonName>Myrus Cemetery</CommonName>
    </AnnotatedStopPointRef>
    <AnnotatedStopPointRef>
      <StopPointRef>630021341</StopPointRef>
      <CommonName>High Street</CommonName>
    </AnnotatedStopPointRef>
    <AnnotatedStopPointRef>
      <StopPointRef>630021351</StopPointRef>
      <CommonName>Castle Street</CommonName>
    </AnnotatedStopPointRef>
    <AnnotatedStopPointRef>
      <StopPointRef>630021412</StopPointRef>
      <CommonName>Seafield Street</CommonName>
    </AnnotatedStopPointRef>
    <AnnotatedStopPointRef>
      <StopPointRef>630021402</StopPointRef>
      <CommonName>Duncan Street</CommonName>
    </AnnotatedStopPointRef>
  </StopPoints>
  <RouteSections>
    <RouteSection id="ABBO895_002">
      <RouteLink id="ABBO895_002_27836">
        <From>
          <StopPointRef>630062495</StopPointRef>
        </From>
        <To>
          <StopPointRef>630021492</StopPointRef>
        </To>
        <Direction>inbound</Direction>
      </RouteLink>
      <RouteLink id="ABBO895_002_27837">
        <From>
          <StopPointRef>630021492</StopPointRef>
        </From>
        <To>
          <StopPointRef>630021482</StopPointRef>
        </To>
        <Direction>inbound</Direction>
      </RouteLink>
      <RouteLink id="ABBO895_002_27838">
        <From>
          <StopPointRef>630021482</StopPointRef>
        </From>
        <To>
          <StopPointRef>630021401</StopPointRef>
        </To>
        <Direction>inbound</Direction>
      </RouteLink>
      <RouteLink id="ABBO895_002_27839">
        <From>
          <StopPointRef>630021401</StopPointRef>
        </From>
        <To>
          <StopPointRef>630021411</StopPointRef>
        </To>
        <Direction>inbound</Direction>
      </RouteLink>
      <RouteLink id="ABBO895_002_27840">
        <From>
          <StopPointRef>630021411</StopPointRef>
        </From>
        <To>
          <StopPointRef>630021352</StopPointRef>
        </To>
        <Direction>inbound</Direction>
      </RouteLink>
      <RouteLink id="ABBO895_002_27841">
        <From>
          <StopPointRef>630021352</StopPointRef>
        </From>
        <To>
          <StopPointRef>630021342</StopPointRef>
        </To>
        <Direction>inbound</Direction>
      </RouteLink>
      <RouteLink id="ABBO895_002_27842">
        <From>
          <StopPointRef>630021342</StopPointRef>
        </From>
        <To>
          <StopPointRef>630021792</StopPointRef>
        </To>
        <Direction>inbound</Direction>
      </RouteLink>
      <RouteLink id="ABBO895_002_27843">
        <From>
          <StopPointRef>630021792</StopPointRef>
        </From>
        <To>
          <StopPointRef>630021701</StopPointRef>
        </To>
        <Direction>inbound</Direction>
      </RouteLink>
      <RouteLink id="ABBO895_002_27844">
        <From>
          <StopPointRef>630021701</StopPointRef>
        </From>
        <To>
          <StopPointRef>630021651</StopPointRef>
        </To>
        <Direction>inbound</Direction>
      </RouteLink>
      <RouteLink id="ABBO895_002_27845">
        <From>
          <StopPointRef>630021651</StopPointRef>
        </From>
        <To>
          <StopPointRef>630021641</StopPointRef>
        </To>
        <Direction>inbound</Direction>
      </RouteLink>
      <RouteLink id="ABBO895_002_27846">
        <From>
          <StopPointRef>630021641</StopPointRef>
        </From>
        <To>
          <StopPointRef>630026191</StopPointRef>
        </To>
        <Direction>inbound</Direction>
      </RouteLink>
      <RouteLink id="ABBO895_002_27847">
        <From>
          <StopPointRef>630026191</StopPointRef>
        </From>
        <To>
          <StopPointRef>630021711</StopPointRef>
        </To>
        <Direction>inbound</Direction>
      </RouteLink>
    </RouteSection>
    <RouteSection id="ABBO895_001">
      <RouteLink id="ABBO895_001_27849">
        <From>
          <StopPointRef>630021651</StopPointRef>
        </From>
        <To>
          <StopPointRef>630021641</StopPointRef>
        </To>
        <Direction>outbound</Direction>
      </RouteLink>
      <RouteLink id="ABBO895_001_27850">
        <From>
          <StopPointRef>630021641</StopPointRef>
        </From>
        <To>
          <StopPointRef>630026191</StopPointRef>
        </To>
        <Direction>outbound</Direction>
      </RouteLink>
      <RouteLink id="ABBO895_001_27851">
        <From>
          <StopPointRef>630026191</StopPointRef>
        </From>
        <To>
          <StopPointRef>630021711</StopPointRef>
        </To>
        <Direction>outbound</Direction>
      </RouteLink>
      <RouteLink id="ABBO895_001_27852">
        <From>
          <StopPointRef>630021711</StopPointRef>
        </From>
        <To>
          <StopPointRef>630021702</StopPointRef>
        </To>
        <Direction>outbound</Direction>
      </RouteLink>
      <RouteLink id="ABBO895_001_27853">
        <From>
          <StopPointRef>630021702</StopPointRef>
        </From>
        <To>
          <StopPointRef>630021791</StopPointRef>
        </To>
        <Direction>outbound</Direction>
      </RouteLink>
      <RouteLink id="ABBO895_001_27854">
        <From>
          <StopPointRef>630021791</StopPointRef>
        </From>
        <To>
          <StopPointRef>630021341</StopPointRef>
        </To>
        <Direction>outbound</Direction>
      </RouteLink>
      <RouteLink id="ABBO895_001_27855">
        <From>
          <StopPointRef>630021341</StopPointRef>
        </From>
        <To>
          <StopPointRef>630021351</StopPointRef>
        </To>
        <Direction>outbound</Direction>
      </RouteLink>
      <RouteLink id="ABBO895_001_27856">
        <From>
          <StopPointRef>630021351</StopPointRef>
        </From>
        <To>
          <StopPointRef>630021412</StopPointRef>
        </To>
        <Direction>outbound</Direction>
      </RouteLink>
      <RouteLink id="ABBO895_001_27857">
        <From>
          <StopPointRef>630021412</StopPointRef>
        </From>
        <To>
          <StopPointRef>630021402</StopPointRef>
        </To>
        <Direction>outbound</Direction>
      </RouteLink>
      <RouteLink id="ABBO895_001_27858">
        <From>
          <StopPointRef>630021402</StopPointRef>
        </From>
        <To>
          <StopPointRef>630062495</StopPointRef>
        </To>
        <Direction>outbound</Direction>
      </RouteLink>
    </RouteSection>
  </RouteSections>
  <Routes>
    <Route id="ABBO895_002">
      <Description>Banff Academy - Macduff
</Description>
      <RouteSectionRef>ABBO895_002</RouteSectionRef>
    </Route>
    <Route id="ABBO895_001">
      <Description>Macduff - Banff Academy
</Description>
      <RouteSectionRef>ABBO895_001</RouteSectionRef>
    </Route>
  </Routes>
  <JourneyPatternSections>
    <JourneyPatternSection id="JPS_ABBO895-3">
      <JourneyPatternTimingLink id="JPS_ABBO895-3_27836">
        <From>
          <StopPointRef>630062495</StopPointRef>
          <TimingStatus>PTP</TimingStatus>
        </From>
        <To>
          <StopPointRef>630021492</StopPointRef>
          <TimingStatus>PTP</TimingStatus>
        </To>
        <RouteLinkRef>ABBO895_002_27836</RouteLinkRef>
        <Direction>inbound</Direction>
        <RunTime>PT60S</RunTime>
      </JourneyPatternTimingLink>
      <JourneyPatternTimingLink id="JPS_ABBO895-3_27837">
        <From>
          <StopPointRef>630021492</StopPointRef>
          <TimingStatus>PTP</TimingStatus>
        </From>
        <To>
          <StopPointRef>630021482</StopPointRef>
          <TimingStatus>PTP</TimingStatus>
        </To>
        <RouteLinkRef>ABBO895_002_27837</RouteLinkRef>
        <Direction>inbound</Direction>
        <RunTime>PT60S</RunTime>
      </JourneyPatternTimingLink>
      <JourneyPatternTimingLink id="JPS_ABBO895-3_27838">
        <From>
          <StopPointRef>630021482</StopPointRef>
          <TimingStatus>PTP</TimingStatus>
        </From>
        <To>
          <StopPointRef>630021401</StopPointRef>
          <TimingStatus>PTP</TimingStatus>
        </To>
        <RouteLinkRef>ABBO895_002_27838</RouteLinkRef>
        <Direction>inbound</Direction>
        <RunTime>PT60S</RunTime>
      </JourneyPatternTimingLink>
      <JourneyPatternTimingLink id="JPS_ABBO895-3_27839">
        <From>
          <StopPointRef>630021401</StopPointRef>
          <TimingStatus>PTP</TimingStatus>
        </From>
        <To>
          <StopPointRef>630021411</StopPointRef>
          <TimingStatus>PTP</TimingStatus>
        </To>
        <RouteLinkRef>ABBO895_002_27839</RouteLinkRef>
        <Direction>inbound</Direction>
        <RunTime>PT60S</RunTime>
      </JourneyPatternTimingLink>
      <JourneyPatternTimingLink id="JPS_ABBO895-3_27840">
        <From>
          <StopPointRef>630021411</StopPointRef>
          <TimingStatus>PTP</TimingStatus>
        </From>
        <To>
          <StopPointRef>630021352</StopPointRef>
          <TimingStatus>OTH</TimingStatus>
        </To>
        <RouteLinkRef>ABBO895_002_27840</RouteLinkRef>
        <Direction>inbound</Direction>
        <RunTime>PT0S</RunTime>
      </JourneyPatternTimingLink>
      <JourneyPatternTimingLink id="JPS_ABBO895-3_27841">
        <From>
          <StopPointRef>630021352</StopPointRef>
          <TimingStatus>OTH</TimingStatus>
        </From>
        <To>
          <StopPointRef>630021342</StopPointRef>
          <TimingStatus>PTP</TimingStatus>
        </To>
        <RouteLinkRef>ABBO895_002_27841</RouteLinkRef>
        <Direction>inbound</Direction>
        <RunTime>PT60S</RunTime>
      </JourneyPatternTimingLink>
      <JourneyPatternTimingLink id="JPS_ABBO895-3_27842">
        <From>
          <StopPointRef>630021342</StopPointRef>
          <TimingStatus>PTP</TimingStatus>
        </From>
        <To>
          <StopPointRef>630021792</StopPointRef>
          <TimingStatus>OTH</TimingStatus>
        </To>
        <RouteLinkRef>ABBO895_002_27842</RouteLinkRef>
        <Direction>inbound</Direction>
        <RunTime>PT0S</RunTime>
      </JourneyPatternTimingLink>
      <JourneyPatternTimingLink id="JPS_ABBO895-3_27843">
        <From>
          <StopPointRef>630021792</StopPointRef>
          <TimingStatus>OTH</TimingStatus>
        </From>
        <To>
          <StopPointRef>630021701</StopPointRef>
          <TimingStatus>PTP</TimingStatus>
        </To>
        <RouteLinkRef>ABBO895_002_27843</RouteLinkRef>
        <Direction>inbound</Direction>
        <RunTime>PT60S</RunTime>
      </JourneyPatternTimingLink>
      <JourneyPatternTimingLink id="JPS_ABBO895-3_27844">
        <From>
          <StopPointRef>630021701</StopPointRef>
          <TimingStatus>PTP</TimingStatus>
        </From>
        <To>
          <StopPointRef>630021651</StopPointRef>
          <TimingStatus>OTH</TimingStatus>
        </To>
        <RouteLinkRef>ABBO895_002_27844</RouteLinkRef>
        <Direction>inbound</Direction>
        <RunTime>PT0S</RunTime>
      </JourneyPatternTimingLink>
      <JourneyPatternTimingLink id="JPS_ABBO895-3_27845">
        <From>
          <StopPointRef>630021651</StopPointRef>
          <TimingStatus>OTH</TimingStatus>
        </From>
        <To>
          <StopPointRef>630021641</StopPointRef>
          <TimingStatus>OTH</TimingStatus>
        </To>
        <RouteLinkRef>ABBO895_002_27845</RouteLinkRef>
        <Direction>inbound</Direction>
        <RunTime>PT0S</RunTime>
      </JourneyPatternTimingLink>
      <JourneyPatternTimingLink id="JPS_ABBO895-3_27846">
        <From>
          <StopPointRef>630021641</StopPointRef>
          <TimingStatus>OTH</TimingStatus>
        </From>
        <To>
          <StopPointRef>630026191</StopPointRef>
          <TimingStatus>PTP</TimingStatus>
        </To>
        <RouteLinkRef>ABBO895_002_27846</RouteLinkRef>
        <Direction>inbound</Direction>
        <RunTime>PT60S</RunTime>
      </JourneyPatternTimingLink>
      <JourneyPatternTimingLink id="JPS_ABBO895-3_27847">
        <From>
          <StopPointRef>630026191</StopPointRef>
          <TimingStatus>PTP</TimingStatus>
        </From>
        <To>
          <StopPointRef>630021711</StopPointRef>
          <TimingStatus>PTP</TimingStatus>
        </To>
        <RouteLinkRef>ABBO895_002_27847</RouteLinkRef>
        <Direction>inbound</Direction>
        <RunTime>PT180S</RunTime>
      </JourneyPatternTimingLink>
    </JourneyPatternSection>
    <JourneyPatternSection id="JPS_ABBO895-4">
      <JourneyPatternTimingLink id="JPS_ABBO895-4_27849">
        <From>
          <StopPointRef>630021651</StopPointRef>
          <TimingStatus>PTP</TimingStatus>
        </From>
        <To>
          <StopPointRef>630021641</StopPointRef>
          <TimingStatus>OTH</TimingStatus>
        </To>
        <RouteLinkRef>ABBO895_001_27849</RouteLinkRef>
        <Direction>outbound</Direction>
        <RunTime>PT0S</RunTime>
      </JourneyPatternTimingLink>
      <JourneyPatternTimingLink id="JPS_ABBO895-4_27850">
        <From>
          <StopPointRef>630021641</StopPointRef>
          <TimingStatus>OTH</TimingStatus>
        </From>
        <To>
          <StopPointRef>630026191</StopPointRef>
          <TimingStatus>OTH</TimingStatus>
        </To>
        <RouteLinkRef>ABBO895_001_27850</RouteLinkRef>
        <Direction>outbound</Direction>
        <RunTime>PT60S</RunTime>
      </JourneyPatternTimingLink>
      <JourneyPatternTimingLink id="JPS_ABBO895-4_27851">
        <From>
          <StopPointRef>630026191</StopPointRef>
          <TimingStatus>OTH</TimingStatus>
        </From>
        <To>
          <StopPointRef>630021711</StopPointRef>
          <TimingStatus>OTH</TimingStatus>
        </To>
        <RouteLinkRef>ABBO895_001_27851</RouteLinkRef>
        <Direction>outbound</Direction>
        <RunTime>PT60S</RunTime>
      </JourneyPatternTimingLink>
      <JourneyPatternTimingLink id="JPS_ABBO895-4_27852">
        <From>
          <StopPointRef>630021711</StopPointRef>
          <TimingStatus>OTH</TimingStatus>
        </From>
        <To>
          <StopPointRef>630021702</StopPointRef>
          <TimingStatus>OTH</TimingStatus>
        </To>
        <RouteLinkRef>ABBO895_001_27852</RouteLinkRef>
        <Direction>outbound</Direction>
        <RunTime>PT0S</RunTime>
      </JourneyPatternTimingLink>
      <JourneyPatternTimingLink id="JPS_ABBO895-4_27853">
        <From>
          <StopPointRef>630021702</StopPointRef>
          <TimingStatus>OTH</TimingStatus>
        </From>
        <To>
          <StopPointRef>630021791</StopPointRef>
          <TimingStatus>OTH</TimingStatus>
        </To>
        <RouteLinkRef>ABBO895_001_27853</RouteLinkRef>
        <Direction>outbound</Direction>
        <RunTime>PT60S</RunTime>
      </JourneyPatternTimingLink>
      <JourneyPatternTimingLink id="JPS_ABBO895-4_27854">
        <From>
          <StopPointRef>630021791</StopPointRef>
          <TimingStatus>OTH</TimingStatus>
        </From>
        <To>
          <StopPointRef>630021341</StopPointRef>
          <TimingStatus>OTH</TimingStatus>
        </To>
        <RouteLinkRef>ABBO895_001_27854</RouteLinkRef>
        <Direction>outbound</Direction>
        <RunTime>PT420S</RunTime>
      </JourneyPatternTimingLink>
      <JourneyPatternTimingLink id="JPS_ABBO895-4_27855">
        <From>
          <StopPointRef>630021341</StopPointRef>
          <TimingStatus>OTH</TimingStatus>
        </From>
        <To>
          <StopPointRef>630021351</StopPointRef>
          <TimingStatus>OTH</TimingStatus>
        </To>
        <RouteLinkRef>ABBO895_001_27855</RouteLinkRef>
        <Direction>outbound</Direction>
        <RunTime>PT60S</RunTime>
      </JourneyPatternTimingLink>
      <JourneyPatternTimingLink id="JPS_ABBO895-4_27856">
        <From>
          <StopPointRef>630021351</StopPointRef>
          <TimingStatus>OTH</TimingStatus>
        </From>
        <To>
          <StopPointRef>630021412</StopPointRef>
          <TimingStatus>OTH</TimingStatus>
        </To>
        <RouteLinkRef>ABBO895_001_27856</RouteLinkRef>
        <Direction>outbound</Direction>
        <RunTime>PT60S</RunTime>
      </JourneyPatternTimingLink>
      <JourneyPatternTimingLink id="JPS_ABBO895-4_27857">
        <From>
          <StopPointRef>630021412</StopPointRef>
          <TimingStatus>OTH</TimingStatus>
        </From>
        <To>
          <StopPointRef>630021402</StopPointRef>
          <TimingStatus>OTH</TimingStatus>
        </To>
        <RouteLinkRef>ABBO895_001_27857</RouteLinkRef>
        <Direction>outbound</Direction>
        <RunTime>PT0S</RunTime>
      </JourneyPatternTimingLink>
      <JourneyPatternTimingLink id="JPS_ABBO895-4_27858">
        <From>
          <StopPointRef>630021402</StopPointRef>
          <TimingStatus>OTH</TimingStatus>
        </From>
        <To>
          <StopPointRef>630062495</StopPointRef>
          <TimingStatus>PTP</TimingStatus>
        </To>
        <RouteLinkRef>ABBO895_001_27858</RouteLinkRef>
        <Direction>outbound</Direction>
        <RunTime>PT180S</RunTime>
      </JourneyPatternTimingLink>
    </JourneyPatternSection>
  </JourneyPatternSections>
  <Operators>
    <Operator id="DVR">
      <NationalOperatorCode>DVRN</NationalOperatorCode>
      <OperatorCode>DVR</OperatorCode>
      <OperatorShortName>Deveron Coaches</OperatorShortName>
    </Operator>
  </Operators>
  <Services>
    <Service>
      <ServiceCode>ABBO895</ServiceCode>
      <Lines>
        <Line id="0">
          <LineName>895</LineName>
        </Line>
      </Lines>
      <OperatingPeriod>
        <StartDate>2015-10-15</StartDate>
        <EndDate>2021-10-15</EndDate>
      </OperatingPeriod>
      <RegisteredOperatorRef>DVR</RegisteredOperatorRef>
      <StopRequirements>
        <NoNewStopsRequired />
      </StopRequirements>
      <Mode>bus</Mode>
      <Description>Macduff - Banff Academy</Description>
      <StandardService>
        <Origin>Macduff</Origin>
        <Destination>Banff Academy</Destination>
        <JourneyPattern id="JPS_ABBO895-3">
          <Direction>inbound</Direction>
          <JourneyPatternSectionRefs>JPS_ABBO895-3</JourneyPatternSectionRefs>
        </JourneyPattern>
        <JourneyPattern id="JPS_ABBO895-4">
          <Direction>outbound</Direction>
          <JourneyPatternSectionRefs>JPS_ABBO895-4</JourneyPatternSectionRefs>
        </JourneyPattern>
      </StandardService>
    </Service>
  </Services>
  <VehicleJourneys>
    <VehicleJourney>
      <OperatorRef>DVR</OperatorRef>
      <OperatingProfile>
        <RegularDayType>
          <DaysOfWeek>
            <Monday />
            <Tuesday />
          </DaysOfWeek>
        </RegularDayType>
        <ServicedOrganisationDayType>
          <DaysOfNonOperation>
            <WorkingDays>
              <ServicedOrganisationRef>142</ServicedOrganisationRef>
            </WorkingDays>
          </DaysOfNonOperation>
        </ServicedOrganisationDayType>
        <SpecialDaysOperation>
          <DaysOfNonOperation>
            <DateRange>
              <StartDate>2020-05-04</StartDate>
              <EndDate>2020-05-04</EndDate>
            </DateRange>
            <DateRange>
              <StartDate>2020-05-25</StartDate>
              <EndDate>2020-05-25</EndDate>
            </DateRange>
          </DaysOfNonOperation>
        </SpecialDaysOperation>
      </OperatingProfile>
      <VehicleJourneyCode>11984</VehicleJourneyCode>
      <ServiceRef>ABBO895</ServiceRef>
      <LineRef>0</LineRef>
      <JourneyPatternRef>JPS_ABBO895-3</JourneyPatternRef>
      <DepartureTime>16:05:00</DepartureTime>
    </VehicleJourney>
    <VehicleJourney>
      <OperatorRef>DVR</OperatorRef>
      <OperatingProfile>
        <RegularDayType>
          <DaysOfWeek>
            <Wednesday />
            <Thursday />
            <Friday />
          </DaysOfWeek>
        </RegularDayType>
        <ServicedOrganisationDayType>
          <DaysOfNonOperation>
            <WorkingDays>
              <ServicedOrganisationRef>143</ServicedOrganisationRef>
            </WorkingDays>
          </DaysOfNonOperation>
        </ServicedOrganisationDayType>
      </OperatingProfile>
      <VehicleJourneyCode>11985</VehicleJourneyCode>
      <ServiceRef>ABBO895</ServiceRef>
      <LineRef>0</LineRef>
      <JourneyPatternRef>JPS_ABBO895-3</JourneyPatternRef>
      <DepartureTime>15:15:00</DepartureTime>
    </VehicleJourney>
    <VehicleJourney>
      <OperatorRef>DVR</OperatorRef>
      <OperatingProfile>
        <RegularDayType>
          <DaysOfWeek>
            <Monday />
            <Tuesday />
            <Wednesday />
            <Thursday />
            <Friday />
          </DaysOfWeek>
        </RegularDayType>
        <ServicedOrganisationDayType>
          <DaysOfNonOperation>
            <WorkingDays>
              <ServicedOrganisationRef>144</ServicedOrganisationRef>
            </WorkingDays>
          </DaysOfNonOperation>
        </ServicedOrganisationDayType>
        <SpecialDaysOperation>
          <DaysOfNonOperation>
            <DateRange>
              <StartDate>2020-05-04</StartDate>
              <EndDate>2020-05-04</EndDate>
            </DateRange>
            <DateRange>
              <StartDate>2020-05-25</StartDate>
              <EndDate>2020-05-25</EndDate>
            </DateRange>
          </DaysOfNonOperation>
        </SpecialDaysOperation>
      </OperatingProfile>
      <VehicleJourneyCode>11986</VehicleJourneyCode>
      <ServiceRef>ABBO895</ServiceRef>
      <LineRef>0</LineRef>
      <JourneyPatternRef>JPS_ABBO895-4</JourneyPatternRef>
      <DepartureTime>08:25:00</DepartureTime>
    </VehicleJourney>
  </VehicleJourneys>
</TransXChange>