<?xml version="1.0" encoding="utf-8"?>
<TransXChange xmlns:xsi="http://www.w3.org/2001/XMLSchema-instance" xmlns:xsd="http://www.w3.org/2001/XMLSchema" xsi:schemaLocation="http://www.transxchange.org.uk/ http://www.transxchange.org.uk/schema/2.1/TransXChange_general.xsd" CreationDateTime="2019-10-07T13:11:00-00:00" ModificationDateTime="2019-10-07T13:11:00-00:00" Modification="new" RevisionNumber="0" FileName="SVRAGAO258.xml" SchemaVersion="2.1" RegistrationDocument="false" xmlns="http://www.transxchange.org.uk/">
  <ServicedOrganisations>
    <ServicedOrganisation>
      <OrganisationCode>178</OrganisationCode>
      <Name>
QE0 : BUS.CIF
</Name>
      <WorkingDays>
        <DateRange>
          <StartDate>2019-01-17</StartDate>
          <EndDate>2019-08-28</EndDate>
        </DateRange>
        <DateRange>
          <StartDate>2019-08-30</StartDate>
          <EndDate>2019-09-11</EndDate>
        </DateRange>
        <DateRange>
          <StartDate>2019-09-13</StartDate>
          <EndDate>2019-09-25</EndDate>
        </DateRange>
        <DateRange>
          <StartDate>2019-09-27</StartDate>
          <EndDate>2019-10-09</EndDate>
        </DateRange>
        <DateRange>
          <StartDate>2019-10-11</StartDate>
          <EndDate>2019-10-23</EndDate>
        </DateRange>
        <DateRange>
          <StartDate>2019-10-25</StartDate>
          <EndDate>2019-11-06</EndDate>
        </DateRange>
        <DateRange>
          <StartDate>2019-11-08</StartDate>
          <EndDate>2019-11-13</EndDate>
        </DateRange>
        <DateRange>
          <StartDate>2019-11-15</StartDate>
          <EndDate>2019-11-20</EndDate>
        </DateRange>
        <DateRange>
          <StartDate>2019-11-22</StartDate>
          <EndDate>2019-11-27</EndDate>
        </DateRange>
        <DateRange>
          <StartDate>2019-11-29</StartDate>
          <EndDate>2019-12-04</EndDate>
        </DateRange>
        <DateRange>
          <StartDate>2019-12-06</StartDate>
          <EndDate>2049-12-31</EndDate>
        </DateRange>
      </WorkingDays>
    </ServicedOrganisation>
  </ServicedOrganisations>
  <StopPoints>
    <AnnotatedStopPointRef>
      <StopPointRef>6290LTC01CP</StopPointRef>
      <CommonName>Designer Outlet</CommonName>
    </AnnotatedStopPointRef>
    <AnnotatedStopPointRef>
      <StopPointRef>6290BX00</StopPointRef>
      <CommonName>Glenmorangie</CommonName>
    </AnnotatedStopPointRef>
    <AnnotatedStopPointRef>
      <StopPointRef>6200246430</StopPointRef>
      <CommonName>Slip Road</CommonName>
    </AnnotatedStopPointRef>
    <AnnotatedStopPointRef>
      <StopPointRef>6500D0340</StopPointRef>
      <CommonName>Kingdom Services</CommonName>
    </AnnotatedStopPointRef>
    <AnnotatedStopPointRef>
      <StopPointRef>64804323</StopPointRef>
      <CommonName>Park and Ride</CommonName>
    </AnnotatedStopPointRef>
    <AnnotatedStopPointRef>
      <StopPointRef>64803013</StopPointRef>
      <CommonName>Side Street</CommonName>
    </AnnotatedStopPointRef>
    <AnnotatedStopPointRef>
      <StopPointRef>64803005</StopPointRef>
      <CommonName>Tesco</CommonName>
    </AnnotatedStopPointRef>
    <AnnotatedStopPointRef>
      <StopPointRef>64801010</StopPointRef>
      <CommonName>South Street</CommonName>
    </AnnotatedStopPointRef>
    <AnnotatedStopPointRef>
      <StopPointRef>64801050</StopPointRef>
      <CommonName>Mansfield Road</CommonName>
    </AnnotatedStopPointRef>
    <AnnotatedStopPointRef>
      <StopPointRef>64801047</StopPointRef>
      <CommonName>Burnside Road</CommonName>
    </AnnotatedStopPointRef>
    <AnnotatedStopPointRef>
      <StopPointRef>64801043</StopPointRef>
      <CommonName>Post Office</CommonName>
    </AnnotatedStopPointRef>
    <AnnotatedStopPointRef>
      <StopPointRef>64802463</StopPointRef>
      <CommonName>Library</CommonName>
    </AnnotatedStopPointRef>
    <AnnotatedStopPointRef>
      <StopPointRef>64801037</StopPointRef>
      <CommonName>Wellmeadow</CommonName>
    </AnnotatedStopPointRef>
    <AnnotatedStopPointRef>
      <StopPointRef>64802474</StopPointRef>
      <CommonName>Kirkton Road</CommonName>
    </AnnotatedStopPointRef>
    <AnnotatedStopPointRef>
      <StopPointRef>64804232</StopPointRef>
      <CommonName>War Memorial</CommonName>
    </AnnotatedStopPointRef>
    <AnnotatedStopPointRef>
      <StopPointRef>6490IM074</StopPointRef>
      <CommonName>Primary School</CommonName>
    </AnnotatedStopPointRef>
    <AnnotatedStopPointRef>
      <StopPointRef>6490IM071</StopPointRef>
      <CommonName>Post Office</CommonName>
    </AnnotatedStopPointRef>
    <AnnotatedStopPointRef>
      <StopPointRef>6490IM55</StopPointRef>
      <CommonName>High Street</CommonName>
    </AnnotatedStopPointRef>
    <AnnotatedStopPointRef>
      <StopPointRef>6490IM072</StopPointRef>
      <CommonName>Post Office</CommonName>
    </AnnotatedStopPointRef>
    <AnnotatedStopPointRef>
      <StopPointRef>6490IM073</StopPointRef>
      <CommonName>Primary School</CommonName>
    </AnnotatedStopPointRef>
    <AnnotatedStopPointRef>
      <StopPointRef>6480159</StopPointRef>
      <CommonName>War Memorial</CommonName>
    </AnnotatedStopPointRef>
    <AnnotatedStopPointRef>
      <StopPointRef>64802475</StopPointRef>
      <CommonName>Kirkton Road</CommonName>
    </AnnotatedStopPointRef>
    <AnnotatedStopPointRef>
      <StopPointRef>64804645</StopPointRef>
      <CommonName>Tesco</CommonName>
    </AnnotatedStopPointRef>
    <AnnotatedStopPointRef>
      <StopPointRef>64802462</StopPointRef>
      <CommonName>Bank Of Scotland</CommonName>
    </AnnotatedStopPointRef>
    <AnnotatedStopPointRef>
      <StopPointRef>64801042</StopPointRef>
      <CommonName>Post Office</CommonName>
    </AnnotatedStopPointRef>
    <AnnotatedStopPointRef>
      <StopPointRef>64801048</StopPointRef>
      <CommonName>Burnside Road</CommonName>
    </AnnotatedStopPointRef>
    <AnnotatedStopPointRef>
      <StopPointRef>64801049</StopPointRef>
      <CommonName>Mansfield Road</CommonName>
    </AnnotatedStopPointRef>
    <AnnotatedStopPointRef>
      <StopPointRef>64801075</StopPointRef>
      <CommonName>Canal Street</CommonName>
    </AnnotatedStopPointRef>
    <AnnotatedStopPointRef>
      <StopPointRef>64803593</StopPointRef>
      <CommonName>Tesco</CommonName>
    </AnnotatedStopPointRef>
    <AnnotatedStopPointRef>
      <StopPointRef>64803014</StopPointRef>
      <CommonName>Side Street</CommonName>
    </AnnotatedStopPointRef>
    <AnnotatedStopPointRef>
      <StopPointRef>6200203480</StopPointRef>
      <CommonName>Slip Road</CommonName>
    </AnnotatedStopPointRef>
    <AnnotatedStopPointRef>
      <StopPointRef>6290BX050</StopPointRef>
      <CommonName>Glenmorangie</CommonName>
    </AnnotatedStopPointRef>
  </StopPoints>
  <RouteSections>
    <RouteSection id="AGAO258_004">
      <RouteLink id="AGAO258_004_45529">
        <From>
          <StopPointRef>6290LTC01CP</StopPointRef>
        </From>
        <To>
          <StopPointRef>6290BX00</StopPointRef>
        </To>
        <Direction>inbound</Direction>
      </RouteLink>
      <RouteLink id="AGAO258_004_45530">
        <From>
          <StopPointRef>6290BX00</StopPointRef>
        </From>
        <To>
          <StopPointRef>6200246430</StopPointRef>
        </To>
        <Direction>inbound</Direction>
      </RouteLink>
      <RouteLink id="AGAO258_004_45531">
        <From>
          <StopPointRef>6200246430</StopPointRef>
        </From>
        <To>
          <StopPointRef>6500D0340</StopPointRef>
        </To>
        <Direction>inbound</Direction>
      </RouteLink>
      <RouteLink id="AGAO258_004_45532">
        <From>
          <StopPointRef>6500D0340</StopPointRef>
        </From>
        <To>
          <StopPointRef>64804323</StopPointRef>
        </To>
        <Direction>inbound</Direction>
      </RouteLink>
      <RouteLink id="AGAO258_004_45533">
        <From>
          <StopPointRef>64804323</StopPointRef>
        </From>
        <To>
          <StopPointRef>64803013</StopPointRef>
        </To>
        <Direction>inbound</Direction>
      </RouteLink>
      <RouteLink id="AGAO258_004_45534">
        <From>
          <StopPointRef>64803013</StopPointRef>
        </From>
        <To>
          <StopPointRef>64803005</StopPointRef>
        </To>
        <Direction>inbound</Direction>
      </RouteLink>
      <RouteLink id="AGAO258_004_45535">
        <From>
          <StopPointRef>64803005</StopPointRef>
        </From>
        <To>
          <StopPointRef>64801010</StopPointRef>
        </To>
        <Direction>inbound</Direction>
      </RouteLink>
      <RouteLink id="AGAO258_004_45536">
        <From>
          <StopPointRef>64801010</StopPointRef>
        </From>
        <To>
          <StopPointRef>64801050</StopPointRef>
        </To>
        <Direction>inbound</Direction>
      </RouteLink>
      <RouteLink id="AGAO258_004_45537">
        <From>
          <StopPointRef>64801050</StopPointRef>
        </From>
        <To>
          <StopPointRef>64801047</StopPointRef>
        </To>
        <Direction>inbound</Direction>
      </RouteLink>
      <RouteLink id="AGAO258_004_45538">
        <From>
          <StopPointRef>64801047</StopPointRef>
        </From>
        <To>
          <StopPointRef>64801043</StopPointRef>
        </To>
        <Direction>inbound</Direction>
      </RouteLink>
      <RouteLink id="AGAO258_004_45539">
        <From>
          <StopPointRef>64801043</StopPointRef>
        </From>
        <To>
          <StopPointRef>64802463</StopPointRef>
        </To>
        <Direction>inbound</Direction>
      </RouteLink>
      <RouteLink id="AGAO258_004_45540">
        <From>
          <StopPointRef>64802463</StopPointRef>
        </From>
        <To>
          <StopPointRef>64801037</StopPointRef>
        </To>
        <Direction>inbound</Direction>
      </RouteLink>
      <RouteLink id="AGAO258_004_45541">
        <From>
          <StopPointRef>64801037</StopPointRef>
        </From>
        <To>
          <StopPointRef>64802474</StopPointRef>
        </To>
        <Direction>inbound</Direction>
      </RouteLink>
      <RouteLink id="AGAO258_004_45542">
        <From>
          <StopPointRef>64802474</StopPointRef>
        </From>
        <To>
          <StopPointRef>64804232</StopPointRef>
        </To>
        <Direction>inbound</Direction>
      </RouteLink>
      <RouteLink id="AGAO258_004_45543">
        <From>
          <StopPointRef>64804232</StopPointRef>
        </From>
        <To>
          <StopPointRef>6490IM074</StopPointRef>
        </To>
        <Direction>inbound</Direction>
      </RouteLink>
      <RouteLink id="AGAO258_004_45544">
        <From>
          <StopPointRef>6490IM074</StopPointRef>
        </From>
        <To>
          <StopPointRef>6490IM071</StopPointRef>
        </To>
        <Direction>inbound</Direction>
      </RouteLink>
      <RouteLink id="AGAO258_004_45545">
        <From>
          <StopPointRef>6490IM071</StopPointRef>
        </From>
        <To>
          <StopPointRef>6490IM55</StopPointRef>
        </To>
        <Direction>inbound</Direction>
      </RouteLink>
    </RouteSection>
    <RouteSection id="AGAO258_003">
      <RouteLink id="AGAO258_003_45547">
        <From>
          <StopPointRef>6490IM55</StopPointRef>
        </From>
        <To>
          <StopPointRef>6490IM072</StopPointRef>
        </To>
        <Direction>outbound</Direction>
      </RouteLink>
      <RouteLink id="AGAO258_003_45548">
        <From>
          <StopPointRef>6490IM072</StopPointRef>
        </From>
        <To>
          <StopPointRef>6490IM073</StopPointRef>
        </To>
        <Direction>outbound</Direction>
      </RouteLink>
      <RouteLink id="AGAO258_003_45549">
        <From>
          <StopPointRef>6490IM073</StopPointRef>
        </From>
        <To>
          <StopPointRef>6480159</StopPointRef>
        </To>
        <Direction>outbound</Direction>
      </RouteLink>
      <RouteLink id="AGAO258_003_45550">
        <From>
          <StopPointRef>6480159</StopPointRef>
        </From>
        <To>
          <StopPointRef>64802475</StopPointRef>
        </To>
        <Direction>outbound</Direction>
      </RouteLink>
      <RouteLink id="AGAO258_003_45551">
        <From>
          <StopPointRef>64802475</StopPointRef>
        </From>
        <To>
          <StopPointRef>64804645</StopPointRef>
        </To>
        <Direction>outbound</Direction>
      </RouteLink>
      <RouteLink id="AGAO258_003_45552">
        <From>
          <StopPointRef>64804645</StopPointRef>
        </From>
        <To>
          <StopPointRef>64802462</StopPointRef>
        </To>
        <Direction>outbound</Direction>
      </RouteLink>
      <RouteLink id="AGAO258_003_45553">
        <From>
          <StopPointRef>64802462</StopPointRef>
        </From>
        <To>
          <StopPointRef>64801042</StopPointRef>
        </To>
        <Direction>outbound</Direction>
      </RouteLink>
      <RouteLink id="AGAO258_003_45554">
        <From>
          <StopPointRef>64801042</StopPointRef>
        </From>
        <To>
          <StopPointRef>64801048</StopPointRef>
        </To>
        <Direction>outbound</Direction>
      </RouteLink>
      <RouteLink id="AGAO258_003_45555">
        <From>
          <StopPointRef>64801048</StopPointRef>
        </From>
        <To>
          <StopPointRef>64801049</StopPointRef>
        </To>
        <Direction>outbound</Direction>
      </RouteLink>
      <RouteLink id="AGAO258_003_45556">
        <From>
          <StopPointRef>64801049</StopPointRef>
        </From>
        <To>
          <StopPointRef>64801075</StopPointRef>
        </To>
        <Direction>outbound</Direction>
      </RouteLink>
      <RouteLink id="AGAO258_003_45557">
        <From>
          <StopPointRef>64801075</StopPointRef>
        </From>
        <To>
          <StopPointRef>64803593</StopPointRef>
        </To>
        <Direction>outbound</Direction>
      </RouteLink>
      <RouteLink id="AGAO258_003_45558">
        <From>
          <StopPointRef>64803593</StopPointRef>
        </From>
        <To>
          <StopPointRef>64803014</StopPointRef>
        </To>
        <Direction>outbound</Direction>
      </RouteLink>
      <RouteLink id="AGAO258_003_45559">
        <From>
          <StopPointRef>64803014</StopPointRef>
        </From>
        <To>
          <StopPointRef>64804323</StopPointRef>
        </To>
        <Direction>outbound</Direction>
      </RouteLink>
      <RouteLink id="AGAO258_003_45560">
        <From>
          <StopPointRef>64804323</StopPointRef>
        </From>
        <To>
          <StopPointRef>6500D0340</StopPointRef>
        </To>
        <Direction>outbound</Direction>
      </RouteLink>
      <RouteLink id="AGAO258_003_45561">
        <From>
          <StopPointRef>6500D0340</StopPointRef>
        </From>
        <To>
          <StopPointRef>6200203480</StopPointRef>
        </To>
        <Direction>outbound</Direction>
      </RouteLink>
      <RouteLink id="AGAO258_003_45562">
        <From>
          <StopPointRef>6200203480</StopPointRef>
        </From>
        <To>
          <StopPointRef>6290BX050</StopPointRef>
        </To>
        <Direction>outbound</Direction>
      </RouteLink>
      <RouteLink id="AGAO258_003_45563">
        <From>
          <StopPointRef>6290BX050</StopPointRef>
        </From>
        <To>
          <StopPointRef>6290LTC01CP</StopPointRef>
        </To>
        <Direction>outbound</Direction>
      </RouteLink>
    </RouteSection>
  </RouteSections>
  <Routes>
    <Route id="AGAO258_004">
      <Description>Livingston - Kirriemuir
</Description>
      <RouteSectionRef>AGAO258_004</RouteSectionRef>
    </Route>
    <Route id="AGAO258_003">
      <Description>Kirriemuir - Livingston
</Description>
      <RouteSectionRef>AGAO258_003</RouteSectionRef>
    </Route>
  </Routes>
  <JourneyPatternSections>
    <JourneyPatternSection id="JPS_AGAO258-3">
      <JourneyPatternTimingLink id="JPS_AGAO258-3_45529">
        <From>
          <StopPointRef>6290LTC01CP</StopPointRef>
          <TimingStatus>PTP</TimingStatus>
        </From>
        <To>
          <StopPointRef>6290BX00</StopPointRef>
          <TimingStatus>PTP</TimingStatus>
        </To>
        <RouteLinkRef>AGAO258_004_45529</RouteLinkRef>
        <Direction>inbound</Direction>
        <RunTime>PT900S</RunTime>
      </JourneyPatternTimingLink>
      <JourneyPatternTimingLink id="JPS_AGAO258-3_45530">
        <From>
          <StopPointRef>6290BX00</StopPointRef>
          <TimingStatus>PTP</TimingStatus>
        </From>
        <To>
          <StopPointRef>6200246430</StopPointRef>
          <TimingStatus>PTP</TimingStatus>
        </To>
        <RouteLinkRef>AGAO258_004_45530</RouteLinkRef>
        <Direction>inbound</Direction>
        <RunTime>PT840S</RunTime>
      </JourneyPatternTimingLink>
      <JourneyPatternTimingLink id="JPS_AGAO258-3_45531">
        <From>
          <StopPointRef>6200246430</StopPointRef>
          <TimingStatus>PTP</TimingStatus>
        </From>
        <To>
          <StopPointRef>6500D0340</StopPointRef>
          <TimingStatus>PTP</TimingStatus>
        </To>
        <RouteLinkRef>AGAO258_004_45531</RouteLinkRef>
        <Direction>inbound</Direction>
        <RunTime>PT720S</RunTime>
      </JourneyPatternTimingLink>
      <JourneyPatternTimingLink id="JPS_AGAO258-3_45532">
        <From>
          <StopPointRef>6500D0340</StopPointRef>
          <TimingStatus>PTP</TimingStatus>
        </From>
        <To>
          <StopPointRef>64804323</StopPointRef>
          <TimingStatus>PTP</TimingStatus>
        </To>
        <RouteLinkRef>AGAO258_004_45532</RouteLinkRef>
        <Direction>inbound</Direction>
        <RunTime>PT840S</RunTime>
      </JourneyPatternTimingLink>
      <JourneyPatternTimingLink id="JPS_AGAO258-3_45533">
        <From>
          <WaitTime>PT180S</WaitTime>
          <StopPointRef>64804323</StopPointRef>
          <TimingStatus>PTP</TimingStatus>
        </From>
        <To>
          <StopPointRef>64803013</StopPointRef>
          <TimingStatus>PTP</TimingStatus>
        </To>
        <RouteLinkRef>AGAO258_004_45533</RouteLinkRef>
        <Direction>inbound</Direction>
        <RunTime>PT1020S</RunTime>
      </JourneyPatternTimingLink>
      <JourneyPatternTimingLink id="JPS_AGAO258-3_45534">
        <From>
          <StopPointRef>64803013</StopPointRef>
          <TimingStatus>PTP</TimingStatus>
        </From>
        <To>
          <StopPointRef>64803005</StopPointRef>
          <TimingStatus>PTP</TimingStatus>
        </To>
        <RouteLinkRef>AGAO258_004_45534</RouteLinkRef>
        <Direction>inbound</Direction>
        <RunTime>PT420S</RunTime>
      </JourneyPatternTimingLink>
      <JourneyPatternTimingLink id="JPS_AGAO258-3_45535">
        <From>
          <StopPointRef>64803005</StopPointRef>
          <TimingStatus>PTP</TimingStatus>
        </From>
        <To>
          <StopPointRef>64801010</StopPointRef>
          <TimingStatus>PTP</TimingStatus>
        </To>
        <RouteLinkRef>AGAO258_004_45535</RouteLinkRef>
        <Direction>inbound</Direction>
        <RunTime>PT480S</RunTime>
      </JourneyPatternTimingLink>
      <JourneyPatternTimingLink id="JPS_AGAO258-3_45536">
        <From>
          <StopPointRef>64801010</StopPointRef>
          <TimingStatus>PTP</TimingStatus>
        </From>
        <To>
          <StopPointRef>64801050</StopPointRef>
          <TimingStatus>PTP</TimingStatus>
        </To>
        <RouteLinkRef>AGAO258_004_45536</RouteLinkRef>
        <Direction>inbound</Direction>
        <RunTime>PT720S</RunTime>
      </JourneyPatternTimingLink>
      <JourneyPatternTimingLink id="JPS_AGAO258-3_45537">
        <From>
          <StopPointRef>64801050</StopPointRef>
          <TimingStatus>PTP</TimingStatus>
        </From>
        <To>
          <StopPointRef>64801047</StopPointRef>
          <TimingStatus>PTP</TimingStatus>
        </To>
        <RouteLinkRef>AGAO258_004_45537</RouteLinkRef>
        <Direction>inbound</Direction>
        <RunTime>PT360S</RunTime>
      </JourneyPatternTimingLink>
      <JourneyPatternTimingLink id="JPS_AGAO258-3_45538">
        <From>
          <StopPointRef>64801047</StopPointRef>
          <TimingStatus>PTP</TimingStatus>
        </From>
        <To>
          <StopPointRef>64801043</StopPointRef>
          <TimingStatus>PTP</TimingStatus>
        </To>
        <RouteLinkRef>AGAO258_004_45538</RouteLinkRef>
        <Direction>inbound</Direction>
        <RunTime>PT540S</RunTime>
      </JourneyPatternTimingLink>
      <JourneyPatternTimingLink id="JPS_AGAO258-3_45539">
        <From>
          <StopPointRef>64801043</StopPointRef>
          <TimingStatus>PTP</TimingStatus>
        </From>
        <To>
          <StopPointRef>64802463</StopPointRef>
          <TimingStatus>PTP</TimingStatus>
        </To>
        <RouteLinkRef>AGAO258_004_45539</RouteLinkRef>
        <Direction>inbound</Direction>
        <RunTime>PT300S</RunTime>
      </JourneyPatternTimingLink>
      <JourneyPatternTimingLink id="JPS_AGAO258-3_45540">
        <From>
          <StopPointRef>64802463</StopPointRef>
          <TimingStatus>PTP</TimingStatus>
        </From>
        <To>
          <StopPointRef>64801037</StopPointRef>
          <TimingStatus>PTP</TimingStatus>
        </To>
        <RouteLinkRef>AGAO258_004_45540</RouteLinkRef>
        <Direction>inbound</Direction>
        <RunTime>PT600S</RunTime>
      </JourneyPatternTimingLink>
      <JourneyPatternTimingLink id="JPS_AGAO258-3_45541">
        <From>
          <StopPointRef>64801037</StopPointRef>
          <TimingStatus>PTP</TimingStatus>
        </From>
        <To>
          <StopPointRef>64802474</StopPointRef>
          <TimingStatus>PTP</TimingStatus>
        </To>
        <RouteLinkRef>AGAO258_004_45541</RouteLinkRef>
        <Direction>inbound</Direction>
        <RunTime>PT240S</RunTime>
      </JourneyPatternTimingLink>
      <JourneyPatternTimingLink id="JPS_AGAO258-3_45542">
        <From>
          <StopPointRef>64802474</StopPointRef>
          <TimingStatus>PTP</TimingStatus>
        </From>
        <To>
          <StopPointRef>64804232</StopPointRef>
          <TimingStatus>PTP</TimingStatus>
        </To>
        <RouteLinkRef>AGAO258_004_45542</RouteLinkRef>
        <Direction>inbound</Direction>
        <RunTime>PT480S</RunTime>
      </JourneyPatternTimingLink>
      <JourneyPatternTimingLink id="JPS_AGAO258-3_45543">
        <From>
          <StopPointRef>64804232</StopPointRef>
          <TimingStatus>PTP</TimingStatus>
        </From>
        <To>
          <StopPointRef>6490IM074</StopPointRef>
          <TimingStatus>PTP</TimingStatus>
        </To>
        <RouteLinkRef>AGAO258_004_45543</RouteLinkRef>
        <Direction>inbound</Direction>
        <RunTime>PT480S</RunTime>
      </JourneyPatternTimingLink>
      <JourneyPatternTimingLink id="JPS_AGAO258-3_45544">
        <From>
          <StopPointRef>6490IM074</StopPointRef>
          <TimingStatus>PTP</TimingStatus>
        </From>
        <To>
          <StopPointRef>6490IM071</StopPointRef>
          <TimingStatus>PTP</TimingStatus>
        </To>
        <RouteLinkRef>AGAO258_004_45544</RouteLinkRef>
        <Direction>inbound</Direction>
        <RunTime>PT360S</RunTime>
      </JourneyPatternTimingLink>
      <JourneyPatternTimingLink id="JPS_AGAO258-3_45545">
        <From>
          <StopPointRef>6490IM071</StopPointRef>
          <TimingStatus>PTP</TimingStatus>
        </From>
        <To>
          <StopPointRef>6490IM55</StopPointRef>
          <TimingStatus>PTP</TimingStatus>
        </To>
        <RouteLinkRef>AGAO258_004_45545</RouteLinkRef>
        <Direction>inbound</Direction>
        <RunTime>PT360S</RunTime>
      </JourneyPatternTimingLink>
    </JourneyPatternSection>
    <JourneyPatternSection id="JPS_AGAO258-4">
      <JourneyPatternTimingLink id="JPS_AGAO258-4_45547">
        <From>
          <StopPointRef>6490IM55</StopPointRef>
          <TimingStatus>PTP</TimingStatus>
        </From>
        <To>
          <StopPointRef>6490IM072</StopPointRef>
          <TimingStatus>PTP</TimingStatus>
        </To>
        <RouteLinkRef>AGAO258_003_45547</RouteLinkRef>
        <Direction>outbound</Direction>
        <RunTime>PT360S</RunTime>
      </JourneyPatternTimingLink>
      <JourneyPatternTimingLink id="JPS_AGAO258-4_45548">
        <From>
          <StopPointRef>6490IM072</StopPointRef>
          <TimingStatus>PTP</TimingStatus>
        </From>
        <To>
          <StopPointRef>6490IM073</StopPointRef>
          <TimingStatus>PTP</TimingStatus>
        </To>
        <RouteLinkRef>AGAO258_003_45548</RouteLinkRef>
        <Direction>outbound</Direction>
        <RunTime>PT360S</RunTime>
      </JourneyPatternTimingLink>
      <JourneyPatternTimingLink id="JPS_AGAO258-4_45549">
        <From>
          <StopPointRef>6490IM073</StopPointRef>
          <TimingStatus>PTP</TimingStatus>
        </From>
        <To>
          <StopPointRef>6480159</StopPointRef>
          <TimingStatus>PTP</TimingStatus>
        </To>
        <RouteLinkRef>AGAO258_003_45549</RouteLinkRef>
        <Direction>outbound</Direction>
        <RunTime>PT480S</RunTime>
      </JourneyPatternTimingLink>
      <JourneyPatternTimingLink id="JPS_AGAO258-4_45550">
        <From>
          <StopPointRef>6480159</StopPointRef>
          <TimingStatus>PTP</TimingStatus>
        </From>
        <To>
          <StopPointRef>64802475</StopPointRef>
          <TimingStatus>PTP</TimingStatus>
        </To>
        <RouteLinkRef>AGAO258_003_45550</RouteLinkRef>
        <Direction>outbound</Direction>
        <RunTime>PT480S</RunTime>
      </JourneyPatternTimingLink>
      <JourneyPatternTimingLink id="JPS_AGAO258-4_45551">
        <From>
          <StopPointRef>64802475</StopPointRef>
          <TimingStatus>PTP</TimingStatus>
        </From>
        <To>
          <StopPointRef>64804645</StopPointRef>
          <TimingStatus>PTP</TimingStatus>
        </To>
        <RouteLinkRef>AGAO258_003_45551</RouteLinkRef>
        <Direction>outbound</Direction>
        <RunTime>PT240S</RunTime>
      </JourneyPatternTimingLink>
      <JourneyPatternTimingLink id="JPS_AGAO258-4_45552">
        <From>
          <StopPointRef>64804645</StopPointRef>
          <TimingStatus>PTP</TimingStatus>
        </From>
        <To>
          <StopPointRef>64802462</StopPointRef>
          <TimingStatus>PTP</TimingStatus>
        </To>
        <RouteLinkRef>AGAO258_003_45552</RouteLinkRef>
        <Direction>outbound</Direction>
        <RunTime>PT600S</RunTime>
      </JourneyPatternTimingLink>
      <JourneyPatternTimingLink id="JPS_AGAO258-4_45553">
        <From>
          <StopPointRef>64802462</StopPointRef>
          <TimingStatus>PTP</TimingStatus>
        </From>
        <To>
          <StopPointRef>64801042</StopPointRef>
          <TimingStatus>PTP</TimingStatus>
        </To>
        <RouteLinkRef>AGAO258_003_45553</RouteLinkRef>
        <Direction>outbound</Direction>
        <RunTime>PT300S</RunTime>
      </JourneyPatternTimingLink>
      <JourneyPatternTimingLink id="JPS_AGAO258-4_45554">
        <From>
          <StopPointRef>64801042</StopPointRef>
          <TimingStatus>PTP</TimingStatus>
        </From>
        <To>
          <StopPointRef>64801048</StopPointRef>
          <TimingStatus>PTP</TimingStatus>
        </To>
        <RouteLinkRef>AGAO258_003_45554</RouteLinkRef>
        <Direction>outbound</Direction>
        <RunTime>PT540S</RunTime>
      </JourneyPatternTimingLink>
      <JourneyPatternTimingLink id="JPS_AGAO258-4_45555">
        <From>
          <StopPointRef>64801048</StopPointRef>
          <TimingStatus>PTP</TimingStatus>
        </From>
        <To>
          <StopPointRef>64801049</StopPointRef>
          <TimingStatus>PTP</TimingStatus>
        </To>
        <RouteLinkRef>AGAO258_003_45555</RouteLinkRef>
        <Direction>outbound</Direction>
        <RunTime>PT360S</RunTime>
      </JourneyPatternTimingLink>
      <JourneyPatternTimingLink id="JPS_AGAO258-4_45556">
        <From>
          <StopPointRef>64801049</StopPointRef>
          <TimingStatus>PTP</TimingStatus>
        </From>
        <To>
          <StopPointRef>64801075</StopPointRef>
          <TimingStatus>PTP</TimingStatus>
        </To>
        <RouteLinkRef>AGAO258_003_45556</RouteLinkRef>
        <Direction>outbound</Direction>
        <RunTime>PT600S</RunTime>
      </JourneyPatternTimingLink>
      <JourneyPatternTimingLink id="JPS_AGAO258-4_45557">
        <From>
          <StopPointRef>64801075</StopPointRef>
          <TimingStatus>PTP</TimingStatus>
        </From>
        <To>
          <StopPointRef>64803593</StopPointRef>
          <TimingStatus>PTP</TimingStatus>
        </To>
        <RouteLinkRef>AGAO258_003_45557</RouteLinkRef>
        <Direction>outbound</Direction>
        <RunTime>PT300S</RunTime>
      </JourneyPatternTimingLink>
      <JourneyPatternTimingLink id="JPS_AGAO258-4_45558">
        <From>
          <StopPointRef>64803593</StopPointRef>
          <TimingStatus>PTP</TimingStatus>
        </From>
        <To>
          <StopPointRef>64803014</StopPointRef>
          <TimingStatus>PTP</TimingStatus>
        </To>
        <RouteLinkRef>AGAO258_003_45558</RouteLinkRef>
        <Direction>outbound</Direction>
        <RunTime>PT420S</RunTime>
      </JourneyPatternTimingLink>
      <JourneyPatternTimingLink id="JPS_AGAO258-4_45559">
        <From>
          <StopPointRef>64803014</StopPointRef>
          <TimingStatus>PTP</TimingStatus>
        </From>
        <To>
          <StopPointRef>64804323</StopPointRef>
          <TimingStatus>PTP</TimingStatus>
        </To>
        <RouteLinkRef>AGAO258_003_45559</RouteLinkRef>
        <Direction>outbound</Direction>
        <RunTime>PT1080S</RunTime>
      </JourneyPatternTimingLink>
      <JourneyPatternTimingLink id="JPS_AGAO258-4_45560">
        <From>
          <WaitTime>PT180S</WaitTime>
          <StopPointRef>64804323</StopPointRef>
          <TimingStatus>PTP</TimingStatus>
        </From>
        <To>
          <StopPointRef>6500D0340</StopPointRef>
          <TimingStatus>PTP</TimingStatus>
        </To>
        <RouteLinkRef>AGAO258_003_45560</RouteLinkRef>
        <Direction>outbound</Direction>
        <RunTime>PT840S</RunTime>
      </JourneyPatternTimingLink>
      <JourneyPatternTimingLink id="JPS_AGAO258-4_45561">
        <From>
          <StopPointRef>6500D0340</StopPointRef>
          <TimingStatus>PTP</TimingStatus>
        </From>
        <To>
          <StopPointRef>6200203480</StopPointRef>
          <TimingStatus>PTP</TimingStatus>
        </To>
        <RouteLinkRef>AGAO258_003_45561</RouteLinkRef>
        <Direction>outbound</Direction>
        <RunTime>PT600S</RunTime>
      </JourneyPatternTimingLink>
      <JourneyPatternTimingLink id="JPS_AGAO258-4_45562">
        <From>
          <StopPointRef>6200203480</StopPointRef>
          <TimingStatus>PTP</TimingStatus>
        </From>
        <To>
          <StopPointRef>6290BX050</StopPointRef>
          <TimingStatus>PTP</TimingStatus>
        </To>
        <RouteLinkRef>AGAO258_003_45562</RouteLinkRef>
        <Direction>outbound</Direction>
        <RunTime>PT840S</RunTime>
      </JourneyPatternTimingLink>
      <JourneyPatternTimingLink id="JPS_AGAO258-4_45563">
        <From>
          <StopPointRef>6290BX050</StopPointRef>
          <TimingStatus>PTP</TimingStatus>
        </From>
        <To>
          <StopPointRef>6290LTC01CP</StopPointRef>
          <TimingStatus>PTP</TimingStatus>
        </To>
        <RouteLinkRef>AGAO258_003_45563</RouteLinkRef>
        <Direction>outbound</Direction>
        <RunTime>PT900S</RunTime>
      </JourneyPatternTimingLink>
    </JourneyPatternSection>
  </JourneyPatternSections>
  <Operators>
    <Operator id="FSH">
      <NationalOperatorCode>FSHT</NationalOperatorCode>
      <OperatorCode>FSH</OperatorCode>
      <OperatorShortName>Fishers Tours</OperatorShortName>
    </Operator>
  </Operators>
  <Services>
    <Service>
      <ServiceCode>AGAO258</ServiceCode>
      <Lines>
        <Line id="0">
          <LineName>258</LineName>
        </Line>
      </Lines>
      <OperatingPeriod>
        <StartDate>2019-01-17</StartDate>
        <EndDate>2049-12-31</EndDate>
      </OperatingPeriod>
      <RegisteredOperatorRef>FSH</RegisteredOperatorRef>
      <StopRequirements>
        <NoNewStopsRequired />
      </StopRequirements>
      <Mode>bus</Mode>
      <Description>Kirriemuir - Livingston</Description>
      <StandardService>
        <Origin>Kirriemuir</Origin>
        <Destination>Livingston</Destination>
        <JourneyPattern id="JPS_AGAO258-3">
          <Direction>inbound</Direction>
          <JourneyPatternSectionRefs>JPS_AGAO258-3</JourneyPatternSectionRefs>
        </JourneyPattern>
        <JourneyPattern id="JPS_AGAO258-4">
          <Direction>outbound</Direction>
          <JourneyPatternSectionRefs>JPS_AGAO258-4</JourneyPatternSectionRefs>
        </JourneyPattern>
      </StandardService>
    </Service>
  </Services>
  <VehicleJourneys>
    <VehicleJourney>
      <OperatorRef>FSH</OperatorRef>
      <OperatingProfile>
        <RegularDayType>
          <DaysOfWeek>
            <Monday />
            <Tuesday />
            <Wednesday />
            <Thursday />
            <Friday />
            <Saturday />
            <Sunday />
          </DaysOfWeek>
        </RegularDayType>
        <ServicedOrganisationDayType>
          <DaysOfNonOperation>
            <WorkingDays>
              <ServicedOrganisationRef>178</ServicedOrganisationRef>
            </WorkingDays>
          </DaysOfNonOperation>
        </ServicedOrganisationDayType>
      </OperatingProfile>
      <VehicleJourneyCode>13549</VehicleJourneyCode>
      <ServiceRef>AGAO258</ServiceRef>
      <LineRef>0</LineRef>
      <JourneyPatternRef>JPS_AGAO258-3</JourneyPatternRef>
      <DepartureTime>15:00:00</DepartureTime>
    </VehicleJourney>
    <VehicleJourney>
      <OperatorRef>FSH</OperatorRef>
      <OperatingProfile>
        <RegularDayType>
          <DaysOfWeek>
            <Monday />
            <Tuesday />
            <Wednesday />
            <Thursday />
            <Friday />
            <Saturday />
            <Sunday />
          </DaysOfWeek>
        </RegularDayType>
        <ServicedOrganisationDayType>
          <DaysOfNonOperation>
            <WorkingDays>
              <ServicedOrganisationRef>178</ServicedOrganisationRef>
            </WorkingDays>
          </DaysOfNonOperation>
        </ServicedOrganisationDayType>
      </OperatingProfile>
      <VehicleJourneyCode>13550</VehicleJourneyCode>
      <ServiceRef>AGAO258</ServiceRef>
      <LineRef>0</LineRef>
      <JourneyPatternRef>JPS_AGAO258-4</JourneyPatternRef>
      <DepartureTime>08:30:00</DepartureTime>
    </VehicleJourney>
  </VehicleJourneys>
</TransXChange>