<?xml version="1.0" encoding="utf-8"?>
<TransXChange xmlns:xsi="http://www.w3.org/2001/XMLSchema-instance" xmlns:xsd="http://www.w3.org/2001/XMLSchema" xsi:schemaLocation="http://www.transxchange.org.uk/ http://www.transxchange.org.uk/schema/2.1/TransXChange_general.xsd" CreationDateTime="2019-10-07T13:04:00-00:00" ModificationDateTime="2019-10-07T13:04:00-00:00" Modification="new" RevisionNumber="0" FileName="SVRAGDO138.xml" SchemaVersion="2.1" RegistrationDocument="false" xmlns="http://www.transxchange.org.uk/">
  <StopPoints>
    <AnnotatedStopPointRef>
      <StopPointRef>6400PT1177</StopPointRef>
      <CommonName>St Marys Road</CommonName>
    </AnnotatedStopPointRef>
    <AnnotatedStopPointRef>
      <StopPointRef>6490IM098</StopPointRef>
      <CommonName>Strathmartine Hospital</CommonName>
    </AnnotatedStopPointRef>
    <AnnotatedStopPointRef>
      <StopPointRef>6490IM1078</StopPointRef>
      <CommonName>Strathmartine School</CommonName>
    </AnnotatedStopPointRef>
    <AnnotatedStopPointRef>
      <StopPointRef>6490IM2211</StopPointRef>
      <CommonName>Bus Shelter</CommonName>
    </AnnotatedStopPointRef>
    <AnnotatedStopPointRef>
      <StopPointRef>6490IM101</StopPointRef>
      <CommonName>Strathmartine Bowling Club</CommonName>
    </AnnotatedStopPointRef>
    <AnnotatedStopPointRef>
      <StopPointRef>6490IM102</StopPointRef>
      <CommonName>Loch Farm</CommonName>
    </AnnotatedStopPointRef>
    <AnnotatedStopPointRef>
      <StopPointRef>6490IM103</StopPointRef>
      <CommonName>War Memorial</CommonName>
    </AnnotatedStopPointRef>
    <AnnotatedStopPointRef>
      <StopPointRef>6400A55</StopPointRef>
      <CommonName>High Street</CommonName>
    </AnnotatedStopPointRef>
    <AnnotatedStopPointRef>
      <StopPointRef>6400S519</StopPointRef>
      <CommonName>Caird Hall</CommonName>
    </AnnotatedStopPointRef>
    <AnnotatedStopPointRef>
      <StopPointRef>6400S501</StopPointRef>
      <CommonName>Forum Centre</CommonName>
    </AnnotatedStopPointRef>
    <AnnotatedStopPointRef>
      <StopPointRef>6400S504</StopPointRef>
      <CommonName>Wellgate</CommonName>
    </AnnotatedStopPointRef>
    <AnnotatedStopPointRef>
      <StopPointRef>6400PT1501</StopPointRef>
      <CommonName>Nelson Street</CommonName>
    </AnnotatedStopPointRef>
    <AnnotatedStopPointRef>
      <StopPointRef>6400S518</StopPointRef>
      <CommonName>West Lyon Street</CommonName>
    </AnnotatedStopPointRef>
    <AnnotatedStopPointRef>
      <StopPointRef>6400PT62</StopPointRef>
      <CommonName>Alexander Street</CommonName>
    </AnnotatedStopPointRef>
    <AnnotatedStopPointRef>
      <StopPointRef>6400PT1200</StopPointRef>
      <CommonName>Sibbald Street</CommonName>
    </AnnotatedStopPointRef>
    <AnnotatedStopPointRef>
      <StopPointRef>6400PT1198</StopPointRef>
      <CommonName>Dens Park</CommonName>
    </AnnotatedStopPointRef>
    <AnnotatedStopPointRef>
      <StopPointRef>6400PT1441</StopPointRef>
      <CommonName>Marryat Street</CommonName>
    </AnnotatedStopPointRef>
    <AnnotatedStopPointRef>
      <StopPointRef>6400PT1392</StopPointRef>
      <CommonName>Fairfield Street</CommonName>
    </AnnotatedStopPointRef>
    <AnnotatedStopPointRef>
      <StopPointRef>6400PT1393</StopPointRef>
      <CommonName>Park Road</CommonName>
    </AnnotatedStopPointRef>
    <AnnotatedStopPointRef>
      <StopPointRef>6400PT1395</StopPointRef>
      <CommonName>Downie Park</CommonName>
    </AnnotatedStopPointRef>
    <AnnotatedStopPointRef>
      <StopPointRef>6400PT1391</StopPointRef>
      <CommonName>Kingsway College</CommonName>
    </AnnotatedStopPointRef>
    <AnnotatedStopPointRef>
      <StopPointRef>640012262</StopPointRef>
      <CommonName>Mctaggart Centre</CommonName>
    </AnnotatedStopPointRef>
    <AnnotatedStopPointRef>
      <StopPointRef>6400PT1759</StopPointRef>
      <CommonName>Ambleside Avenue</CommonName>
    </AnnotatedStopPointRef>
    <AnnotatedStopPointRef>
      <StopPointRef>6400PT1201</StopPointRef>
      <CommonName>Kirkton Crescent</CommonName>
    </AnnotatedStopPointRef>
    <AnnotatedStopPointRef>
      <StopPointRef>6400PT1203</StopPointRef>
      <CommonName>Dunmore Street</CommonName>
    </AnnotatedStopPointRef>
    <AnnotatedStopPointRef>
      <StopPointRef>6400PT1874</StopPointRef>
      <CommonName>Balgowan Terrace</CommonName>
    </AnnotatedStopPointRef>
    <AnnotatedStopPointRef>
      <StopPointRef>6400PT1065</StopPointRef>
      <CommonName>Duncan Terrace</CommonName>
    </AnnotatedStopPointRef>
    <AnnotatedStopPointRef>
      <StopPointRef>6400PT1760</StopPointRef>
      <CommonName>Duncan Place</CommonName>
    </AnnotatedStopPointRef>
    <AnnotatedStopPointRef>
      <StopPointRef>6490IM1746</StopPointRef>
      <CommonName>Old Whisky Road</CommonName>
    </AnnotatedStopPointRef>
    <AnnotatedStopPointRef>
      <StopPointRef>649018126</StopPointRef>
      <CommonName>Braeside</CommonName>
    </AnnotatedStopPointRef>
    <AnnotatedStopPointRef>
      <StopPointRef>6490IM100</StopPointRef>
      <CommonName>Balkello Old Schoolhouse</CommonName>
    </AnnotatedStopPointRef>
    <AnnotatedStopPointRef>
      <StopPointRef>6490IM1123</StopPointRef>
      <CommonName>Pink Cottages</CommonName>
    </AnnotatedStopPointRef>
    <AnnotatedStopPointRef>
      <StopPointRef>6490IM1747</StopPointRef>
      <CommonName>Strathmartine Bowling Club</CommonName>
    </AnnotatedStopPointRef>
    <AnnotatedStopPointRef>
      <StopPointRef>6490IM2210</StopPointRef>
      <CommonName>Bus Shelter</CommonName>
    </AnnotatedStopPointRef>
    <AnnotatedStopPointRef>
      <StopPointRef>6400S01</StopPointRef>
      <CommonName>Loftus Street</CommonName>
    </AnnotatedStopPointRef>
    <AnnotatedStopPointRef>
      <StopPointRef>6400PT1650</StopPointRef>
      <CommonName>Duncan Place</CommonName>
    </AnnotatedStopPointRef>
    <AnnotatedStopPointRef>
      <StopPointRef>6400PT1872</StopPointRef>
      <CommonName>Balgowan Drive</CommonName>
    </AnnotatedStopPointRef>
    <AnnotatedStopPointRef>
      <StopPointRef>6400PT1873</StopPointRef>
      <CommonName>Balgowan Terrace</CommonName>
    </AnnotatedStopPointRef>
    <AnnotatedStopPointRef>
      <StopPointRef>6400PT1202</StopPointRef>
      <CommonName>Dunmore Street</CommonName>
    </AnnotatedStopPointRef>
    <AnnotatedStopPointRef>
      <StopPointRef>6400S49</StopPointRef>
      <CommonName>Asda</CommonName>
    </AnnotatedStopPointRef>
    <AnnotatedStopPointRef>
      <StopPointRef>6400PT1272</StopPointRef>
      <CommonName>Ambleside Avenue</CommonName>
    </AnnotatedStopPointRef>
    <AnnotatedStopPointRef>
      <StopPointRef>6400S53</StopPointRef>
      <CommonName>Ambleside Terrace</CommonName>
    </AnnotatedStopPointRef>
    <AnnotatedStopPointRef>
      <StopPointRef>6400S54</StopPointRef>
      <CommonName>McTaggart Centre</CommonName>
    </AnnotatedStopPointRef>
    <AnnotatedStopPointRef>
      <StopPointRef>6400A102</StopPointRef>
      <CommonName>Kingsway College</CommonName>
    </AnnotatedStopPointRef>
    <AnnotatedStopPointRef>
      <StopPointRef>6400PT1390</StopPointRef>
      <CommonName>Downie Park</CommonName>
    </AnnotatedStopPointRef>
    <AnnotatedStopPointRef>
      <StopPointRef>6400PT1396</StopPointRef>
      <CommonName>Park Road</CommonName>
    </AnnotatedStopPointRef>
    <AnnotatedStopPointRef>
      <StopPointRef>6400PT1388</StopPointRef>
      <CommonName>Balgray Street</CommonName>
    </AnnotatedStopPointRef>
    <AnnotatedStopPointRef>
      <StopPointRef>6400S55</StopPointRef>
      <CommonName>Fleming Gardens</CommonName>
    </AnnotatedStopPointRef>
    <AnnotatedStopPointRef>
      <StopPointRef>6400PT1807</StopPointRef>
      <CommonName>Dens Park</CommonName>
    </AnnotatedStopPointRef>
    <AnnotatedStopPointRef>
      <StopPointRef>6400PT1196</StopPointRef>
      <CommonName>North Isla Street</CommonName>
    </AnnotatedStopPointRef>
    <AnnotatedStopPointRef>
      <StopPointRef>6400PT1785</StopPointRef>
      <CommonName>Sibbald Street</CommonName>
    </AnnotatedStopPointRef>
    <AnnotatedStopPointRef>
      <StopPointRef>6400PT1679</StopPointRef>
      <CommonName>Cowan Street</CommonName>
    </AnnotatedStopPointRef>
    <AnnotatedStopPointRef>
      <StopPointRef>6400PT1734</StopPointRef>
      <CommonName>Victoria Street</CommonName>
    </AnnotatedStopPointRef>
    <AnnotatedStopPointRef>
      <StopPointRef>6400PT1662</StopPointRef>
      <CommonName>Wellgate Steps</CommonName>
    </AnnotatedStopPointRef>
    <AnnotatedStopPointRef>
      <StopPointRef>6400PT1691</StopPointRef>
      <CommonName>Waterstones</CommonName>
    </AnnotatedStopPointRef>
    <AnnotatedStopPointRef>
      <StopPointRef>6400S520</StopPointRef>
      <CommonName>Caird Hall</CommonName>
    </AnnotatedStopPointRef>
  </StopPoints>
  <RouteSections>
    <RouteSection id="AGDO138_001">
      <RouteLink id="AGDO138_001_51158">
        <From>
          <StopPointRef>6400PT1177</StopPointRef>
        </From>
        <To>
          <StopPointRef>6490IM098</StopPointRef>
        </To>
        <Direction>inbound</Direction>
      </RouteLink>
      <RouteLink id="AGDO138_001_51159">
        <From>
          <StopPointRef>6490IM098</StopPointRef>
        </From>
        <To>
          <StopPointRef>6490IM1078</StopPointRef>
        </To>
        <Direction>inbound</Direction>
      </RouteLink>
      <RouteLink id="AGDO138_001_51160">
        <From>
          <StopPointRef>6490IM1078</StopPointRef>
        </From>
        <To>
          <StopPointRef>6490IM2211</StopPointRef>
        </To>
        <Direction>inbound</Direction>
      </RouteLink>
      <RouteLink id="AGDO138_001_51161">
        <From>
          <StopPointRef>6490IM2211</StopPointRef>
        </From>
        <To>
          <StopPointRef>6490IM101</StopPointRef>
        </To>
        <Direction>inbound</Direction>
      </RouteLink>
      <RouteLink id="AGDO138_001_51162">
        <From>
          <StopPointRef>6490IM101</StopPointRef>
        </From>
        <To>
          <StopPointRef>6490IM102</StopPointRef>
        </To>
        <Direction>inbound</Direction>
      </RouteLink>
      <RouteLink id="AGDO138_001_51163">
        <From>
          <StopPointRef>6490IM102</StopPointRef>
        </From>
        <To>
          <StopPointRef>6490IM103</StopPointRef>
        </To>
        <Direction>inbound</Direction>
      </RouteLink>
    </RouteSection>
    <RouteSection id="AGDO138_002">
      <RouteLink id="AGDO138_002_51165">
        <From>
          <StopPointRef>6400A55</StopPointRef>
        </From>
        <To>
          <StopPointRef>6400S519</StopPointRef>
        </To>
        <Direction>inbound</Direction>
      </RouteLink>
      <RouteLink id="AGDO138_002_51166">
        <From>
          <StopPointRef>6400S519</StopPointRef>
        </From>
        <To>
          <StopPointRef>6400S501</StopPointRef>
        </To>
        <Direction>inbound</Direction>
      </RouteLink>
      <RouteLink id="AGDO138_002_51167">
        <From>
          <StopPointRef>6400S501</StopPointRef>
        </From>
        <To>
          <StopPointRef>6400S504</StopPointRef>
        </To>
        <Direction>inbound</Direction>
      </RouteLink>
      <RouteLink id="AGDO138_002_51168">
        <From>
          <StopPointRef>6400S504</StopPointRef>
        </From>
        <To>
          <StopPointRef>6400PT1501</StopPointRef>
        </To>
        <Direction>inbound</Direction>
      </RouteLink>
      <RouteLink id="AGDO138_002_51169">
        <From>
          <StopPointRef>6400PT1501</StopPointRef>
        </From>
        <To>
          <StopPointRef>6400S518</StopPointRef>
        </To>
        <Direction>inbound</Direction>
      </RouteLink>
      <RouteLink id="AGDO138_002_51170">
        <From>
          <StopPointRef>6400S518</StopPointRef>
        </From>
        <To>
          <StopPointRef>6400PT62</StopPointRef>
        </To>
        <Direction>inbound</Direction>
      </RouteLink>
      <RouteLink id="AGDO138_002_51171">
        <From>
          <StopPointRef>6400PT62</StopPointRef>
        </From>
        <To>
          <StopPointRef>6400PT1200</StopPointRef>
        </To>
        <Direction>inbound</Direction>
      </RouteLink>
      <RouteLink id="AGDO138_002_51172">
        <From>
          <StopPointRef>6400PT1200</StopPointRef>
        </From>
        <To>
          <StopPointRef>6400PT1198</StopPointRef>
        </To>
        <Direction>inbound</Direction>
      </RouteLink>
      <RouteLink id="AGDO138_002_51173">
        <From>
          <StopPointRef>6400PT1198</StopPointRef>
        </From>
        <To>
          <StopPointRef>6400PT1441</StopPointRef>
        </To>
        <Direction>inbound</Direction>
      </RouteLink>
      <RouteLink id="AGDO138_002_51174">
        <From>
          <StopPointRef>6400PT1441</StopPointRef>
        </From>
        <To>
          <StopPointRef>6400PT1392</StopPointRef>
        </To>
        <Direction>inbound</Direction>
      </RouteLink>
      <RouteLink id="AGDO138_002_51175">
        <From>
          <StopPointRef>6400PT1392</StopPointRef>
        </From>
        <To>
          <StopPointRef>6400PT1393</StopPointRef>
        </To>
        <Direction>inbound</Direction>
      </RouteLink>
      <RouteLink id="AGDO138_002_51176">
        <From>
          <StopPointRef>6400PT1393</StopPointRef>
        </From>
        <To>
          <StopPointRef>6400PT1395</StopPointRef>
        </To>
        <Direction>inbound</Direction>
      </RouteLink>
      <RouteLink id="AGDO138_002_51177">
        <From>
          <StopPointRef>6400PT1395</StopPointRef>
        </From>
        <To>
          <StopPointRef>6400PT1391</StopPointRef>
        </To>
        <Direction>inbound</Direction>
      </RouteLink>
      <RouteLink id="AGDO138_002_51178">
        <From>
          <StopPointRef>6400PT1391</StopPointRef>
        </From>
        <To>
          <StopPointRef>640012262</StopPointRef>
        </To>
        <Direction>inbound</Direction>
      </RouteLink>
      <RouteLink id="AGDO138_002_51179">
        <From>
          <StopPointRef>640012262</StopPointRef>
        </From>
        <To>
          <StopPointRef>6400PT1759</StopPointRef>
        </To>
        <Direction>inbound</Direction>
      </RouteLink>
      <RouteLink id="AGDO138_002_51180">
        <From>
          <StopPointRef>6400PT1759</StopPointRef>
        </From>
        <To>
          <StopPointRef>6400PT1201</StopPointRef>
        </To>
        <Direction>inbound</Direction>
      </RouteLink>
      <RouteLink id="AGDO138_002_51181">
        <From>
          <StopPointRef>6400PT1201</StopPointRef>
        </From>
        <To>
          <StopPointRef>6400PT1203</StopPointRef>
        </To>
        <Direction>inbound</Direction>
      </RouteLink>
      <RouteLink id="AGDO138_002_51182">
        <From>
          <StopPointRef>6400PT1203</StopPointRef>
        </From>
        <To>
          <StopPointRef>6400PT1874</StopPointRef>
        </To>
        <Direction>inbound</Direction>
      </RouteLink>
      <RouteLink id="AGDO138_002_51183">
        <From>
          <StopPointRef>6400PT1874</StopPointRef>
        </From>
        <To>
          <StopPointRef>6400PT1065</StopPointRef>
        </To>
        <Direction>inbound</Direction>
      </RouteLink>
      <RouteLink id="AGDO138_002_51184">
        <From>
          <StopPointRef>6400PT1065</StopPointRef>
        </From>
        <To>
          <StopPointRef>6400PT1760</StopPointRef>
        </To>
        <Direction>inbound</Direction>
      </RouteLink>
      <RouteLink id="AGDO138_002_51185">
        <From>
          <StopPointRef>6400PT1760</StopPointRef>
        </From>
        <To>
          <StopPointRef>6400PT1177</StopPointRef>
        </To>
        <Direction>inbound</Direction>
      </RouteLink>
      <RouteLink id="AGDO138_002_51186">
        <From>
          <StopPointRef>6400PT1177</StopPointRef>
        </From>
        <To>
          <StopPointRef>6490IM098</StopPointRef>
        </To>
        <Direction>inbound</Direction>
      </RouteLink>
      <RouteLink id="AGDO138_002_51187">
        <From>
          <StopPointRef>6490IM098</StopPointRef>
        </From>
        <To>
          <StopPointRef>6490IM1078</StopPointRef>
        </To>
        <Direction>inbound</Direction>
      </RouteLink>
      <RouteLink id="AGDO138_002_51188">
        <From>
          <StopPointRef>6490IM1078</StopPointRef>
        </From>
        <To>
          <StopPointRef>6490IM2211</StopPointRef>
        </To>
        <Direction>inbound</Direction>
      </RouteLink>
      <RouteLink id="AGDO138_002_51189">
        <From>
          <StopPointRef>6490IM2211</StopPointRef>
        </From>
        <To>
          <StopPointRef>6490IM101</StopPointRef>
        </To>
        <Direction>inbound</Direction>
      </RouteLink>
      <RouteLink id="AGDO138_002_51190">
        <From>
          <StopPointRef>6490IM101</StopPointRef>
        </From>
        <To>
          <StopPointRef>6490IM102</StopPointRef>
        </To>
        <Direction>inbound</Direction>
      </RouteLink>
      <RouteLink id="AGDO138_002_51191">
        <From>
          <StopPointRef>6490IM102</StopPointRef>
        </From>
        <To>
          <StopPointRef>6490IM103</StopPointRef>
        </To>
        <Direction>inbound</Direction>
      </RouteLink>
    </RouteSection>
    <RouteSection id="AGDO138_003">
      <RouteLink id="AGDO138_003_51193">
        <From>
          <StopPointRef>6490IM103</StopPointRef>
        </From>
        <To>
          <StopPointRef>6490IM1746</StopPointRef>
        </To>
        <Direction>outbound</Direction>
      </RouteLink>
      <RouteLink id="AGDO138_003_51194">
        <From>
          <StopPointRef>6490IM1746</StopPointRef>
        </From>
        <To>
          <StopPointRef>649018126</StopPointRef>
        </To>
        <Direction>outbound</Direction>
      </RouteLink>
      <RouteLink id="AGDO138_003_51195">
        <From>
          <StopPointRef>649018126</StopPointRef>
        </From>
        <To>
          <StopPointRef>6490IM100</StopPointRef>
        </To>
        <Direction>outbound</Direction>
      </RouteLink>
      <RouteLink id="AGDO138_003_51196">
        <From>
          <StopPointRef>6490IM100</StopPointRef>
        </From>
        <To>
          <StopPointRef>6490IM1123</StopPointRef>
        </To>
        <Direction>outbound</Direction>
      </RouteLink>
      <RouteLink id="AGDO138_003_51197">
        <From>
          <StopPointRef>6490IM1123</StopPointRef>
        </From>
        <To>
          <StopPointRef>6490IM1747</StopPointRef>
        </To>
        <Direction>outbound</Direction>
      </RouteLink>
      <RouteLink id="AGDO138_003_51198">
        <From>
          <StopPointRef>6490IM1747</StopPointRef>
        </From>
        <To>
          <StopPointRef>6490IM2210</StopPointRef>
        </To>
        <Direction>outbound</Direction>
      </RouteLink>
      <RouteLink id="AGDO138_003_51199">
        <From>
          <StopPointRef>6490IM2210</StopPointRef>
        </From>
        <To>
          <StopPointRef>6490IM1078</StopPointRef>
        </To>
        <Direction>outbound</Direction>
      </RouteLink>
      <RouteLink id="AGDO138_003_51200">
        <From>
          <StopPointRef>6490IM1078</StopPointRef>
        </From>
        <To>
          <StopPointRef>6490IM098</StopPointRef>
        </To>
        <Direction>outbound</Direction>
      </RouteLink>
      <RouteLink id="AGDO138_003_51201">
        <From>
          <StopPointRef>6490IM098</StopPointRef>
        </From>
        <To>
          <StopPointRef>6400S01</StopPointRef>
        </To>
        <Direction>outbound</Direction>
      </RouteLink>
    </RouteSection>
    <RouteSection id="AGDO138_004">
      <RouteLink id="AGDO138_004_51203">
        <From>
          <StopPointRef>6490IM103</StopPointRef>
        </From>
        <To>
          <StopPointRef>6490IM1746</StopPointRef>
        </To>
        <Direction>outbound</Direction>
      </RouteLink>
      <RouteLink id="AGDO138_004_51204">
        <From>
          <StopPointRef>6490IM1746</StopPointRef>
        </From>
        <To>
          <StopPointRef>649018126</StopPointRef>
        </To>
        <Direction>outbound</Direction>
      </RouteLink>
      <RouteLink id="AGDO138_004_51205">
        <From>
          <StopPointRef>649018126</StopPointRef>
        </From>
        <To>
          <StopPointRef>6490IM100</StopPointRef>
        </To>
        <Direction>outbound</Direction>
      </RouteLink>
      <RouteLink id="AGDO138_004_51206">
        <From>
          <StopPointRef>6490IM100</StopPointRef>
        </From>
        <To>
          <StopPointRef>6490IM1123</StopPointRef>
        </To>
        <Direction>outbound</Direction>
      </RouteLink>
      <RouteLink id="AGDO138_004_51207">
        <From>
          <StopPointRef>6490IM1123</StopPointRef>
        </From>
        <To>
          <StopPointRef>6490IM1747</StopPointRef>
        </To>
        <Direction>outbound</Direction>
      </RouteLink>
      <RouteLink id="AGDO138_004_51208">
        <From>
          <StopPointRef>6490IM1747</StopPointRef>
        </From>
        <To>
          <StopPointRef>6490IM2210</StopPointRef>
        </To>
        <Direction>outbound</Direction>
      </RouteLink>
      <RouteLink id="AGDO138_004_51209">
        <From>
          <StopPointRef>6490IM2210</StopPointRef>
        </From>
        <To>
          <StopPointRef>6490IM1078</StopPointRef>
        </To>
        <Direction>outbound</Direction>
      </RouteLink>
      <RouteLink id="AGDO138_004_51210">
        <From>
          <StopPointRef>6490IM1078</StopPointRef>
        </From>
        <To>
          <StopPointRef>6490IM098</StopPointRef>
        </To>
        <Direction>outbound</Direction>
      </RouteLink>
      <RouteLink id="AGDO138_004_51211">
        <From>
          <StopPointRef>6490IM098</StopPointRef>
        </From>
        <To>
          <StopPointRef>6400S01</StopPointRef>
        </To>
        <Direction>outbound</Direction>
      </RouteLink>
      <RouteLink id="AGDO138_004_51212">
        <From>
          <StopPointRef>6400S01</StopPointRef>
        </From>
        <To>
          <StopPointRef>6400PT1650</StopPointRef>
        </To>
        <Direction>outbound</Direction>
      </RouteLink>
      <RouteLink id="AGDO138_004_51213">
        <From>
          <StopPointRef>6400PT1650</StopPointRef>
        </From>
        <To>
          <StopPointRef>6400PT1872</StopPointRef>
        </To>
        <Direction>outbound</Direction>
      </RouteLink>
      <RouteLink id="AGDO138_004_51214">
        <From>
          <StopPointRef>6400PT1872</StopPointRef>
        </From>
        <To>
          <StopPointRef>6400PT1873</StopPointRef>
        </To>
        <Direction>outbound</Direction>
      </RouteLink>
      <RouteLink id="AGDO138_004_51215">
        <From>
          <StopPointRef>6400PT1873</StopPointRef>
        </From>
        <To>
          <StopPointRef>6400PT1202</StopPointRef>
        </To>
        <Direction>outbound</Direction>
      </RouteLink>
      <RouteLink id="AGDO138_004_51216">
        <From>
          <StopPointRef>6400PT1202</StopPointRef>
        </From>
        <To>
          <StopPointRef>6400S49</StopPointRef>
        </To>
        <Direction>outbound</Direction>
      </RouteLink>
      <RouteLink id="AGDO138_004_51217">
        <From>
          <StopPointRef>6400S49</StopPointRef>
        </From>
        <To>
          <StopPointRef>6400PT1272</StopPointRef>
        </To>
        <Direction>outbound</Direction>
      </RouteLink>
      <RouteLink id="AGDO138_004_51218">
        <From>
          <StopPointRef>6400PT1272</StopPointRef>
        </From>
        <To>
          <StopPointRef>6400S53</StopPointRef>
        </To>
        <Direction>outbound</Direction>
      </RouteLink>
      <RouteLink id="AGDO138_004_51219">
        <From>
          <StopPointRef>6400S53</StopPointRef>
        </From>
        <To>
          <StopPointRef>6400S54</StopPointRef>
        </To>
        <Direction>outbound</Direction>
      </RouteLink>
      <RouteLink id="AGDO138_004_51220">
        <From>
          <StopPointRef>6400S54</StopPointRef>
        </From>
        <To>
          <StopPointRef>6400A102</StopPointRef>
        </To>
        <Direction>outbound</Direction>
      </RouteLink>
      <RouteLink id="AGDO138_004_51221">
        <From>
          <StopPointRef>6400A102</StopPointRef>
        </From>
        <To>
          <StopPointRef>6400PT1390</StopPointRef>
        </To>
        <Direction>outbound</Direction>
      </RouteLink>
      <RouteLink id="AGDO138_004_51222">
        <From>
          <StopPointRef>6400PT1390</StopPointRef>
        </From>
        <To>
          <StopPointRef>6400PT1396</StopPointRef>
        </To>
        <Direction>outbound</Direction>
      </RouteLink>
      <RouteLink id="AGDO138_004_51223">
        <From>
          <StopPointRef>6400PT1396</StopPointRef>
        </From>
        <To>
          <StopPointRef>6400PT1388</StopPointRef>
        </To>
        <Direction>outbound</Direction>
      </RouteLink>
      <RouteLink id="AGDO138_004_51224">
        <From>
          <StopPointRef>6400PT1388</StopPointRef>
        </From>
        <To>
          <StopPointRef>6400S55</StopPointRef>
        </To>
        <Direction>outbound</Direction>
      </RouteLink>
      <RouteLink id="AGDO138_004_51225">
        <From>
          <StopPointRef>6400S55</StopPointRef>
        </From>
        <To>
          <StopPointRef>6400PT1807</StopPointRef>
        </To>
        <Direction>outbound</Direction>
      </RouteLink>
      <RouteLink id="AGDO138_004_51226">
        <From>
          <StopPointRef>6400PT1807</StopPointRef>
        </From>
        <To>
          <StopPointRef>6400PT1196</StopPointRef>
        </To>
        <Direction>outbound</Direction>
      </RouteLink>
      <RouteLink id="AGDO138_004_51227">
        <From>
          <StopPointRef>6400PT1196</StopPointRef>
        </From>
        <To>
          <StopPointRef>6400PT1785</StopPointRef>
        </To>
        <Direction>outbound</Direction>
      </RouteLink>
      <RouteLink id="AGDO138_004_51228">
        <From>
          <StopPointRef>6400PT1785</StopPointRef>
        </From>
        <To>
          <StopPointRef>6400PT1679</StopPointRef>
        </To>
        <Direction>outbound</Direction>
      </RouteLink>
      <RouteLink id="AGDO138_004_51229">
        <From>
          <StopPointRef>6400PT1679</StopPointRef>
        </From>
        <To>
          <StopPointRef>6400PT1734</StopPointRef>
        </To>
        <Direction>outbound</Direction>
      </RouteLink>
      <RouteLink id="AGDO138_004_51230">
        <From>
          <StopPointRef>6400PT1734</StopPointRef>
        </From>
        <To>
          <StopPointRef>6400PT1662</StopPointRef>
        </To>
        <Direction>outbound</Direction>
      </RouteLink>
      <RouteLink id="AGDO138_004_51231">
        <From>
          <StopPointRef>6400PT1662</StopPointRef>
        </From>
        <To>
          <StopPointRef>6400PT1691</StopPointRef>
        </To>
        <Direction>outbound</Direction>
      </RouteLink>
      <RouteLink id="AGDO138_004_51232">
        <From>
          <StopPointRef>6400PT1691</StopPointRef>
        </From>
        <To>
          <StopPointRef>6400S520</StopPointRef>
        </To>
        <Direction>outbound</Direction>
      </RouteLink>
      <RouteLink id="AGDO138_004_51233">
        <From>
          <StopPointRef>6400S520</StopPointRef>
        </From>
        <To>
          <StopPointRef>6400A55</StopPointRef>
        </To>
        <Direction>outbound</Direction>
      </RouteLink>
    </RouteSection>
  </RouteSections>
  <Routes>
    <Route id="AGDO138_001">
      <Description>Dundee - Kirkton of Auchterhouse
</Description>
      <RouteSectionRef>AGDO138_001</RouteSectionRef>
    </Route>
    <Route id="AGDO138_002">
      <Description>Dundee - Kirkton of Auchterhouse
</Description>
      <RouteSectionRef>AGDO138_002</RouteSectionRef>
    </Route>
    <Route id="AGDO138_003">
      <Description>Kirkton of Auchterhouse - Dundee
</Description>
      <RouteSectionRef>AGDO138_003</RouteSectionRef>
    </Route>
    <Route id="AGDO138_004">
      <Description>Kirkton of Auchterhouse - Dundee
</Description>
      <RouteSectionRef>AGDO138_004</RouteSectionRef>
    </Route>
  </Routes>
  <JourneyPatternSections>
    <JourneyPatternSection id="JPS_AGDO138-5">
      <JourneyPatternTimingLink id="JPS_AGDO138-5_51158">
        <From>
          <StopPointRef>6400PT1177</StopPointRef>
          <TimingStatus>PTP</TimingStatus>
        </From>
        <To>
          <StopPointRef>6490IM098</StopPointRef>
          <TimingStatus>PTP</TimingStatus>
        </To>
        <RouteLinkRef>AGDO138_001_51158</RouteLinkRef>
        <Direction>inbound</Direction>
        <RunTime>PT300S</RunTime>
      </JourneyPatternTimingLink>
      <JourneyPatternTimingLink id="JPS_AGDO138-5_51159">
        <From>
          <StopPointRef>6490IM098</StopPointRef>
          <TimingStatus>PTP</TimingStatus>
        </From>
        <To>
          <StopPointRef>6490IM1078</StopPointRef>
          <TimingStatus>OTH</TimingStatus>
        </To>
        <RouteLinkRef>AGDO138_001_51159</RouteLinkRef>
        <Direction>inbound</Direction>
        <RunTime>PT120S</RunTime>
      </JourneyPatternTimingLink>
      <JourneyPatternTimingLink id="JPS_AGDO138-5_51160">
        <From>
          <StopPointRef>6490IM1078</StopPointRef>
          <TimingStatus>OTH</TimingStatus>
        </From>
        <To>
          <StopPointRef>6490IM2211</StopPointRef>
          <TimingStatus>PTP</TimingStatus>
        </To>
        <RouteLinkRef>AGDO138_001_51160</RouteLinkRef>
        <Direction>inbound</Direction>
        <RunTime>PT60S</RunTime>
      </JourneyPatternTimingLink>
      <JourneyPatternTimingLink id="JPS_AGDO138-5_51161">
        <From>
          <StopPointRef>6490IM2211</StopPointRef>
          <TimingStatus>PTP</TimingStatus>
        </From>
        <To>
          <StopPointRef>6490IM101</StopPointRef>
          <TimingStatus>OTH</TimingStatus>
        </To>
        <RouteLinkRef>AGDO138_001_51161</RouteLinkRef>
        <Direction>inbound</Direction>
        <RunTime>PT120S</RunTime>
      </JourneyPatternTimingLink>
      <JourneyPatternTimingLink id="JPS_AGDO138-5_51162">
        <From>
          <StopPointRef>6490IM101</StopPointRef>
          <TimingStatus>OTH</TimingStatus>
        </From>
        <To>
          <StopPointRef>6490IM102</StopPointRef>
          <TimingStatus>PTP</TimingStatus>
        </To>
        <RouteLinkRef>AGDO138_001_51162</RouteLinkRef>
        <Direction>inbound</Direction>
        <RunTime>PT240S</RunTime>
      </JourneyPatternTimingLink>
      <JourneyPatternTimingLink id="JPS_AGDO138-5_51163">
        <From>
          <StopPointRef>6490IM102</StopPointRef>
          <TimingStatus>PTP</TimingStatus>
        </From>
        <To>
          <StopPointRef>6490IM103</StopPointRef>
          <TimingStatus>PTP</TimingStatus>
        </To>
        <RouteLinkRef>AGDO138_001_51163</RouteLinkRef>
        <Direction>inbound</Direction>
        <RunTime>PT300S</RunTime>
      </JourneyPatternTimingLink>
    </JourneyPatternSection>
    <JourneyPatternSection id="JPS_AGDO138-6">
      <JourneyPatternTimingLink id="JPS_AGDO138-6_51165">
        <From>
          <StopPointRef>6400A55</StopPointRef>
          <TimingStatus>PTP</TimingStatus>
        </From>
        <To>
          <StopPointRef>6400S519</StopPointRef>
          <TimingStatus>OTH</TimingStatus>
        </To>
        <RouteLinkRef>AGDO138_002_51165</RouteLinkRef>
        <Direction>inbound</Direction>
        <RunTime>PT60S</RunTime>
      </JourneyPatternTimingLink>
      <JourneyPatternTimingLink id="JPS_AGDO138-6_51166">
        <From>
          <StopPointRef>6400S519</StopPointRef>
          <TimingStatus>OTH</TimingStatus>
        </From>
        <To>
          <StopPointRef>6400S501</StopPointRef>
          <TimingStatus>OTH</TimingStatus>
        </To>
        <RouteLinkRef>AGDO138_002_51166</RouteLinkRef>
        <Direction>inbound</Direction>
        <RunTime>PT60S</RunTime>
      </JourneyPatternTimingLink>
      <JourneyPatternTimingLink id="JPS_AGDO138-6_51167">
        <From>
          <StopPointRef>6400S501</StopPointRef>
          <TimingStatus>OTH</TimingStatus>
        </From>
        <To>
          <StopPointRef>6400S504</StopPointRef>
          <TimingStatus>OTH</TimingStatus>
        </To>
        <RouteLinkRef>AGDO138_002_51167</RouteLinkRef>
        <Direction>inbound</Direction>
        <RunTime>PT60S</RunTime>
      </JourneyPatternTimingLink>
      <JourneyPatternTimingLink id="JPS_AGDO138-6_51168">
        <From>
          <StopPointRef>6400S504</StopPointRef>
          <TimingStatus>OTH</TimingStatus>
        </From>
        <To>
          <StopPointRef>6400PT1501</StopPointRef>
          <TimingStatus>OTH</TimingStatus>
        </To>
        <RouteLinkRef>AGDO138_002_51168</RouteLinkRef>
        <Direction>inbound</Direction>
        <RunTime>PT60S</RunTime>
      </JourneyPatternTimingLink>
      <JourneyPatternTimingLink id="JPS_AGDO138-6_51169">
        <From>
          <StopPointRef>6400PT1501</StopPointRef>
          <TimingStatus>OTH</TimingStatus>
        </From>
        <To>
          <StopPointRef>6400S518</StopPointRef>
          <TimingStatus>OTH</TimingStatus>
        </To>
        <RouteLinkRef>AGDO138_002_51169</RouteLinkRef>
        <Direction>inbound</Direction>
        <RunTime>PT60S</RunTime>
      </JourneyPatternTimingLink>
      <JourneyPatternTimingLink id="JPS_AGDO138-6_51170">
        <From>
          <StopPointRef>6400S518</StopPointRef>
          <TimingStatus>OTH</TimingStatus>
        </From>
        <To>
          <StopPointRef>6400PT62</StopPointRef>
          <TimingStatus>OTH</TimingStatus>
        </To>
        <RouteLinkRef>AGDO138_002_51170</RouteLinkRef>
        <Direction>inbound</Direction>
        <RunTime>PT0S</RunTime>
      </JourneyPatternTimingLink>
      <JourneyPatternTimingLink id="JPS_AGDO138-6_51171">
        <From>
          <StopPointRef>6400PT62</StopPointRef>
          <TimingStatus>OTH</TimingStatus>
        </From>
        <To>
          <StopPointRef>6400PT1200</StopPointRef>
          <TimingStatus>OTH</TimingStatus>
        </To>
        <RouteLinkRef>AGDO138_002_51171</RouteLinkRef>
        <Direction>inbound</Direction>
        <RunTime>PT60S</RunTime>
      </JourneyPatternTimingLink>
      <JourneyPatternTimingLink id="JPS_AGDO138-6_51172">
        <From>
          <StopPointRef>6400PT1200</StopPointRef>
          <TimingStatus>OTH</TimingStatus>
        </From>
        <To>
          <StopPointRef>6400PT1198</StopPointRef>
          <TimingStatus>OTH</TimingStatus>
        </To>
        <RouteLinkRef>AGDO138_002_51172</RouteLinkRef>
        <Direction>inbound</Direction>
        <RunTime>PT60S</RunTime>
      </JourneyPatternTimingLink>
      <JourneyPatternTimingLink id="JPS_AGDO138-6_51173">
        <From>
          <StopPointRef>6400PT1198</StopPointRef>
          <TimingStatus>OTH</TimingStatus>
        </From>
        <To>
          <StopPointRef>6400PT1441</StopPointRef>
          <TimingStatus>OTH</TimingStatus>
        </To>
        <RouteLinkRef>AGDO138_002_51173</RouteLinkRef>
        <Direction>inbound</Direction>
        <RunTime>PT60S</RunTime>
      </JourneyPatternTimingLink>
      <JourneyPatternTimingLink id="JPS_AGDO138-6_51174">
        <From>
          <StopPointRef>6400PT1441</StopPointRef>
          <TimingStatus>OTH</TimingStatus>
        </From>
        <To>
          <StopPointRef>6400PT1392</StopPointRef>
          <TimingStatus>OTH</TimingStatus>
        </To>
        <RouteLinkRef>AGDO138_002_51174</RouteLinkRef>
        <Direction>inbound</Direction>
        <RunTime>PT60S</RunTime>
      </JourneyPatternTimingLink>
      <JourneyPatternTimingLink id="JPS_AGDO138-6_51175">
        <From>
          <StopPointRef>6400PT1392</StopPointRef>
          <TimingStatus>OTH</TimingStatus>
        </From>
        <To>
          <StopPointRef>6400PT1393</StopPointRef>
          <TimingStatus>OTH</TimingStatus>
        </To>
        <RouteLinkRef>AGDO138_002_51175</RouteLinkRef>
        <Direction>inbound</Direction>
        <RunTime>PT60S</RunTime>
      </JourneyPatternTimingLink>
      <JourneyPatternTimingLink id="JPS_AGDO138-6_51176">
        <From>
          <StopPointRef>6400PT1393</StopPointRef>
          <TimingStatus>OTH</TimingStatus>
        </From>
        <To>
          <StopPointRef>6400PT1395</StopPointRef>
          <TimingStatus>OTH</TimingStatus>
        </To>
        <RouteLinkRef>AGDO138_002_51176</RouteLinkRef>
        <Direction>inbound</Direction>
        <RunTime>PT60S</RunTime>
      </JourneyPatternTimingLink>
      <JourneyPatternTimingLink id="JPS_AGDO138-6_51177">
        <From>
          <StopPointRef>6400PT1395</StopPointRef>
          <TimingStatus>OTH</TimingStatus>
        </From>
        <To>
          <StopPointRef>6400PT1391</StopPointRef>
          <TimingStatus>PTP</TimingStatus>
        </To>
        <RouteLinkRef>AGDO138_002_51177</RouteLinkRef>
        <Direction>inbound</Direction>
        <RunTime>PT60S</RunTime>
      </JourneyPatternTimingLink>
      <JourneyPatternTimingLink id="JPS_AGDO138-6_51178">
        <From>
          <StopPointRef>6400PT1391</StopPointRef>
          <TimingStatus>PTP</TimingStatus>
        </From>
        <To>
          <StopPointRef>640012262</StopPointRef>
          <TimingStatus>OTH</TimingStatus>
        </To>
        <RouteLinkRef>AGDO138_002_51178</RouteLinkRef>
        <Direction>inbound</Direction>
        <RunTime>PT0S</RunTime>
      </JourneyPatternTimingLink>
      <JourneyPatternTimingLink id="JPS_AGDO138-6_51179">
        <From>
          <StopPointRef>640012262</StopPointRef>
          <TimingStatus>OTH</TimingStatus>
        </From>
        <To>
          <StopPointRef>6400PT1759</StopPointRef>
          <TimingStatus>OTH</TimingStatus>
        </To>
        <RouteLinkRef>AGDO138_002_51179</RouteLinkRef>
        <Direction>inbound</Direction>
        <RunTime>PT60S</RunTime>
      </JourneyPatternTimingLink>
      <JourneyPatternTimingLink id="JPS_AGDO138-6_51180">
        <From>
          <StopPointRef>6400PT1759</StopPointRef>
          <TimingStatus>OTH</TimingStatus>
        </From>
        <To>
          <StopPointRef>6400PT1201</StopPointRef>
          <TimingStatus>PTP</TimingStatus>
        </To>
        <RouteLinkRef>AGDO138_002_51180</RouteLinkRef>
        <Direction>inbound</Direction>
        <RunTime>PT60S</RunTime>
      </JourneyPatternTimingLink>
      <JourneyPatternTimingLink id="JPS_AGDO138-6_51181">
        <From>
          <StopPointRef>6400PT1201</StopPointRef>
          <TimingStatus>PTP</TimingStatus>
        </From>
        <To>
          <StopPointRef>6400PT1203</StopPointRef>
          <TimingStatus>OTH</TimingStatus>
        </To>
        <RouteLinkRef>AGDO138_002_51181</RouteLinkRef>
        <Direction>inbound</Direction>
        <RunTime>PT60S</RunTime>
      </JourneyPatternTimingLink>
      <JourneyPatternTimingLink id="JPS_AGDO138-6_51182">
        <From>
          <StopPointRef>6400PT1203</StopPointRef>
          <TimingStatus>OTH</TimingStatus>
        </From>
        <To>
          <StopPointRef>6400PT1874</StopPointRef>
          <TimingStatus>OTH</TimingStatus>
        </To>
        <RouteLinkRef>AGDO138_002_51182</RouteLinkRef>
        <Direction>inbound</Direction>
        <RunTime>PT60S</RunTime>
      </JourneyPatternTimingLink>
      <JourneyPatternTimingLink id="JPS_AGDO138-6_51183">
        <From>
          <StopPointRef>6400PT1874</StopPointRef>
          <TimingStatus>OTH</TimingStatus>
        </From>
        <To>
          <StopPointRef>6400PT1065</StopPointRef>
          <TimingStatus>OTH</TimingStatus>
        </To>
        <RouteLinkRef>AGDO138_002_51183</RouteLinkRef>
        <Direction>inbound</Direction>
        <RunTime>PT0S</RunTime>
      </JourneyPatternTimingLink>
      <JourneyPatternTimingLink id="JPS_AGDO138-6_51184">
        <From>
          <StopPointRef>6400PT1065</StopPointRef>
          <TimingStatus>OTH</TimingStatus>
        </From>
        <To>
          <StopPointRef>6400PT1760</StopPointRef>
          <TimingStatus>OTH</TimingStatus>
        </To>
        <RouteLinkRef>AGDO138_002_51184</RouteLinkRef>
        <Direction>inbound</Direction>
        <RunTime>PT60S</RunTime>
      </JourneyPatternTimingLink>
      <JourneyPatternTimingLink id="JPS_AGDO138-6_51185">
        <From>
          <StopPointRef>6400PT1760</StopPointRef>
          <TimingStatus>OTH</TimingStatus>
        </From>
        <To>
          <StopPointRef>6400PT1177</StopPointRef>
          <TimingStatus>PTP</TimingStatus>
        </To>
        <RouteLinkRef>AGDO138_002_51185</RouteLinkRef>
        <Direction>inbound</Direction>
        <RunTime>PT0S</RunTime>
      </JourneyPatternTimingLink>
      <JourneyPatternTimingLink id="JPS_AGDO138-6_51186">
        <From>
          <StopPointRef>6400PT1177</StopPointRef>
          <TimingStatus>PTP</TimingStatus>
        </From>
        <To>
          <StopPointRef>6490IM098</StopPointRef>
          <TimingStatus>PTP</TimingStatus>
        </To>
        <RouteLinkRef>AGDO138_002_51186</RouteLinkRef>
        <Direction>inbound</Direction>
        <RunTime>PT300S</RunTime>
      </JourneyPatternTimingLink>
      <JourneyPatternTimingLink id="JPS_AGDO138-6_51187">
        <From>
          <StopPointRef>6490IM098</StopPointRef>
          <TimingStatus>PTP</TimingStatus>
        </From>
        <To>
          <StopPointRef>6490IM1078</StopPointRef>
          <TimingStatus>OTH</TimingStatus>
        </To>
        <RouteLinkRef>AGDO138_002_51187</RouteLinkRef>
        <Direction>inbound</Direction>
        <RunTime>PT120S</RunTime>
      </JourneyPatternTimingLink>
      <JourneyPatternTimingLink id="JPS_AGDO138-6_51188">
        <From>
          <StopPointRef>6490IM1078</StopPointRef>
          <TimingStatus>OTH</TimingStatus>
        </From>
        <To>
          <StopPointRef>6490IM2211</StopPointRef>
          <TimingStatus>PTP</TimingStatus>
        </To>
        <RouteLinkRef>AGDO138_002_51188</RouteLinkRef>
        <Direction>inbound</Direction>
        <RunTime>PT60S</RunTime>
      </JourneyPatternTimingLink>
      <JourneyPatternTimingLink id="JPS_AGDO138-6_51189">
        <From>
          <StopPointRef>6490IM2211</StopPointRef>
          <TimingStatus>PTP</TimingStatus>
        </From>
        <To>
          <StopPointRef>6490IM101</StopPointRef>
          <TimingStatus>OTH</TimingStatus>
        </To>
        <RouteLinkRef>AGDO138_002_51189</RouteLinkRef>
        <Direction>inbound</Direction>
        <RunTime>PT120S</RunTime>
      </JourneyPatternTimingLink>
      <JourneyPatternTimingLink id="JPS_AGDO138-6_51190">
        <From>
          <StopPointRef>6490IM101</StopPointRef>
          <TimingStatus>OTH</TimingStatus>
        </From>
        <To>
          <StopPointRef>6490IM102</StopPointRef>
          <TimingStatus>PTP</TimingStatus>
        </To>
        <RouteLinkRef>AGDO138_002_51190</RouteLinkRef>
        <Direction>inbound</Direction>
        <RunTime>PT240S</RunTime>
      </JourneyPatternTimingLink>
      <JourneyPatternTimingLink id="JPS_AGDO138-6_51191">
        <From>
          <StopPointRef>6490IM102</StopPointRef>
          <TimingStatus>PTP</TimingStatus>
        </From>
        <To>
          <StopPointRef>6490IM103</StopPointRef>
          <TimingStatus>PTP</TimingStatus>
        </To>
        <RouteLinkRef>AGDO138_002_51191</RouteLinkRef>
        <Direction>inbound</Direction>
        <RunTime>PT300S</RunTime>
      </JourneyPatternTimingLink>
    </JourneyPatternSection>
    <JourneyPatternSection id="JPS_AGDO138-7">
      <JourneyPatternTimingLink id="JPS_AGDO138-7_51193">
        <From>
          <StopPointRef>6490IM103</StopPointRef>
          <TimingStatus>PTP</TimingStatus>
        </From>
        <To>
          <StopPointRef>6490IM1746</StopPointRef>
          <TimingStatus>OTH</TimingStatus>
        </To>
        <RouteLinkRef>AGDO138_003_51193</RouteLinkRef>
        <Direction>outbound</Direction>
        <RunTime>PT60S</RunTime>
      </JourneyPatternTimingLink>
      <JourneyPatternTimingLink id="JPS_AGDO138-7_51194">
        <From>
          <StopPointRef>6490IM1746</StopPointRef>
          <TimingStatus>OTH</TimingStatus>
        </From>
        <To>
          <StopPointRef>649018126</StopPointRef>
          <TimingStatus>PTP</TimingStatus>
        </To>
        <RouteLinkRef>AGDO138_003_51194</RouteLinkRef>
        <Direction>outbound</Direction>
        <RunTime>PT120S</RunTime>
      </JourneyPatternTimingLink>
      <JourneyPatternTimingLink id="JPS_AGDO138-7_51195">
        <From>
          <StopPointRef>649018126</StopPointRef>
          <TimingStatus>PTP</TimingStatus>
        </From>
        <To>
          <StopPointRef>6490IM100</StopPointRef>
          <TimingStatus>OTH</TimingStatus>
        </To>
        <RouteLinkRef>AGDO138_003_51195</RouteLinkRef>
        <Direction>outbound</Direction>
        <RunTime>PT240S</RunTime>
      </JourneyPatternTimingLink>
      <JourneyPatternTimingLink id="JPS_AGDO138-7_51196">
        <From>
          <StopPointRef>6490IM100</StopPointRef>
          <TimingStatus>OTH</TimingStatus>
        </From>
        <To>
          <StopPointRef>6490IM1123</StopPointRef>
          <TimingStatus>PTP</TimingStatus>
        </To>
        <RouteLinkRef>AGDO138_003_51196</RouteLinkRef>
        <Direction>outbound</Direction>
        <RunTime>PT240S</RunTime>
      </JourneyPatternTimingLink>
      <JourneyPatternTimingLink id="JPS_AGDO138-7_51197">
        <From>
          <StopPointRef>6490IM1123</StopPointRef>
          <TimingStatus>PTP</TimingStatus>
        </From>
        <To>
          <StopPointRef>6490IM1747</StopPointRef>
          <TimingStatus>OTH</TimingStatus>
        </To>
        <RouteLinkRef>AGDO138_003_51197</RouteLinkRef>
        <Direction>outbound</Direction>
        <RunTime>PT540S</RunTime>
      </JourneyPatternTimingLink>
      <JourneyPatternTimingLink id="JPS_AGDO138-7_51198">
        <From>
          <StopPointRef>6490IM1747</StopPointRef>
          <TimingStatus>OTH</TimingStatus>
        </From>
        <To>
          <StopPointRef>6490IM2210</StopPointRef>
          <TimingStatus>PTP</TimingStatus>
        </To>
        <RouteLinkRef>AGDO138_003_51198</RouteLinkRef>
        <Direction>outbound</Direction>
        <RunTime>PT120S</RunTime>
      </JourneyPatternTimingLink>
      <JourneyPatternTimingLink id="JPS_AGDO138-7_51199">
        <From>
          <StopPointRef>6490IM2210</StopPointRef>
          <TimingStatus>PTP</TimingStatus>
        </From>
        <To>
          <StopPointRef>6490IM1078</StopPointRef>
          <TimingStatus>OTH</TimingStatus>
        </To>
        <RouteLinkRef>AGDO138_003_51199</RouteLinkRef>
        <Direction>outbound</Direction>
        <RunTime>PT60S</RunTime>
      </JourneyPatternTimingLink>
      <JourneyPatternTimingLink id="JPS_AGDO138-7_51200">
        <From>
          <StopPointRef>6490IM1078</StopPointRef>
          <TimingStatus>OTH</TimingStatus>
        </From>
        <To>
          <StopPointRef>6490IM098</StopPointRef>
          <TimingStatus>PTP</TimingStatus>
        </To>
        <RouteLinkRef>AGDO138_003_51200</RouteLinkRef>
        <Direction>outbound</Direction>
        <RunTime>PT120S</RunTime>
      </JourneyPatternTimingLink>
      <JourneyPatternTimingLink id="JPS_AGDO138-7_51201">
        <From>
          <StopPointRef>6490IM098</StopPointRef>
          <TimingStatus>PTP</TimingStatus>
        </From>
        <To>
          <StopPointRef>6400S01</StopPointRef>
          <TimingStatus>PTP</TimingStatus>
        </To>
        <RouteLinkRef>AGDO138_003_51201</RouteLinkRef>
        <Direction>outbound</Direction>
        <RunTime>PT240S</RunTime>
      </JourneyPatternTimingLink>
    </JourneyPatternSection>
    <JourneyPatternSection id="JPS_AGDO138-8">
      <JourneyPatternTimingLink id="JPS_AGDO138-8_51203">
        <From>
          <StopPointRef>6490IM103</StopPointRef>
          <TimingStatus>PTP</TimingStatus>
        </From>
        <To>
          <StopPointRef>6490IM1746</StopPointRef>
          <TimingStatus>OTH</TimingStatus>
        </To>
        <RouteLinkRef>AGDO138_004_51203</RouteLinkRef>
        <Direction>outbound</Direction>
        <RunTime>PT60S</RunTime>
      </JourneyPatternTimingLink>
      <JourneyPatternTimingLink id="JPS_AGDO138-8_51204">
        <From>
          <StopPointRef>6490IM1746</StopPointRef>
          <TimingStatus>OTH</TimingStatus>
        </From>
        <To>
          <StopPointRef>649018126</StopPointRef>
          <TimingStatus>PTP</TimingStatus>
        </To>
        <RouteLinkRef>AGDO138_004_51204</RouteLinkRef>
        <Direction>outbound</Direction>
        <RunTime>PT120S</RunTime>
      </JourneyPatternTimingLink>
      <JourneyPatternTimingLink id="JPS_AGDO138-8_51205">
        <From>
          <StopPointRef>649018126</StopPointRef>
          <TimingStatus>PTP</TimingStatus>
        </From>
        <To>
          <StopPointRef>6490IM100</StopPointRef>
          <TimingStatus>OTH</TimingStatus>
        </To>
        <RouteLinkRef>AGDO138_004_51205</RouteLinkRef>
        <Direction>outbound</Direction>
        <RunTime>PT240S</RunTime>
      </JourneyPatternTimingLink>
      <JourneyPatternTimingLink id="JPS_AGDO138-8_51206">
        <From>
          <StopPointRef>6490IM100</StopPointRef>
          <TimingStatus>OTH</TimingStatus>
        </From>
        <To>
          <StopPointRef>6490IM1123</StopPointRef>
          <TimingStatus>PTP</TimingStatus>
        </To>
        <RouteLinkRef>AGDO138_004_51206</RouteLinkRef>
        <Direction>outbound</Direction>
        <RunTime>PT240S</RunTime>
      </JourneyPatternTimingLink>
      <JourneyPatternTimingLink id="JPS_AGDO138-8_51207">
        <From>
          <StopPointRef>6490IM1123</StopPointRef>
          <TimingStatus>PTP</TimingStatus>
        </From>
        <To>
          <StopPointRef>6490IM1747</StopPointRef>
          <TimingStatus>OTH</TimingStatus>
        </To>
        <RouteLinkRef>AGDO138_004_51207</RouteLinkRef>
        <Direction>outbound</Direction>
        <RunTime>PT540S</RunTime>
      </JourneyPatternTimingLink>
      <JourneyPatternTimingLink id="JPS_AGDO138-8_51208">
        <From>
          <StopPointRef>6490IM1747</StopPointRef>
          <TimingStatus>OTH</TimingStatus>
        </From>
        <To>
          <StopPointRef>6490IM2210</StopPointRef>
          <TimingStatus>PTP</TimingStatus>
        </To>
        <RouteLinkRef>AGDO138_004_51208</RouteLinkRef>
        <Direction>outbound</Direction>
        <RunTime>PT120S</RunTime>
      </JourneyPatternTimingLink>
      <JourneyPatternTimingLink id="JPS_AGDO138-8_51209">
        <From>
          <StopPointRef>6490IM2210</StopPointRef>
          <TimingStatus>PTP</TimingStatus>
        </From>
        <To>
          <StopPointRef>6490IM1078</StopPointRef>
          <TimingStatus>OTH</TimingStatus>
        </To>
        <RouteLinkRef>AGDO138_004_51209</RouteLinkRef>
        <Direction>outbound</Direction>
        <RunTime>PT60S</RunTime>
      </JourneyPatternTimingLink>
      <JourneyPatternTimingLink id="JPS_AGDO138-8_51210">
        <From>
          <StopPointRef>6490IM1078</StopPointRef>
          <TimingStatus>OTH</TimingStatus>
        </From>
        <To>
          <StopPointRef>6490IM098</StopPointRef>
          <TimingStatus>PTP</TimingStatus>
        </To>
        <RouteLinkRef>AGDO138_004_51210</RouteLinkRef>
        <Direction>outbound</Direction>
        <RunTime>PT120S</RunTime>
      </JourneyPatternTimingLink>
      <JourneyPatternTimingLink id="JPS_AGDO138-8_51211">
        <From>
          <StopPointRef>6490IM098</StopPointRef>
          <TimingStatus>PTP</TimingStatus>
        </From>
        <To>
          <StopPointRef>6400S01</StopPointRef>
          <TimingStatus>PTP</TimingStatus>
        </To>
        <RouteLinkRef>AGDO138_004_51211</RouteLinkRef>
        <Direction>outbound</Direction>
        <RunTime>PT240S</RunTime>
      </JourneyPatternTimingLink>
      <JourneyPatternTimingLink id="JPS_AGDO138-8_51212">
        <From>
          <StopPointRef>6400S01</StopPointRef>
          <TimingStatus>PTP</TimingStatus>
        </From>
        <To>
          <StopPointRef>6400PT1650</StopPointRef>
          <TimingStatus>OTH</TimingStatus>
        </To>
        <RouteLinkRef>AGDO138_004_51212</RouteLinkRef>
        <Direction>outbound</Direction>
        <RunTime>PT60S</RunTime>
      </JourneyPatternTimingLink>
      <JourneyPatternTimingLink id="JPS_AGDO138-8_51213">
        <From>
          <StopPointRef>6400PT1650</StopPointRef>
          <TimingStatus>OTH</TimingStatus>
        </From>
        <To>
          <StopPointRef>6400PT1872</StopPointRef>
          <TimingStatus>OTH</TimingStatus>
        </To>
        <RouteLinkRef>AGDO138_004_51213</RouteLinkRef>
        <Direction>outbound</Direction>
        <RunTime>PT0S</RunTime>
      </JourneyPatternTimingLink>
      <JourneyPatternTimingLink id="JPS_AGDO138-8_51214">
        <From>
          <StopPointRef>6400PT1872</StopPointRef>
          <TimingStatus>OTH</TimingStatus>
        </From>
        <To>
          <StopPointRef>6400PT1873</StopPointRef>
          <TimingStatus>OTH</TimingStatus>
        </To>
        <RouteLinkRef>AGDO138_004_51214</RouteLinkRef>
        <Direction>outbound</Direction>
        <RunTime>PT60S</RunTime>
      </JourneyPatternTimingLink>
      <JourneyPatternTimingLink id="JPS_AGDO138-8_51215">
        <From>
          <StopPointRef>6400PT1873</StopPointRef>
          <TimingStatus>OTH</TimingStatus>
        </From>
        <To>
          <StopPointRef>6400PT1202</StopPointRef>
          <TimingStatus>OTH</TimingStatus>
        </To>
        <RouteLinkRef>AGDO138_004_51215</RouteLinkRef>
        <Direction>outbound</Direction>
        <RunTime>PT60S</RunTime>
      </JourneyPatternTimingLink>
      <JourneyPatternTimingLink id="JPS_AGDO138-8_51216">
        <From>
          <StopPointRef>6400PT1202</StopPointRef>
          <TimingStatus>OTH</TimingStatus>
        </From>
        <To>
          <StopPointRef>6400S49</StopPointRef>
          <TimingStatus>PTP</TimingStatus>
        </To>
        <RouteLinkRef>AGDO138_004_51216</RouteLinkRef>
        <Direction>outbound</Direction>
        <RunTime>PT60S</RunTime>
      </JourneyPatternTimingLink>
      <JourneyPatternTimingLink id="JPS_AGDO138-8_51217">
        <From>
          <StopPointRef>6400S49</StopPointRef>
          <TimingStatus>PTP</TimingStatus>
        </From>
        <To>
          <StopPointRef>6400PT1272</StopPointRef>
          <TimingStatus>OTH</TimingStatus>
        </To>
        <RouteLinkRef>AGDO138_004_51217</RouteLinkRef>
        <Direction>outbound</Direction>
        <RunTime>PT0S</RunTime>
      </JourneyPatternTimingLink>
      <JourneyPatternTimingLink id="JPS_AGDO138-8_51218">
        <From>
          <StopPointRef>6400PT1272</StopPointRef>
          <TimingStatus>OTH</TimingStatus>
        </From>
        <To>
          <StopPointRef>6400S53</StopPointRef>
          <TimingStatus>OTH</TimingStatus>
        </To>
        <RouteLinkRef>AGDO138_004_51218</RouteLinkRef>
        <Direction>outbound</Direction>
        <RunTime>PT0S</RunTime>
      </JourneyPatternTimingLink>
      <JourneyPatternTimingLink id="JPS_AGDO138-8_51219">
        <From>
          <StopPointRef>6400S53</StopPointRef>
          <TimingStatus>OTH</TimingStatus>
        </From>
        <To>
          <StopPointRef>6400S54</StopPointRef>
          <TimingStatus>OTH</TimingStatus>
        </To>
        <RouteLinkRef>AGDO138_004_51219</RouteLinkRef>
        <Direction>outbound</Direction>
        <RunTime>PT60S</RunTime>
      </JourneyPatternTimingLink>
      <JourneyPatternTimingLink id="JPS_AGDO138-8_51220">
        <From>
          <StopPointRef>6400S54</StopPointRef>
          <TimingStatus>OTH</TimingStatus>
        </From>
        <To>
          <StopPointRef>6400A102</StopPointRef>
          <TimingStatus>PTP</TimingStatus>
        </To>
        <RouteLinkRef>AGDO138_004_51220</RouteLinkRef>
        <Direction>outbound</Direction>
        <RunTime>PT60S</RunTime>
      </JourneyPatternTimingLink>
      <JourneyPatternTimingLink id="JPS_AGDO138-8_51221">
        <From>
          <StopPointRef>6400A102</StopPointRef>
          <TimingStatus>PTP</TimingStatus>
        </From>
        <To>
          <StopPointRef>6400PT1390</StopPointRef>
          <TimingStatus>OTH</TimingStatus>
        </To>
        <RouteLinkRef>AGDO138_004_51221</RouteLinkRef>
        <Direction>outbound</Direction>
        <RunTime>PT0S</RunTime>
      </JourneyPatternTimingLink>
      <JourneyPatternTimingLink id="JPS_AGDO138-8_51222">
        <From>
          <StopPointRef>6400PT1390</StopPointRef>
          <TimingStatus>OTH</TimingStatus>
        </From>
        <To>
          <StopPointRef>6400PT1396</StopPointRef>
          <TimingStatus>OTH</TimingStatus>
        </To>
        <RouteLinkRef>AGDO138_004_51222</RouteLinkRef>
        <Direction>outbound</Direction>
        <RunTime>PT60S</RunTime>
      </JourneyPatternTimingLink>
      <JourneyPatternTimingLink id="JPS_AGDO138-8_51223">
        <From>
          <StopPointRef>6400PT1396</StopPointRef>
          <TimingStatus>OTH</TimingStatus>
        </From>
        <To>
          <StopPointRef>6400PT1388</StopPointRef>
          <TimingStatus>OTH</TimingStatus>
        </To>
        <RouteLinkRef>AGDO138_004_51223</RouteLinkRef>
        <Direction>outbound</Direction>
        <RunTime>PT0S</RunTime>
      </JourneyPatternTimingLink>
      <JourneyPatternTimingLink id="JPS_AGDO138-8_51224">
        <From>
          <StopPointRef>6400PT1388</StopPointRef>
          <TimingStatus>OTH</TimingStatus>
        </From>
        <To>
          <StopPointRef>6400S55</StopPointRef>
          <TimingStatus>OTH</TimingStatus>
        </To>
        <RouteLinkRef>AGDO138_004_51224</RouteLinkRef>
        <Direction>outbound</Direction>
        <RunTime>PT60S</RunTime>
      </JourneyPatternTimingLink>
      <JourneyPatternTimingLink id="JPS_AGDO138-8_51225">
        <From>
          <StopPointRef>6400S55</StopPointRef>
          <TimingStatus>OTH</TimingStatus>
        </From>
        <To>
          <StopPointRef>6400PT1807</StopPointRef>
          <TimingStatus>OTH</TimingStatus>
        </To>
        <RouteLinkRef>AGDO138_004_51225</RouteLinkRef>
        <Direction>outbound</Direction>
        <RunTime>PT60S</RunTime>
      </JourneyPatternTimingLink>
      <JourneyPatternTimingLink id="JPS_AGDO138-8_51226">
        <From>
          <StopPointRef>6400PT1807</StopPointRef>
          <TimingStatus>OTH</TimingStatus>
        </From>
        <To>
          <StopPointRef>6400PT1196</StopPointRef>
          <TimingStatus>OTH</TimingStatus>
        </To>
        <RouteLinkRef>AGDO138_004_51226</RouteLinkRef>
        <Direction>outbound</Direction>
        <RunTime>PT60S</RunTime>
      </JourneyPatternTimingLink>
      <JourneyPatternTimingLink id="JPS_AGDO138-8_51227">
        <From>
          <StopPointRef>6400PT1196</StopPointRef>
          <TimingStatus>OTH</TimingStatus>
        </From>
        <To>
          <StopPointRef>6400PT1785</StopPointRef>
          <TimingStatus>OTH</TimingStatus>
        </To>
        <RouteLinkRef>AGDO138_004_51227</RouteLinkRef>
        <Direction>outbound</Direction>
        <RunTime>PT60S</RunTime>
      </JourneyPatternTimingLink>
      <JourneyPatternTimingLink id="JPS_AGDO138-8_51228">
        <From>
          <StopPointRef>6400PT1785</StopPointRef>
          <TimingStatus>OTH</TimingStatus>
        </From>
        <To>
          <StopPointRef>6400PT1679</StopPointRef>
          <TimingStatus>OTH</TimingStatus>
        </To>
        <RouteLinkRef>AGDO138_004_51228</RouteLinkRef>
        <Direction>outbound</Direction>
        <RunTime>PT60S</RunTime>
      </JourneyPatternTimingLink>
      <JourneyPatternTimingLink id="JPS_AGDO138-8_51229">
        <From>
          <StopPointRef>6400PT1679</StopPointRef>
          <TimingStatus>OTH</TimingStatus>
        </From>
        <To>
          <StopPointRef>6400PT1734</StopPointRef>
          <TimingStatus>OTH</TimingStatus>
        </To>
        <RouteLinkRef>AGDO138_004_51229</RouteLinkRef>
        <Direction>outbound</Direction>
        <RunTime>PT60S</RunTime>
      </JourneyPatternTimingLink>
      <JourneyPatternTimingLink id="JPS_AGDO138-8_51230">
        <From>
          <StopPointRef>6400PT1734</StopPointRef>
          <TimingStatus>OTH</TimingStatus>
        </From>
        <To>
          <StopPointRef>6400PT1662</StopPointRef>
          <TimingStatus>OTH</TimingStatus>
        </To>
        <RouteLinkRef>AGDO138_004_51230</RouteLinkRef>
        <Direction>outbound</Direction>
        <RunTime>PT120S</RunTime>
      </JourneyPatternTimingLink>
      <JourneyPatternTimingLink id="JPS_AGDO138-8_51231">
        <From>
          <StopPointRef>6400PT1662</StopPointRef>
          <TimingStatus>OTH</TimingStatus>
        </From>
        <To>
          <StopPointRef>6400PT1691</StopPointRef>
          <TimingStatus>OTH</TimingStatus>
        </To>
        <RouteLinkRef>AGDO138_004_51231</RouteLinkRef>
        <Direction>outbound</Direction>
        <RunTime>PT60S</RunTime>
      </JourneyPatternTimingLink>
      <JourneyPatternTimingLink id="JPS_AGDO138-8_51232">
        <From>
          <StopPointRef>6400PT1691</StopPointRef>
          <TimingStatus>OTH</TimingStatus>
        </From>
        <To>
          <StopPointRef>6400S520</StopPointRef>
          <TimingStatus>OTH</TimingStatus>
        </To>
        <RouteLinkRef>AGDO138_004_51232</RouteLinkRef>
        <Direction>outbound</Direction>
        <RunTime>PT120S</RunTime>
      </JourneyPatternTimingLink>
      <JourneyPatternTimingLink id="JPS_AGDO138-8_51233">
        <From>
          <StopPointRef>6400S520</StopPointRef>
          <TimingStatus>OTH</TimingStatus>
        </From>
        <To>
          <StopPointRef>6400A55</StopPointRef>
          <TimingStatus>PTP</TimingStatus>
        </To>
        <RouteLinkRef>AGDO138_004_51233</RouteLinkRef>
        <Direction>outbound</Direction>
        <RunTime>PT60S</RunTime>
      </JourneyPatternTimingLink>
    </JourneyPatternSection>
  </JourneyPatternSections>
  <Operators>
    <Operator id="TRD">
      <NationalOperatorCode>TRDU</NationalOperatorCode>
      <OperatorCode>TRD</OperatorCode>
      <OperatorShortName>Xplore Dundee</OperatorShortName>
    </Operator>
  </Operators>
  <Services>
    <Service>
      <ServiceCode>AGDO138</ServiceCode>
      <Lines>
        <Line id="0">
          <LineName>138</LineName>
        </Line>
      </Lines>
      <OperatingPeriod>
        <StartDate>2017-06-05</StartDate>
        <EndDate>2049-12-31</EndDate>
      </OperatingPeriod>
      <RegisteredOperatorRef>TRD</RegisteredOperatorRef>
      <StopRequirements>
        <NoNewStopsRequired />
      </StopRequirements>
      <Mode>bus</Mode>
      <Description>Kirkton of Auchterhouse - Dundee</Description>
      <StandardService>
        <Origin>Kirkton of Auchterhouse</Origin>
        <Destination>Dundee</Destination>
        <JourneyPattern id="JPS_AGDO138-5">
          <Direction>inbound</Direction>
          <JourneyPatternSectionRefs>JPS_AGDO138-5</JourneyPatternSectionRefs>
        </JourneyPattern>
        <JourneyPattern id="JPS_AGDO138-6">
          <Direction>inbound</Direction>
          <JourneyPatternSectionRefs>JPS_AGDO138-6</JourneyPatternSectionRefs>
        </JourneyPattern>
        <JourneyPattern id="JPS_AGDO138-7">
          <Direction>outbound</Direction>
          <JourneyPatternSectionRefs>JPS_AGDO138-7</JourneyPatternSectionRefs>
        </JourneyPattern>
        <JourneyPattern id="JPS_AGDO138-8">
          <Direction>outbound</Direction>
          <JourneyPatternSectionRefs>JPS_AGDO138-8</JourneyPatternSectionRefs>
        </JourneyPattern>
      </StandardService>
    </Service>
  </Services>
  <VehicleJourneys>
    <VehicleJourney>
      <OperatorRef>TRD</OperatorRef>
      <OperatingProfile>
        <RegularDayType>
          <DaysOfWeek>
            <Monday />
            <Tuesday />
            <Wednesday />
            <Thursday />
            <Friday />
          </DaysOfWeek>
        </RegularDayType>
      </OperatingProfile>
      <VehicleJourneyCode>14119</VehicleJourneyCode>
      <ServiceRef>AGDO138</ServiceRef>
      <LineRef>0</LineRef>
      <JourneyPatternRef>JPS_AGDO138-5</JourneyPatternRef>
      <DepartureTime>07:10:00</DepartureTime>
    </VehicleJourney>
    <VehicleJourney>
      <OperatorRef>TRD</OperatorRef>
      <OperatingProfile>
        <RegularDayType>
          <DaysOfWeek>
            <Monday />
            <Tuesday />
            <Wednesday />
            <Thursday />
            <Friday />
          </DaysOfWeek>
        </RegularDayType>
      </OperatingProfile>
      <VehicleJourneyCode>14120</VehicleJourneyCode>
      <ServiceRef>AGDO138</ServiceRef>
      <LineRef>0</LineRef>
      <JourneyPatternRef>JPS_AGDO138-6</JourneyPatternRef>
      <DepartureTime>09:40:00</DepartureTime>
    </VehicleJourney>
    <VehicleJourney>
      <OperatorRef>TRD</OperatorRef>
      <OperatingProfile>
        <RegularDayType>
          <DaysOfWeek>
            <Monday />
            <Tuesday />
            <Wednesday />
            <Thursday />
            <Friday />
          </DaysOfWeek>
        </RegularDayType>
      </OperatingProfile>
      <VehicleJourneyCode>14121</VehicleJourneyCode>
      <ServiceRef>AGDO138</ServiceRef>
      <LineRef>0</LineRef>
      <JourneyPatternRef>JPS_AGDO138-6</JourneyPatternRef>
      <DepartureTime>13:35:00</DepartureTime>
    </VehicleJourney>
    <VehicleJourney>
      <OperatorRef>TRD</OperatorRef>
      <OperatingProfile>
        <RegularDayType>
          <DaysOfWeek>
            <Monday />
            <Tuesday />
            <Wednesday />
            <Thursday />
            <Friday />
          </DaysOfWeek>
        </RegularDayType>
      </OperatingProfile>
      <VehicleJourneyCode>14122</VehicleJourneyCode>
      <ServiceRef>AGDO138</ServiceRef>
      <LineRef>0</LineRef>
      <JourneyPatternRef>JPS_AGDO138-6</JourneyPatternRef>
      <DepartureTime>15:55:00</DepartureTime>
    </VehicleJourney>
    <VehicleJourney>
      <OperatorRef>TRD</OperatorRef>
      <OperatingProfile>
        <RegularDayType>
          <DaysOfWeek>
            <Monday />
            <Tuesday />
            <Wednesday />
            <Thursday />
            <Friday />
          </DaysOfWeek>
        </RegularDayType>
      </OperatingProfile>
      <VehicleJourneyCode>14123</VehicleJourneyCode>
      <ServiceRef>AGDO138</ServiceRef>
      <LineRef>0</LineRef>
      <JourneyPatternRef>JPS_AGDO138-6</JourneyPatternRef>
      <DepartureTime>17:20:00</DepartureTime>
    </VehicleJourney>
    <VehicleJourney>
      <OperatorRef>TRD</OperatorRef>
      <OperatingProfile>
        <RegularDayType>
          <DaysOfWeek>
            <Saturday />
          </DaysOfWeek>
        </RegularDayType>
      </OperatingProfile>
      <VehicleJourneyCode>14124</VehicleJourneyCode>
      <ServiceRef>AGDO138</ServiceRef>
      <LineRef>0</LineRef>
      <JourneyPatternRef>JPS_AGDO138-6</JourneyPatternRef>
      <DepartureTime>09:55:00</DepartureTime>
    </VehicleJourney>
    <VehicleJourney>
      <OperatorRef>TRD</OperatorRef>
      <OperatingProfile>
        <RegularDayType>
          <DaysOfWeek>
            <Saturday />
          </DaysOfWeek>
        </RegularDayType>
      </OperatingProfile>
      <VehicleJourneyCode>14125</VehicleJourneyCode>
      <ServiceRef>AGDO138</ServiceRef>
      <LineRef>0</LineRef>
      <JourneyPatternRef>JPS_AGDO138-6</JourneyPatternRef>
      <DepartureTime>13:35:00</DepartureTime>
    </VehicleJourney>
    <VehicleJourney>
      <OperatorRef>TRD</OperatorRef>
      <OperatingProfile>
        <RegularDayType>
          <DaysOfWeek>
            <Saturday />
          </DaysOfWeek>
        </RegularDayType>
      </OperatingProfile>
      <VehicleJourneyCode>14126</VehicleJourneyCode>
      <ServiceRef>AGDO138</ServiceRef>
      <LineRef>0</LineRef>
      <JourneyPatternRef>JPS_AGDO138-6</JourneyPatternRef>
      <DepartureTime>15:55:00</DepartureTime>
    </VehicleJourney>
    <VehicleJourney>
      <OperatorRef>TRD</OperatorRef>
      <OperatingProfile>
        <RegularDayType>
          <DaysOfWeek>
            <Saturday />
          </DaysOfWeek>
        </RegularDayType>
      </OperatingProfile>
      <VehicleJourneyCode>14127</VehicleJourneyCode>
      <ServiceRef>AGDO138</ServiceRef>
      <LineRef>0</LineRef>
      <JourneyPatternRef>JPS_AGDO138-6</JourneyPatternRef>
      <DepartureTime>17:20:00</DepartureTime>
    </VehicleJourney>
    <VehicleJourney>
      <OperatorRef>TRD</OperatorRef>
      <OperatingProfile>
        <RegularDayType>
          <DaysOfWeek>
            <Monday />
            <Tuesday />
            <Wednesday />
            <Thursday />
            <Friday />
          </DaysOfWeek>
        </RegularDayType>
      </OperatingProfile>
      <VehicleJourneyCode>14128</VehicleJourneyCode>
      <ServiceRef>AGDO138</ServiceRef>
      <LineRef>0</LineRef>
      <JourneyPatternRef>JPS_AGDO138-7</JourneyPatternRef>
      <DepartureTime>07:29:00</DepartureTime>
    </VehicleJourney>
    <VehicleJourney>
      <OperatorRef>TRD</OperatorRef>
      <OperatingProfile>
        <RegularDayType>
          <DaysOfWeek>
            <Monday />
            <Tuesday />
            <Wednesday />
            <Thursday />
            <Friday />
          </DaysOfWeek>
        </RegularDayType>
      </OperatingProfile>
      <VehicleJourneyCode>14129</VehicleJourneyCode>
      <ServiceRef>AGDO138</ServiceRef>
      <LineRef>0</LineRef>
      <JourneyPatternRef>JPS_AGDO138-8</JourneyPatternRef>
      <DepartureTime>10:16:00</DepartureTime>
    </VehicleJourney>
    <VehicleJourney>
      <OperatorRef>TRD</OperatorRef>
      <OperatingProfile>
        <RegularDayType>
          <DaysOfWeek>
            <Monday />
            <Tuesday />
            <Wednesday />
            <Thursday />
            <Friday />
          </DaysOfWeek>
        </RegularDayType>
      </OperatingProfile>
      <VehicleJourneyCode>14130</VehicleJourneyCode>
      <ServiceRef>AGDO138</ServiceRef>
      <LineRef>0</LineRef>
      <JourneyPatternRef>JPS_AGDO138-8</JourneyPatternRef>
      <DepartureTime>14:11:00</DepartureTime>
    </VehicleJourney>
    <VehicleJourney>
      <OperatorRef>TRD</OperatorRef>
      <OperatingProfile>
        <RegularDayType>
          <DaysOfWeek>
            <Monday />
            <Tuesday />
            <Wednesday />
            <Thursday />
            <Friday />
          </DaysOfWeek>
        </RegularDayType>
      </OperatingProfile>
      <VehicleJourneyCode>14131</VehicleJourneyCode>
      <ServiceRef>AGDO138</ServiceRef>
      <LineRef>0</LineRef>
      <JourneyPatternRef>JPS_AGDO138-8</JourneyPatternRef>
      <DepartureTime>16:31:00</DepartureTime>
    </VehicleJourney>
    <VehicleJourney>
      <OperatorRef>TRD</OperatorRef>
      <OperatingProfile>
        <RegularDayType>
          <DaysOfWeek>
            <Monday />
            <Tuesday />
            <Wednesday />
            <Thursday />
            <Friday />
          </DaysOfWeek>
        </RegularDayType>
      </OperatingProfile>
      <VehicleJourneyCode>14132</VehicleJourneyCode>
      <ServiceRef>AGDO138</ServiceRef>
      <LineRef>0</LineRef>
      <JourneyPatternRef>JPS_AGDO138-8</JourneyPatternRef>
      <DepartureTime>17:56:00</DepartureTime>
    </VehicleJourney>
    <VehicleJourney>
      <OperatorRef>TRD</OperatorRef>
      <OperatingProfile>
        <RegularDayType>
          <DaysOfWeek>
            <Saturday />
          </DaysOfWeek>
        </RegularDayType>
      </OperatingProfile>
      <VehicleJourneyCode>14133</VehicleJourneyCode>
      <ServiceRef>AGDO138</ServiceRef>
      <LineRef>0</LineRef>
      <JourneyPatternRef>JPS_AGDO138-8</JourneyPatternRef>
      <DepartureTime>10:31:00</DepartureTime>
    </VehicleJourney>
    <VehicleJourney>
      <OperatorRef>TRD</OperatorRef>
      <OperatingProfile>
        <RegularDayType>
          <DaysOfWeek>
            <Saturday />
          </DaysOfWeek>
        </RegularDayType>
      </OperatingProfile>
      <VehicleJourneyCode>14134</VehicleJourneyCode>
      <ServiceRef>AGDO138</ServiceRef>
      <LineRef>0</LineRef>
      <JourneyPatternRef>JPS_AGDO138-8</JourneyPatternRef>
      <DepartureTime>14:11:00</DepartureTime>
    </VehicleJourney>
    <VehicleJourney>
      <OperatorRef>TRD</OperatorRef>
      <OperatingProfile>
        <RegularDayType>
          <DaysOfWeek>
            <Saturday />
          </DaysOfWeek>
        </RegularDayType>
      </OperatingProfile>
      <VehicleJourneyCode>14135</VehicleJourneyCode>
      <ServiceRef>AGDO138</ServiceRef>
      <LineRef>0</LineRef>
      <JourneyPatternRef>JPS_AGDO138-8</JourneyPatternRef>
      <DepartureTime>16:31:00</DepartureTime>
    </VehicleJourney>
    <VehicleJourney>
      <OperatorRef>TRD</OperatorRef>
      <OperatingProfile>
        <RegularDayType>
          <DaysOfWeek>
            <Saturday />
          </DaysOfWeek>
        </RegularDayType>
      </OperatingProfile>
      <VehicleJourneyCode>14136</VehicleJourneyCode>
      <ServiceRef>AGDO138</ServiceRef>
      <LineRef>0</LineRef>
      <JourneyPatternRef>JPS_AGDO138-8</JourneyPatternRef>
      <DepartureTime>17:56:00</DepartureTime>
    </VehicleJourney>
  </VehicleJourneys>
</TransXChange>