<?xml version="1.0" encoding="utf-8"?>
<TransXChange xmlns:xsi="http://www.w3.org/2001/XMLSchema-instance" xmlns:xsd="http://www.w3.org/2001/XMLSchema" xsi:schemaLocation="http://www.transxchange.org.uk/ http://www.transxchange.org.uk/schema/2.1/TransXChange_general.xsd" CreationDateTime="2019-10-07T13:20:00-00:00" ModificationDateTime="2019-10-07T13:20:00-00:00" Modification="new" RevisionNumber="0" FileName="SVRAGBF015.xml" SchemaVersion="2.1" RegistrationDocument="false" xmlns="http://www.transxchange.org.uk/">
  <ServicedOrganisations>
    <ServicedOrganisation>
      <OrganisationCode>161</OrganisationCode>
      <Name>
QE0 : BUS.CIF
</Name>
      <WorkingDays>
        <DateRange>
          <StartDate>2019-10-05</StartDate>
          <EndDate>2019-10-20</EndDate>
        </DateRange>
        <DateRange>
          <StartDate>2019-12-04</StartDate>
          <EndDate>2019-12-08</EndDate>
        </DateRange>
        <DateRange>
          <StartDate>2019-12-21</StartDate>
          <EndDate>2020-01-05</EndDate>
        </DateRange>
        <DateRange>
          <StartDate>2020-02-13</StartDate>
          <EndDate>2020-02-17</EndDate>
        </DateRange>
        <DateRange>
          <StartDate>2020-04-04</StartDate>
          <EndDate>2020-04-19</EndDate>
        </DateRange>
        <DateRange>
          <StartDate>2020-05-02</StartDate>
          <EndDate>2020-05-04</EndDate>
        </DateRange>
        <DateRange>
          <StartDate>2020-05-23</StartDate>
          <EndDate>2020-05-25</EndDate>
        </DateRange>
        <DateRange>
          <StartDate>2020-06-27</StartDate>
          <EndDate>2099-12-31</EndDate>
        </DateRange>
      </WorkingDays>
    </ServicedOrganisation>
  </ServicedOrganisations>
  <StopPoints>
    <AnnotatedStopPointRef>
      <StopPointRef>6490IM1865</StopPointRef>
      <CommonName>Upper Tulloes Road End</CommonName>
    </AnnotatedStopPointRef>
    <AnnotatedStopPointRef>
      <StopPointRef>6490IM632</StopPointRef>
      <CommonName>Lour Road End</CommonName>
    </AnnotatedStopPointRef>
    <AnnotatedStopPointRef>
      <StopPointRef>6490IM401</StopPointRef>
      <CommonName>The Shieling</CommonName>
    </AnnotatedStopPointRef>
    <AnnotatedStopPointRef>
      <StopPointRef>6490IM440</StopPointRef>
      <CommonName>Kirkgait</CommonName>
    </AnnotatedStopPointRef>
    <AnnotatedStopPointRef>
      <StopPointRef>6490IM1224</StopPointRef>
      <CommonName>Dundee Street</CommonName>
    </AnnotatedStopPointRef>
    <AnnotatedStopPointRef>
      <StopPointRef>6490IM1222</StopPointRef>
      <CommonName>Nechtan Place</CommonName>
    </AnnotatedStopPointRef>
    <AnnotatedStopPointRef>
      <StopPointRef>6490IM409</StopPointRef>
      <CommonName>The Shieling</CommonName>
    </AnnotatedStopPointRef>
    <AnnotatedStopPointRef>
      <StopPointRef>6490IM444</StopPointRef>
      <CommonName>High Rigg</CommonName>
    </AnnotatedStopPointRef>
    <AnnotatedStopPointRef>
      <StopPointRef>6490IM391</StopPointRef>
      <CommonName>Ladenford Road End</CommonName>
    </AnnotatedStopPointRef>
    <AnnotatedStopPointRef>
      <StopPointRef>6490IM1220</StopPointRef>
      <CommonName>Lownie Road End</CommonName>
    </AnnotatedStopPointRef>
    <AnnotatedStopPointRef>
      <StopPointRef>6490IM1219</StopPointRef>
      <CommonName>Auchterforfar Road</CommonName>
    </AnnotatedStopPointRef>
    <AnnotatedStopPointRef>
      <StopPointRef>6490IM442</StopPointRef>
      <CommonName>Old School</CommonName>
    </AnnotatedStopPointRef>
    <AnnotatedStopPointRef>
      <StopPointRef>6490IM1217</StopPointRef>
      <CommonName>Kingston Road</CommonName>
    </AnnotatedStopPointRef>
    <AnnotatedStopPointRef>
      <StopPointRef>6490IM1215</StopPointRef>
      <CommonName>Welton Corner</CommonName>
    </AnnotatedStopPointRef>
    <AnnotatedStopPointRef>
      <StopPointRef>6490IM244</StopPointRef>
      <CommonName>Shop</CommonName>
    </AnnotatedStopPointRef>
    <AnnotatedStopPointRef>
      <StopPointRef>6490IM1289</StopPointRef>
      <CommonName>Nursery Street</CommonName>
    </AnnotatedStopPointRef>
    <AnnotatedStopPointRef>
      <StopPointRef>6490IM1233</StopPointRef>
      <CommonName>North Street Dairy</CommonName>
    </AnnotatedStopPointRef>
    <AnnotatedStopPointRef>
      <StopPointRef>6490IM790</StopPointRef>
      <CommonName>Service Road</CommonName>
    </AnnotatedStopPointRef>
    <AnnotatedStopPointRef>
      <StopPointRef>6490IM792</StopPointRef>
      <CommonName>John Street</CommonName>
    </AnnotatedStopPointRef>
    <AnnotatedStopPointRef>
      <StopPointRef>6490IM195</StopPointRef>
      <CommonName>Tesco Side Entrance</CommonName>
    </AnnotatedStopPointRef>
    <AnnotatedStopPointRef>
      <StopPointRef>6490IM238</StopPointRef>
      <CommonName>Community Campus</CommonName>
    </AnnotatedStopPointRef>
    <AnnotatedStopPointRef>
      <StopPointRef>6490IM194</StopPointRef>
      <CommonName>County Buildings</CommonName>
    </AnnotatedStopPointRef>
    <AnnotatedStopPointRef>
      <StopPointRef>6490IM772</StopPointRef>
      <CommonName>The Mart</CommonName>
    </AnnotatedStopPointRef>
    <AnnotatedStopPointRef>
      <StopPointRef>6490IM791</StopPointRef>
      <CommonName>Robert Street</CommonName>
    </AnnotatedStopPointRef>
    <AnnotatedStopPointRef>
      <StopPointRef>6490IM789</StopPointRef>
      <CommonName>North Street Dairy</CommonName>
    </AnnotatedStopPointRef>
    <AnnotatedStopPointRef>
      <StopPointRef>6490IM1290</StopPointRef>
      <CommonName>Nursery Street</CommonName>
    </AnnotatedStopPointRef>
    <AnnotatedStopPointRef>
      <StopPointRef>6490IM199</StopPointRef>
      <CommonName>Shop</CommonName>
    </AnnotatedStopPointRef>
    <AnnotatedStopPointRef>
      <StopPointRef>6490IM1214</StopPointRef>
      <CommonName>Welton Corner</CommonName>
    </AnnotatedStopPointRef>
    <AnnotatedStopPointRef>
      <StopPointRef>6490IM1216</StopPointRef>
      <CommonName>Kingston Road</CommonName>
    </AnnotatedStopPointRef>
    <AnnotatedStopPointRef>
      <StopPointRef>6490IM269</StopPointRef>
      <CommonName>Old School</CommonName>
    </AnnotatedStopPointRef>
    <AnnotatedStopPointRef>
      <StopPointRef>6490IM1218</StopPointRef>
      <CommonName>Auchterforfar Road</CommonName>
    </AnnotatedStopPointRef>
    <AnnotatedStopPointRef>
      <StopPointRef>6490IM1221</StopPointRef>
      <CommonName>Lownie Road End</CommonName>
    </AnnotatedStopPointRef>
    <AnnotatedStopPointRef>
      <StopPointRef>6490IM385</StopPointRef>
      <CommonName>Ladenford Road End</CommonName>
    </AnnotatedStopPointRef>
    <AnnotatedStopPointRef>
      <StopPointRef>6490IM225</StopPointRef>
      <CommonName>High Rigg</CommonName>
    </AnnotatedStopPointRef>
    <AnnotatedStopPointRef>
      <StopPointRef>6490IM1223</StopPointRef>
      <CommonName>Nechtan Place</CommonName>
    </AnnotatedStopPointRef>
    <AnnotatedStopPointRef>
      <StopPointRef>6490IM1225</StopPointRef>
      <CommonName>Dundee Street</CommonName>
    </AnnotatedStopPointRef>
    <AnnotatedStopPointRef>
      <StopPointRef>6490IM026</StopPointRef>
      <CommonName>Kirkgait</CommonName>
    </AnnotatedStopPointRef>
    <AnnotatedStopPointRef>
      <StopPointRef>6490IM148</StopPointRef>
      <CommonName>Lour Road End</CommonName>
    </AnnotatedStopPointRef>
    <AnnotatedStopPointRef>
      <StopPointRef>6490IM619</StopPointRef>
      <CommonName>Upper Tulloes Road End</CommonName>
    </AnnotatedStopPointRef>
  </StopPoints>
  <RouteSections>
    <RouteSection id="AGBF015_001">
      <RouteLink id="AGBF015_001_46410">
        <From>
          <StopPointRef>6490IM1865</StopPointRef>
        </From>
        <To>
          <StopPointRef>6490IM632</StopPointRef>
        </To>
        <Direction>inbound</Direction>
      </RouteLink>
      <RouteLink id="AGBF015_001_46411">
        <From>
          <StopPointRef>6490IM632</StopPointRef>
        </From>
        <To>
          <StopPointRef>6490IM401</StopPointRef>
        </To>
        <Direction>inbound</Direction>
      </RouteLink>
      <RouteLink id="AGBF015_001_46412">
        <From>
          <StopPointRef>6490IM401</StopPointRef>
        </From>
        <To>
          <StopPointRef>6490IM440</StopPointRef>
        </To>
        <Direction>inbound</Direction>
      </RouteLink>
      <RouteLink id="AGBF015_001_46413">
        <From>
          <StopPointRef>6490IM440</StopPointRef>
        </From>
        <To>
          <StopPointRef>6490IM1224</StopPointRef>
        </To>
        <Direction>inbound</Direction>
      </RouteLink>
      <RouteLink id="AGBF015_001_46414">
        <From>
          <StopPointRef>6490IM1224</StopPointRef>
        </From>
        <To>
          <StopPointRef>6490IM1222</StopPointRef>
        </To>
        <Direction>inbound</Direction>
      </RouteLink>
      <RouteLink id="AGBF015_001_46415">
        <From>
          <StopPointRef>6490IM1222</StopPointRef>
        </From>
        <To>
          <StopPointRef>6490IM409</StopPointRef>
        </To>
        <Direction>inbound</Direction>
      </RouteLink>
      <RouteLink id="AGBF015_001_46416">
        <From>
          <StopPointRef>6490IM409</StopPointRef>
        </From>
        <To>
          <StopPointRef>6490IM444</StopPointRef>
        </To>
        <Direction>inbound</Direction>
      </RouteLink>
      <RouteLink id="AGBF015_001_46417">
        <From>
          <StopPointRef>6490IM444</StopPointRef>
        </From>
        <To>
          <StopPointRef>6490IM391</StopPointRef>
        </To>
        <Direction>inbound</Direction>
      </RouteLink>
      <RouteLink id="AGBF015_001_46418">
        <From>
          <StopPointRef>6490IM391</StopPointRef>
        </From>
        <To>
          <StopPointRef>6490IM1220</StopPointRef>
        </To>
        <Direction>inbound</Direction>
      </RouteLink>
      <RouteLink id="AGBF015_001_46419">
        <From>
          <StopPointRef>6490IM1220</StopPointRef>
        </From>
        <To>
          <StopPointRef>6490IM1219</StopPointRef>
        </To>
        <Direction>inbound</Direction>
      </RouteLink>
      <RouteLink id="AGBF015_001_46420">
        <From>
          <StopPointRef>6490IM1219</StopPointRef>
        </From>
        <To>
          <StopPointRef>6490IM442</StopPointRef>
        </To>
        <Direction>inbound</Direction>
      </RouteLink>
      <RouteLink id="AGBF015_001_46421">
        <From>
          <StopPointRef>6490IM442</StopPointRef>
        </From>
        <To>
          <StopPointRef>6490IM1217</StopPointRef>
        </To>
        <Direction>inbound</Direction>
      </RouteLink>
      <RouteLink id="AGBF015_001_46422">
        <From>
          <StopPointRef>6490IM1217</StopPointRef>
        </From>
        <To>
          <StopPointRef>6490IM1215</StopPointRef>
        </To>
        <Direction>inbound</Direction>
      </RouteLink>
      <RouteLink id="AGBF015_001_46423">
        <From>
          <StopPointRef>6490IM1215</StopPointRef>
        </From>
        <To>
          <StopPointRef>6490IM244</StopPointRef>
        </To>
        <Direction>inbound</Direction>
      </RouteLink>
      <RouteLink id="AGBF015_001_46424">
        <From>
          <StopPointRef>6490IM244</StopPointRef>
        </From>
        <To>
          <StopPointRef>6490IM1289</StopPointRef>
        </To>
        <Direction>inbound</Direction>
      </RouteLink>
      <RouteLink id="AGBF015_001_46425">
        <From>
          <StopPointRef>6490IM1289</StopPointRef>
        </From>
        <To>
          <StopPointRef>6490IM1233</StopPointRef>
        </To>
        <Direction>inbound</Direction>
      </RouteLink>
      <RouteLink id="AGBF015_001_46426">
        <From>
          <StopPointRef>6490IM1233</StopPointRef>
        </From>
        <To>
          <StopPointRef>6490IM790</StopPointRef>
        </To>
        <Direction>inbound</Direction>
      </RouteLink>
      <RouteLink id="AGBF015_001_46427">
        <From>
          <StopPointRef>6490IM790</StopPointRef>
        </From>
        <To>
          <StopPointRef>6490IM792</StopPointRef>
        </To>
        <Direction>inbound</Direction>
      </RouteLink>
      <RouteLink id="AGBF015_001_46428">
        <From>
          <StopPointRef>6490IM792</StopPointRef>
        </From>
        <To>
          <StopPointRef>6490IM195</StopPointRef>
        </To>
        <Direction>inbound</Direction>
      </RouteLink>
      <RouteLink id="AGBF015_001_46429">
        <From>
          <StopPointRef>6490IM195</StopPointRef>
        </From>
        <To>
          <StopPointRef>6490IM238</StopPointRef>
        </To>
        <Direction>inbound</Direction>
      </RouteLink>
    </RouteSection>
    <RouteSection id="AGBF015_002">
      <RouteLink id="AGBF015_002_46431">
        <From>
          <StopPointRef>6490IM238</StopPointRef>
        </From>
        <To>
          <StopPointRef>6490IM194</StopPointRef>
        </To>
        <Direction>outbound</Direction>
      </RouteLink>
      <RouteLink id="AGBF015_002_46432">
        <From>
          <StopPointRef>6490IM194</StopPointRef>
        </From>
        <To>
          <StopPointRef>6490IM772</StopPointRef>
        </To>
        <Direction>outbound</Direction>
      </RouteLink>
      <RouteLink id="AGBF015_002_46433">
        <From>
          <StopPointRef>6490IM772</StopPointRef>
        </From>
        <To>
          <StopPointRef>6490IM791</StopPointRef>
        </To>
        <Direction>outbound</Direction>
      </RouteLink>
      <RouteLink id="AGBF015_002_46434">
        <From>
          <StopPointRef>6490IM791</StopPointRef>
        </From>
        <To>
          <StopPointRef>6490IM789</StopPointRef>
        </To>
        <Direction>outbound</Direction>
      </RouteLink>
      <RouteLink id="AGBF015_002_46435">
        <From>
          <StopPointRef>6490IM789</StopPointRef>
        </From>
        <To>
          <StopPointRef>6490IM1290</StopPointRef>
        </To>
        <Direction>outbound</Direction>
      </RouteLink>
      <RouteLink id="AGBF015_002_46436">
        <From>
          <StopPointRef>6490IM1290</StopPointRef>
        </From>
        <To>
          <StopPointRef>6490IM199</StopPointRef>
        </To>
        <Direction>outbound</Direction>
      </RouteLink>
      <RouteLink id="AGBF015_002_46437">
        <From>
          <StopPointRef>6490IM199</StopPointRef>
        </From>
        <To>
          <StopPointRef>6490IM1214</StopPointRef>
        </To>
        <Direction>outbound</Direction>
      </RouteLink>
      <RouteLink id="AGBF015_002_46438">
        <From>
          <StopPointRef>6490IM1214</StopPointRef>
        </From>
        <To>
          <StopPointRef>6490IM1216</StopPointRef>
        </To>
        <Direction>outbound</Direction>
      </RouteLink>
      <RouteLink id="AGBF015_002_46439">
        <From>
          <StopPointRef>6490IM1216</StopPointRef>
        </From>
        <To>
          <StopPointRef>6490IM269</StopPointRef>
        </To>
        <Direction>outbound</Direction>
      </RouteLink>
      <RouteLink id="AGBF015_002_46440">
        <From>
          <StopPointRef>6490IM269</StopPointRef>
        </From>
        <To>
          <StopPointRef>6490IM1218</StopPointRef>
        </To>
        <Direction>outbound</Direction>
      </RouteLink>
      <RouteLink id="AGBF015_002_46441">
        <From>
          <StopPointRef>6490IM1218</StopPointRef>
        </From>
        <To>
          <StopPointRef>6490IM1221</StopPointRef>
        </To>
        <Direction>outbound</Direction>
      </RouteLink>
      <RouteLink id="AGBF015_002_46442">
        <From>
          <StopPointRef>6490IM1221</StopPointRef>
        </From>
        <To>
          <StopPointRef>6490IM385</StopPointRef>
        </To>
        <Direction>outbound</Direction>
      </RouteLink>
      <RouteLink id="AGBF015_002_46443">
        <From>
          <StopPointRef>6490IM385</StopPointRef>
        </From>
        <To>
          <StopPointRef>6490IM225</StopPointRef>
        </To>
        <Direction>outbound</Direction>
      </RouteLink>
      <RouteLink id="AGBF015_002_46444">
        <From>
          <StopPointRef>6490IM225</StopPointRef>
        </From>
        <To>
          <StopPointRef>6490IM401</StopPointRef>
        </To>
        <Direction>outbound</Direction>
      </RouteLink>
      <RouteLink id="AGBF015_002_46445">
        <From>
          <StopPointRef>6490IM401</StopPointRef>
        </From>
        <To>
          <StopPointRef>6490IM1223</StopPointRef>
        </To>
        <Direction>outbound</Direction>
      </RouteLink>
      <RouteLink id="AGBF015_002_46446">
        <From>
          <StopPointRef>6490IM1223</StopPointRef>
        </From>
        <To>
          <StopPointRef>6490IM1225</StopPointRef>
        </To>
        <Direction>outbound</Direction>
      </RouteLink>
      <RouteLink id="AGBF015_002_46447">
        <From>
          <StopPointRef>6490IM1225</StopPointRef>
        </From>
        <To>
          <StopPointRef>6490IM026</StopPointRef>
        </To>
        <Direction>outbound</Direction>
      </RouteLink>
      <RouteLink id="AGBF015_002_46448">
        <From>
          <StopPointRef>6490IM026</StopPointRef>
        </From>
        <To>
          <StopPointRef>6490IM409</StopPointRef>
        </To>
        <Direction>outbound</Direction>
      </RouteLink>
      <RouteLink id="AGBF015_002_46449">
        <From>
          <StopPointRef>6490IM409</StopPointRef>
        </From>
        <To>
          <StopPointRef>6490IM148</StopPointRef>
        </To>
        <Direction>outbound</Direction>
      </RouteLink>
      <RouteLink id="AGBF015_002_46450">
        <From>
          <StopPointRef>6490IM148</StopPointRef>
        </From>
        <To>
          <StopPointRef>6490IM619</StopPointRef>
        </To>
        <Direction>outbound</Direction>
      </RouteLink>
    </RouteSection>
  </RouteSections>
  <Routes>
    <Route id="AGBF015_001">
      <Description>Tulloes - Forfar Academy
</Description>
      <RouteSectionRef>AGBF015_001</RouteSectionRef>
    </Route>
    <Route id="AGBF015_002">
      <Description>Forfar Academy - Tulloes
</Description>
      <RouteSectionRef>AGBF015_002</RouteSectionRef>
    </Route>
  </Routes>
  <JourneyPatternSections>
    <JourneyPatternSection id="JPS_AGBF015-3">
      <JourneyPatternTimingLink id="JPS_AGBF015-3_46410">
        <From>
          <StopPointRef>6490IM1865</StopPointRef>
          <TimingStatus>PTP</TimingStatus>
        </From>
        <To>
          <StopPointRef>6490IM632</StopPointRef>
          <TimingStatus>OTH</TimingStatus>
        </To>
        <RouteLinkRef>AGBF015_001_46410</RouteLinkRef>
        <Direction>inbound</Direction>
        <RunTime>PT60S</RunTime>
      </JourneyPatternTimingLink>
      <JourneyPatternTimingLink id="JPS_AGBF015-3_46411">
        <From>
          <StopPointRef>6490IM632</StopPointRef>
          <TimingStatus>OTH</TimingStatus>
        </From>
        <To>
          <StopPointRef>6490IM401</StopPointRef>
          <TimingStatus>OTH</TimingStatus>
        </To>
        <RouteLinkRef>AGBF015_001_46411</RouteLinkRef>
        <Direction>inbound</Direction>
        <RunTime>PT120S</RunTime>
      </JourneyPatternTimingLink>
      <JourneyPatternTimingLink id="JPS_AGBF015-3_46412">
        <From>
          <StopPointRef>6490IM401</StopPointRef>
          <TimingStatus>OTH</TimingStatus>
        </From>
        <To>
          <StopPointRef>6490IM440</StopPointRef>
          <TimingStatus>PTP</TimingStatus>
        </To>
        <RouteLinkRef>AGBF015_001_46412</RouteLinkRef>
        <Direction>inbound</Direction>
        <RunTime>PT180S</RunTime>
      </JourneyPatternTimingLink>
      <JourneyPatternTimingLink id="JPS_AGBF015-3_46413">
        <From>
          <StopPointRef>6490IM440</StopPointRef>
          <TimingStatus>PTP</TimingStatus>
        </From>
        <To>
          <StopPointRef>6490IM1224</StopPointRef>
          <TimingStatus>OTH</TimingStatus>
        </To>
        <RouteLinkRef>AGBF015_001_46413</RouteLinkRef>
        <Direction>inbound</Direction>
        <RunTime>PT60S</RunTime>
      </JourneyPatternTimingLink>
      <JourneyPatternTimingLink id="JPS_AGBF015-3_46414">
        <From>
          <StopPointRef>6490IM1224</StopPointRef>
          <TimingStatus>OTH</TimingStatus>
        </From>
        <To>
          <StopPointRef>6490IM1222</StopPointRef>
          <TimingStatus>OTH</TimingStatus>
        </To>
        <RouteLinkRef>AGBF015_001_46414</RouteLinkRef>
        <Direction>inbound</Direction>
        <RunTime>PT60S</RunTime>
      </JourneyPatternTimingLink>
      <JourneyPatternTimingLink id="JPS_AGBF015-3_46415">
        <From>
          <StopPointRef>6490IM1222</StopPointRef>
          <TimingStatus>OTH</TimingStatus>
        </From>
        <To>
          <StopPointRef>6490IM409</StopPointRef>
          <TimingStatus>PTP</TimingStatus>
        </To>
        <RouteLinkRef>AGBF015_001_46415</RouteLinkRef>
        <Direction>inbound</Direction>
        <RunTime>PT240S</RunTime>
      </JourneyPatternTimingLink>
      <JourneyPatternTimingLink id="JPS_AGBF015-3_46416">
        <From>
          <StopPointRef>6490IM409</StopPointRef>
          <TimingStatus>PTP</TimingStatus>
        </From>
        <To>
          <StopPointRef>6490IM444</StopPointRef>
          <TimingStatus>OTH</TimingStatus>
        </To>
        <RouteLinkRef>AGBF015_001_46416</RouteLinkRef>
        <Direction>inbound</Direction>
        <RunTime>PT60S</RunTime>
      </JourneyPatternTimingLink>
      <JourneyPatternTimingLink id="JPS_AGBF015-3_46417">
        <From>
          <StopPointRef>6490IM444</StopPointRef>
          <TimingStatus>OTH</TimingStatus>
        </From>
        <To>
          <StopPointRef>6490IM391</StopPointRef>
          <TimingStatus>OTH</TimingStatus>
        </To>
        <RouteLinkRef>AGBF015_001_46417</RouteLinkRef>
        <Direction>inbound</Direction>
        <RunTime>PT120S</RunTime>
      </JourneyPatternTimingLink>
      <JourneyPatternTimingLink id="JPS_AGBF015-3_46418">
        <From>
          <StopPointRef>6490IM391</StopPointRef>
          <TimingStatus>OTH</TimingStatus>
        </From>
        <To>
          <StopPointRef>6490IM1220</StopPointRef>
          <TimingStatus>PTP</TimingStatus>
        </To>
        <RouteLinkRef>AGBF015_001_46418</RouteLinkRef>
        <Direction>inbound</Direction>
        <RunTime>PT120S</RunTime>
      </JourneyPatternTimingLink>
      <JourneyPatternTimingLink id="JPS_AGBF015-3_46419">
        <From>
          <StopPointRef>6490IM1220</StopPointRef>
          <TimingStatus>PTP</TimingStatus>
        </From>
        <To>
          <StopPointRef>6490IM1219</StopPointRef>
          <TimingStatus>OTH</TimingStatus>
        </To>
        <RouteLinkRef>AGBF015_001_46419</RouteLinkRef>
        <Direction>inbound</Direction>
        <RunTime>PT120S</RunTime>
      </JourneyPatternTimingLink>
      <JourneyPatternTimingLink id="JPS_AGBF015-3_46420">
        <From>
          <StopPointRef>6490IM1219</StopPointRef>
          <TimingStatus>OTH</TimingStatus>
        </From>
        <To>
          <StopPointRef>6490IM442</StopPointRef>
          <TimingStatus>OTH</TimingStatus>
        </To>
        <RouteLinkRef>AGBF015_001_46420</RouteLinkRef>
        <Direction>inbound</Direction>
        <RunTime>PT60S</RunTime>
      </JourneyPatternTimingLink>
      <JourneyPatternTimingLink id="JPS_AGBF015-3_46421">
        <From>
          <StopPointRef>6490IM442</StopPointRef>
          <TimingStatus>OTH</TimingStatus>
        </From>
        <To>
          <StopPointRef>6490IM1217</StopPointRef>
          <TimingStatus>OTH</TimingStatus>
        </To>
        <RouteLinkRef>AGBF015_001_46421</RouteLinkRef>
        <Direction>inbound</Direction>
        <RunTime>PT0S</RunTime>
      </JourneyPatternTimingLink>
      <JourneyPatternTimingLink id="JPS_AGBF015-3_46422">
        <From>
          <StopPointRef>6490IM1217</StopPointRef>
          <TimingStatus>OTH</TimingStatus>
        </From>
        <To>
          <StopPointRef>6490IM1215</StopPointRef>
          <TimingStatus>OTH</TimingStatus>
        </To>
        <RouteLinkRef>AGBF015_001_46422</RouteLinkRef>
        <Direction>inbound</Direction>
        <RunTime>PT60S</RunTime>
      </JourneyPatternTimingLink>
      <JourneyPatternTimingLink id="JPS_AGBF015-3_46423">
        <From>
          <StopPointRef>6490IM1215</StopPointRef>
          <TimingStatus>OTH</TimingStatus>
        </From>
        <To>
          <StopPointRef>6490IM244</StopPointRef>
          <TimingStatus>OTH</TimingStatus>
        </To>
        <RouteLinkRef>AGBF015_001_46423</RouteLinkRef>
        <Direction>inbound</Direction>
        <RunTime>PT120S</RunTime>
      </JourneyPatternTimingLink>
      <JourneyPatternTimingLink id="JPS_AGBF015-3_46424">
        <From>
          <StopPointRef>6490IM244</StopPointRef>
          <TimingStatus>OTH</TimingStatus>
        </From>
        <To>
          <StopPointRef>6490IM1289</StopPointRef>
          <TimingStatus>OTH</TimingStatus>
        </To>
        <RouteLinkRef>AGBF015_001_46424</RouteLinkRef>
        <Direction>inbound</Direction>
        <RunTime>PT0S</RunTime>
      </JourneyPatternTimingLink>
      <JourneyPatternTimingLink id="JPS_AGBF015-3_46425">
        <From>
          <StopPointRef>6490IM1289</StopPointRef>
          <TimingStatus>OTH</TimingStatus>
        </From>
        <To>
          <StopPointRef>6490IM1233</StopPointRef>
          <TimingStatus>OTH</TimingStatus>
        </To>
        <RouteLinkRef>AGBF015_001_46425</RouteLinkRef>
        <Direction>inbound</Direction>
        <RunTime>PT60S</RunTime>
      </JourneyPatternTimingLink>
      <JourneyPatternTimingLink id="JPS_AGBF015-3_46426">
        <From>
          <StopPointRef>6490IM1233</StopPointRef>
          <TimingStatus>OTH</TimingStatus>
        </From>
        <To>
          <StopPointRef>6490IM790</StopPointRef>
          <TimingStatus>OTH</TimingStatus>
        </To>
        <RouteLinkRef>AGBF015_001_46426</RouteLinkRef>
        <Direction>inbound</Direction>
        <RunTime>PT0S</RunTime>
      </JourneyPatternTimingLink>
      <JourneyPatternTimingLink id="JPS_AGBF015-3_46427">
        <From>
          <StopPointRef>6490IM790</StopPointRef>
          <TimingStatus>OTH</TimingStatus>
        </From>
        <To>
          <StopPointRef>6490IM792</StopPointRef>
          <TimingStatus>OTH</TimingStatus>
        </To>
        <RouteLinkRef>AGBF015_001_46427</RouteLinkRef>
        <Direction>inbound</Direction>
        <RunTime>PT60S</RunTime>
      </JourneyPatternTimingLink>
      <JourneyPatternTimingLink id="JPS_AGBF015-3_46428">
        <From>
          <StopPointRef>6490IM792</StopPointRef>
          <TimingStatus>OTH</TimingStatus>
        </From>
        <To>
          <StopPointRef>6490IM195</StopPointRef>
          <TimingStatus>OTH</TimingStatus>
        </To>
        <RouteLinkRef>AGBF015_001_46428</RouteLinkRef>
        <Direction>inbound</Direction>
        <RunTime>PT0S</RunTime>
      </JourneyPatternTimingLink>
      <JourneyPatternTimingLink id="JPS_AGBF015-3_46429">
        <From>
          <StopPointRef>6490IM195</StopPointRef>
          <TimingStatus>OTH</TimingStatus>
        </From>
        <To>
          <StopPointRef>6490IM238</StopPointRef>
          <TimingStatus>PTP</TimingStatus>
        </To>
        <RouteLinkRef>AGBF015_001_46429</RouteLinkRef>
        <Direction>inbound</Direction>
        <RunTime>PT120S</RunTime>
      </JourneyPatternTimingLink>
    </JourneyPatternSection>
    <JourneyPatternSection id="JPS_AGBF015-4">
      <JourneyPatternTimingLink id="JPS_AGBF015-4_46431">
        <From>
          <StopPointRef>6490IM238</StopPointRef>
          <TimingStatus>PTP</TimingStatus>
        </From>
        <To>
          <StopPointRef>6490IM194</StopPointRef>
          <TimingStatus>OTH</TimingStatus>
        </To>
        <RouteLinkRef>AGBF015_002_46431</RouteLinkRef>
        <Direction>outbound</Direction>
        <RunTime>PT120S</RunTime>
      </JourneyPatternTimingLink>
      <JourneyPatternTimingLink id="JPS_AGBF015-4_46432">
        <From>
          <StopPointRef>6490IM194</StopPointRef>
          <TimingStatus>OTH</TimingStatus>
        </From>
        <To>
          <StopPointRef>6490IM772</StopPointRef>
          <TimingStatus>OTH</TimingStatus>
        </To>
        <RouteLinkRef>AGBF015_002_46432</RouteLinkRef>
        <Direction>outbound</Direction>
        <RunTime>PT0S</RunTime>
      </JourneyPatternTimingLink>
      <JourneyPatternTimingLink id="JPS_AGBF015-4_46433">
        <From>
          <StopPointRef>6490IM772</StopPointRef>
          <TimingStatus>OTH</TimingStatus>
        </From>
        <To>
          <StopPointRef>6490IM791</StopPointRef>
          <TimingStatus>OTH</TimingStatus>
        </To>
        <RouteLinkRef>AGBF015_002_46433</RouteLinkRef>
        <Direction>outbound</Direction>
        <RunTime>PT60S</RunTime>
      </JourneyPatternTimingLink>
      <JourneyPatternTimingLink id="JPS_AGBF015-4_46434">
        <From>
          <StopPointRef>6490IM791</StopPointRef>
          <TimingStatus>OTH</TimingStatus>
        </From>
        <To>
          <StopPointRef>6490IM789</StopPointRef>
          <TimingStatus>OTH</TimingStatus>
        </To>
        <RouteLinkRef>AGBF015_002_46434</RouteLinkRef>
        <Direction>outbound</Direction>
        <RunTime>PT0S</RunTime>
      </JourneyPatternTimingLink>
      <JourneyPatternTimingLink id="JPS_AGBF015-4_46435">
        <From>
          <StopPointRef>6490IM789</StopPointRef>
          <TimingStatus>OTH</TimingStatus>
        </From>
        <To>
          <StopPointRef>6490IM1290</StopPointRef>
          <TimingStatus>OTH</TimingStatus>
        </To>
        <RouteLinkRef>AGBF015_002_46435</RouteLinkRef>
        <Direction>outbound</Direction>
        <RunTime>PT60S</RunTime>
      </JourneyPatternTimingLink>
      <JourneyPatternTimingLink id="JPS_AGBF015-4_46436">
        <From>
          <StopPointRef>6490IM1290</StopPointRef>
          <TimingStatus>OTH</TimingStatus>
        </From>
        <To>
          <StopPointRef>6490IM199</StopPointRef>
          <TimingStatus>OTH</TimingStatus>
        </To>
        <RouteLinkRef>AGBF015_002_46436</RouteLinkRef>
        <Direction>outbound</Direction>
        <RunTime>PT0S</RunTime>
      </JourneyPatternTimingLink>
      <JourneyPatternTimingLink id="JPS_AGBF015-4_46437">
        <From>
          <StopPointRef>6490IM199</StopPointRef>
          <TimingStatus>OTH</TimingStatus>
        </From>
        <To>
          <StopPointRef>6490IM1214</StopPointRef>
          <TimingStatus>OTH</TimingStatus>
        </To>
        <RouteLinkRef>AGBF015_002_46437</RouteLinkRef>
        <Direction>outbound</Direction>
        <RunTime>PT120S</RunTime>
      </JourneyPatternTimingLink>
      <JourneyPatternTimingLink id="JPS_AGBF015-4_46438">
        <From>
          <StopPointRef>6490IM1214</StopPointRef>
          <TimingStatus>OTH</TimingStatus>
        </From>
        <To>
          <StopPointRef>6490IM1216</StopPointRef>
          <TimingStatus>OTH</TimingStatus>
        </To>
        <RouteLinkRef>AGBF015_002_46438</RouteLinkRef>
        <Direction>outbound</Direction>
        <RunTime>PT60S</RunTime>
      </JourneyPatternTimingLink>
      <JourneyPatternTimingLink id="JPS_AGBF015-4_46439">
        <From>
          <StopPointRef>6490IM1216</StopPointRef>
          <TimingStatus>OTH</TimingStatus>
        </From>
        <To>
          <StopPointRef>6490IM269</StopPointRef>
          <TimingStatus>OTH</TimingStatus>
        </To>
        <RouteLinkRef>AGBF015_002_46439</RouteLinkRef>
        <Direction>outbound</Direction>
        <RunTime>PT0S</RunTime>
      </JourneyPatternTimingLink>
      <JourneyPatternTimingLink id="JPS_AGBF015-4_46440">
        <From>
          <StopPointRef>6490IM269</StopPointRef>
          <TimingStatus>OTH</TimingStatus>
        </From>
        <To>
          <StopPointRef>6490IM1218</StopPointRef>
          <TimingStatus>OTH</TimingStatus>
        </To>
        <RouteLinkRef>AGBF015_002_46440</RouteLinkRef>
        <Direction>outbound</Direction>
        <RunTime>PT60S</RunTime>
      </JourneyPatternTimingLink>
      <JourneyPatternTimingLink id="JPS_AGBF015-4_46441">
        <From>
          <StopPointRef>6490IM1218</StopPointRef>
          <TimingStatus>OTH</TimingStatus>
        </From>
        <To>
          <StopPointRef>6490IM1221</StopPointRef>
          <TimingStatus>PTP</TimingStatus>
        </To>
        <RouteLinkRef>AGBF015_002_46441</RouteLinkRef>
        <Direction>outbound</Direction>
        <RunTime>PT120S</RunTime>
      </JourneyPatternTimingLink>
      <JourneyPatternTimingLink id="JPS_AGBF015-4_46442">
        <From>
          <StopPointRef>6490IM1221</StopPointRef>
          <TimingStatus>PTP</TimingStatus>
        </From>
        <To>
          <StopPointRef>6490IM385</StopPointRef>
          <TimingStatus>OTH</TimingStatus>
        </To>
        <RouteLinkRef>AGBF015_002_46442</RouteLinkRef>
        <Direction>outbound</Direction>
        <RunTime>PT120S</RunTime>
      </JourneyPatternTimingLink>
      <JourneyPatternTimingLink id="JPS_AGBF015-4_46443">
        <From>
          <StopPointRef>6490IM385</StopPointRef>
          <TimingStatus>OTH</TimingStatus>
        </From>
        <To>
          <StopPointRef>6490IM225</StopPointRef>
          <TimingStatus>OTH</TimingStatus>
        </To>
        <RouteLinkRef>AGBF015_002_46443</RouteLinkRef>
        <Direction>outbound</Direction>
        <RunTime>PT60S</RunTime>
      </JourneyPatternTimingLink>
      <JourneyPatternTimingLink id="JPS_AGBF015-4_46444">
        <From>
          <StopPointRef>6490IM225</StopPointRef>
          <TimingStatus>OTH</TimingStatus>
        </From>
        <To>
          <StopPointRef>6490IM401</StopPointRef>
          <TimingStatus>PTP</TimingStatus>
        </To>
        <RouteLinkRef>AGBF015_002_46444</RouteLinkRef>
        <Direction>outbound</Direction>
        <RunTime>PT120S</RunTime>
      </JourneyPatternTimingLink>
      <JourneyPatternTimingLink id="JPS_AGBF015-4_46445">
        <From>
          <StopPointRef>6490IM401</StopPointRef>
          <TimingStatus>PTP</TimingStatus>
        </From>
        <To>
          <StopPointRef>6490IM1223</StopPointRef>
          <TimingStatus>OTH</TimingStatus>
        </To>
        <RouteLinkRef>AGBF015_002_46445</RouteLinkRef>
        <Direction>outbound</Direction>
        <RunTime>PT240S</RunTime>
      </JourneyPatternTimingLink>
      <JourneyPatternTimingLink id="JPS_AGBF015-4_46446">
        <From>
          <StopPointRef>6490IM1223</StopPointRef>
          <TimingStatus>OTH</TimingStatus>
        </From>
        <To>
          <StopPointRef>6490IM1225</StopPointRef>
          <TimingStatus>OTH</TimingStatus>
        </To>
        <RouteLinkRef>AGBF015_002_46446</RouteLinkRef>
        <Direction>outbound</Direction>
        <RunTime>PT60S</RunTime>
      </JourneyPatternTimingLink>
      <JourneyPatternTimingLink id="JPS_AGBF015-4_46447">
        <From>
          <StopPointRef>6490IM1225</StopPointRef>
          <TimingStatus>OTH</TimingStatus>
        </From>
        <To>
          <StopPointRef>6490IM026</StopPointRef>
          <TimingStatus>PTP</TimingStatus>
        </To>
        <RouteLinkRef>AGBF015_002_46447</RouteLinkRef>
        <Direction>outbound</Direction>
        <RunTime>PT60S</RunTime>
      </JourneyPatternTimingLink>
      <JourneyPatternTimingLink id="JPS_AGBF015-4_46448">
        <From>
          <StopPointRef>6490IM026</StopPointRef>
          <TimingStatus>PTP</TimingStatus>
        </From>
        <To>
          <StopPointRef>6490IM409</StopPointRef>
          <TimingStatus>OTH</TimingStatus>
        </To>
        <RouteLinkRef>AGBF015_002_46448</RouteLinkRef>
        <Direction>outbound</Direction>
        <RunTime>PT180S</RunTime>
      </JourneyPatternTimingLink>
      <JourneyPatternTimingLink id="JPS_AGBF015-4_46449">
        <From>
          <StopPointRef>6490IM409</StopPointRef>
          <TimingStatus>OTH</TimingStatus>
        </From>
        <To>
          <StopPointRef>6490IM148</StopPointRef>
          <TimingStatus>OTH</TimingStatus>
        </To>
        <RouteLinkRef>AGBF015_002_46449</RouteLinkRef>
        <Direction>outbound</Direction>
        <RunTime>PT120S</RunTime>
      </JourneyPatternTimingLink>
      <JourneyPatternTimingLink id="JPS_AGBF015-4_46450">
        <From>
          <StopPointRef>6490IM148</StopPointRef>
          <TimingStatus>OTH</TimingStatus>
        </From>
        <To>
          <StopPointRef>6490IM619</StopPointRef>
          <TimingStatus>PTP</TimingStatus>
        </To>
        <RouteLinkRef>AGBF015_002_46450</RouteLinkRef>
        <Direction>outbound</Direction>
        <RunTime>PT60S</RunTime>
      </JourneyPatternTimingLink>
    </JourneyPatternSection>
  </JourneyPatternSections>
  <Operators>
    <Operator id="WSH">
      <NationalOperatorCode>WSHT</NationalOperatorCode>
      <OperatorCode>WSH</OperatorCode>
      <OperatorShortName>Wishart</OperatorShortName>
    </Operator>
  </Operators>
  <Services>
    <Service>
      <ServiceCode>AGBF015</ServiceCode>
      <Lines>
        <Line id="0">
          <LineName>F15</LineName>
        </Line>
      </Lines>
      <OperatingPeriod>
        <StartDate>2013-07-08</StartDate>
        <EndDate>2099-12-31</EndDate>
      </OperatingPeriod>
      <RegisteredOperatorRef>WSH</RegisteredOperatorRef>
      <StopRequirements>
        <NoNewStopsRequired />
      </StopRequirements>
      <Mode>bus</Mode>
      <Description>Forfar Academy - Tulloes</Description>
      <StandardService>
        <Origin>Forfar Academy</Origin>
        <Destination>Tulloes</Destination>
        <JourneyPattern id="JPS_AGBF015-3">
          <Direction>inbound</Direction>
          <JourneyPatternSectionRefs>JPS_AGBF015-3</JourneyPatternSectionRefs>
        </JourneyPattern>
        <JourneyPattern id="JPS_AGBF015-4">
          <Direction>outbound</Direction>
          <JourneyPatternSectionRefs>JPS_AGBF015-4</JourneyPatternSectionRefs>
        </JourneyPattern>
      </StandardService>
    </Service>
  </Services>
  <VehicleJourneys>
    <VehicleJourney>
      <OperatorRef>WSH</OperatorRef>
      <OperatingProfile>
        <RegularDayType>
          <DaysOfWeek>
            <Monday />
            <Tuesday />
            <Wednesday />
            <Thursday />
            <Friday />
          </DaysOfWeek>
        </RegularDayType>
        <ServicedOrganisationDayType>
          <DaysOfNonOperation>
            <WorkingDays>
              <ServicedOrganisationRef>161</ServicedOrganisationRef>
            </WorkingDays>
          </DaysOfNonOperation>
        </ServicedOrganisationDayType>
      </OperatingProfile>
      <VehicleJourneyCode>13698</VehicleJourneyCode>
      <ServiceRef>AGBF015</ServiceRef>
      <LineRef>0</LineRef>
      <JourneyPatternRef>JPS_AGBF015-3</JourneyPatternRef>
      <Note>
        <NoteCode>Sch</NoteCode>
        <NoteText>Operates on Angus schooldays only</NoteText>
      </Note>
      <DepartureTime>08:18:00</DepartureTime>
    </VehicleJourney>
    <VehicleJourney>
      <OperatorRef>WSH</OperatorRef>
      <OperatingProfile>
        <RegularDayType>
          <DaysOfWeek>
            <Monday />
            <Tuesday />
            <Wednesday />
            <Thursday />
            <Friday />
          </DaysOfWeek>
        </RegularDayType>
        <ServicedOrganisationDayType>
          <DaysOfNonOperation>
            <WorkingDays>
              <ServicedOrganisationRef>161</ServicedOrganisationRef>
            </WorkingDays>
          </DaysOfNonOperation>
        </ServicedOrganisationDayType>
      </OperatingProfile>
      <VehicleJourneyCode>13699</VehicleJourneyCode>
      <ServiceRef>AGBF015</ServiceRef>
      <LineRef>0</LineRef>
      <JourneyPatternRef>JPS_AGBF015-4</JourneyPatternRef>
      <Note>
        <NoteCode>Sch</NoteCode>
        <NoteText>Operates on Angus schooldays only</NoteText>
      </Note>
      <DepartureTime>15:50:00</DepartureTime>
    </VehicleJourney>
  </VehicleJourneys>
</TransXChange>