<?xml version="1.0" encoding="utf-8"?>
<TransXChange xmlns:xsi="http://www.w3.org/2001/XMLSchema-instance" xmlns:xsd="http://www.w3.org/2001/XMLSchema" xsi:schemaLocation="http://www.transxchange.org.uk/ http://www.transxchange.org.uk/schema/2.1/TransXChange_general.xsd" CreationDateTime="2019-10-07T12:48:00-00:00" ModificationDateTime="2019-10-07T12:48:00-00:00" Modification="new" RevisionNumber="0" FileName="SVRAGCO031.xml" SchemaVersion="2.1" RegistrationDocument="false" xmlns="http://www.transxchange.org.uk/">
  <StopPoints>
    <AnnotatedStopPointRef>
      <StopPointRef>6400N4</StopPointRef>
      <CommonName>Ninewells Hospital</CommonName>
    </AnnotatedStopPointRef>
    <AnnotatedStopPointRef>
      <StopPointRef>6400S122</StopPointRef>
      <CommonName>Lochay Place</CommonName>
    </AnnotatedStopPointRef>
    <AnnotatedStopPointRef>
      <StopPointRef>6400PT1638</StopPointRef>
      <CommonName>Spey Drive</CommonName>
    </AnnotatedStopPointRef>
    <AnnotatedStopPointRef>
      <StopPointRef>6400PT1140</StopPointRef>
      <CommonName>Gowrie Court</CommonName>
    </AnnotatedStopPointRef>
    <AnnotatedStopPointRef>
      <StopPointRef>6400S119</StopPointRef>
      <CommonName>Tweed Crescent</CommonName>
    </AnnotatedStopPointRef>
    <AnnotatedStopPointRef>
      <StopPointRef>6400PT1740</StopPointRef>
      <CommonName>Arran Drive</CommonName>
    </AnnotatedStopPointRef>
    <AnnotatedStopPointRef>
      <StopPointRef>6400PT1714</StopPointRef>
      <CommonName>Craigowan Road</CommonName>
    </AnnotatedStopPointRef>
    <AnnotatedStopPointRef>
      <StopPointRef>6400PT1715</StopPointRef>
      <CommonName>Charleston School</CommonName>
    </AnnotatedStopPointRef>
    <AnnotatedStopPointRef>
      <StopPointRef>6400PT1452</StopPointRef>
      <CommonName>Duncraig Road</CommonName>
    </AnnotatedStopPointRef>
    <AnnotatedStopPointRef>
      <StopPointRef>64006839</StopPointRef>
      <CommonName>Lynch Centre</CommonName>
    </AnnotatedStopPointRef>
    <AnnotatedStopPointRef>
      <StopPointRef>6400PT1378</StopPointRef>
      <CommonName>Dunholm Road</CommonName>
    </AnnotatedStopPointRef>
    <AnnotatedStopPointRef>
      <StopPointRef>640014418</StopPointRef>
      <CommonName>Asda Myrekirk</CommonName>
    </AnnotatedStopPointRef>
    <AnnotatedStopPointRef>
      <StopPointRef>6400PT1379</StopPointRef>
      <CommonName>Brunel Road</CommonName>
    </AnnotatedStopPointRef>
    <AnnotatedStopPointRef>
      <StopPointRef>6490IM609</StopPointRef>
      <CommonName>Post Box Road</CommonName>
    </AnnotatedStopPointRef>
    <AnnotatedStopPointRef>
      <StopPointRef>6490IM610</StopPointRef>
      <CommonName>Dronley Road</CommonName>
    </AnnotatedStopPointRef>
    <AnnotatedStopPointRef>
      <StopPointRef>6490IM1461</StopPointRef>
      <CommonName>Sidlaw Gardens</CommonName>
    </AnnotatedStopPointRef>
    <AnnotatedStopPointRef>
      <StopPointRef>6490IM1739</StopPointRef>
      <CommonName>Health Centre</CommonName>
    </AnnotatedStopPointRef>
    <AnnotatedStopPointRef>
      <StopPointRef>6490IM1782</StopPointRef>
      <CommonName>Loch of Liff Road</CommonName>
    </AnnotatedStopPointRef>
    <AnnotatedStopPointRef>
      <StopPointRef>6490IM141</StopPointRef>
      <CommonName>Village Green</CommonName>
    </AnnotatedStopPointRef>
    <AnnotatedStopPointRef>
      <StopPointRef>6490IM1781</StopPointRef>
      <CommonName>Loch of Liff Road</CommonName>
    </AnnotatedStopPointRef>
    <AnnotatedStopPointRef>
      <StopPointRef>6490IM140</StopPointRef>
      <CommonName>The Neuk</CommonName>
    </AnnotatedStopPointRef>
    <AnnotatedStopPointRef>
      <StopPointRef>6490IM1269</StopPointRef>
      <CommonName>Kirk</CommonName>
    </AnnotatedStopPointRef>
    <AnnotatedStopPointRef>
      <StopPointRef>6490IM1271</StopPointRef>
      <CommonName>Kirkcroft Brae</CommonName>
    </AnnotatedStopPointRef>
    <AnnotatedStopPointRef>
      <StopPointRef>6490IM1883</StopPointRef>
      <CommonName>North Road</CommonName>
    </AnnotatedStopPointRef>
    <AnnotatedStopPointRef>
      <StopPointRef>6490IM1884</StopPointRef>
      <CommonName>Tayview Road</CommonName>
    </AnnotatedStopPointRef>
    <AnnotatedStopPointRef>
      <StopPointRef>6490IM165</StopPointRef>
      <CommonName>Whitelawston Cottages</CommonName>
    </AnnotatedStopPointRef>
    <AnnotatedStopPointRef>
      <StopPointRef>6400PT1377</StopPointRef>
      <CommonName>Brunel Road</CommonName>
    </AnnotatedStopPointRef>
    <AnnotatedStopPointRef>
      <StopPointRef>640014416</StopPointRef>
      <CommonName>Asda Myrekirk</CommonName>
    </AnnotatedStopPointRef>
    <AnnotatedStopPointRef>
      <StopPointRef>6400PT1376</StopPointRef>
      <CommonName>Dunholm Road</CommonName>
    </AnnotatedStopPointRef>
    <AnnotatedStopPointRef>
      <StopPointRef>64006859</StopPointRef>
      <CommonName>Lynch Centre</CommonName>
    </AnnotatedStopPointRef>
    <AnnotatedStopPointRef>
      <StopPointRef>6400A111</StopPointRef>
      <CommonName>Duncraig Road</CommonName>
    </AnnotatedStopPointRef>
    <AnnotatedStopPointRef>
      <StopPointRef>6400PT1449</StopPointRef>
      <CommonName>Charleston School</CommonName>
    </AnnotatedStopPointRef>
    <AnnotatedStopPointRef>
      <StopPointRef>6400PT1716</StopPointRef>
      <CommonName>Craigowan Road</CommonName>
    </AnnotatedStopPointRef>
    <AnnotatedStopPointRef>
      <StopPointRef>6400PT1738</StopPointRef>
      <CommonName>Arran Drive</CommonName>
    </AnnotatedStopPointRef>
    <AnnotatedStopPointRef>
      <StopPointRef>6400PT1739</StopPointRef>
      <CommonName>Tweed Crescent</CommonName>
    </AnnotatedStopPointRef>
    <AnnotatedStopPointRef>
      <StopPointRef>6400PT1139</StopPointRef>
      <CommonName>Tweed Crescent</CommonName>
    </AnnotatedStopPointRef>
    <AnnotatedStopPointRef>
      <StopPointRef>6400S120</StopPointRef>
      <CommonName>Gowrie Court</CommonName>
    </AnnotatedStopPointRef>
    <AnnotatedStopPointRef>
      <StopPointRef>6400PT1683</StopPointRef>
      <CommonName>Spey Drive</CommonName>
    </AnnotatedStopPointRef>
    <AnnotatedStopPointRef>
      <StopPointRef>6400PT1142</StopPointRef>
      <CommonName>Thurso Crescent</CommonName>
    </AnnotatedStopPointRef>
  </StopPoints>
  <RouteSections>
    <RouteSection id="AGCO031_001">
      <RouteLink id="AGCO031_001_48606">
        <From>
          <StopPointRef>6400N4</StopPointRef>
        </From>
        <To>
          <StopPointRef>6400S122</StopPointRef>
        </To>
        <Direction>outbound</Direction>
      </RouteLink>
      <RouteLink id="AGCO031_001_48607">
        <From>
          <StopPointRef>6400S122</StopPointRef>
        </From>
        <To>
          <StopPointRef>6400PT1638</StopPointRef>
        </To>
        <Direction>outbound</Direction>
      </RouteLink>
      <RouteLink id="AGCO031_001_48608">
        <From>
          <StopPointRef>6400PT1638</StopPointRef>
        </From>
        <To>
          <StopPointRef>6400PT1140</StopPointRef>
        </To>
        <Direction>outbound</Direction>
      </RouteLink>
      <RouteLink id="AGCO031_001_48609">
        <From>
          <StopPointRef>6400PT1140</StopPointRef>
        </From>
        <To>
          <StopPointRef>6400S119</StopPointRef>
        </To>
        <Direction>outbound</Direction>
      </RouteLink>
      <RouteLink id="AGCO031_001_48610">
        <From>
          <StopPointRef>6400S119</StopPointRef>
        </From>
        <To>
          <StopPointRef>6400PT1740</StopPointRef>
        </To>
        <Direction>outbound</Direction>
      </RouteLink>
      <RouteLink id="AGCO031_001_48611">
        <From>
          <StopPointRef>6400PT1740</StopPointRef>
        </From>
        <To>
          <StopPointRef>6400PT1714</StopPointRef>
        </To>
        <Direction>outbound</Direction>
      </RouteLink>
      <RouteLink id="AGCO031_001_48612">
        <From>
          <StopPointRef>6400PT1714</StopPointRef>
        </From>
        <To>
          <StopPointRef>6400PT1715</StopPointRef>
        </To>
        <Direction>outbound</Direction>
      </RouteLink>
      <RouteLink id="AGCO031_001_48613">
        <From>
          <StopPointRef>6400PT1715</StopPointRef>
        </From>
        <To>
          <StopPointRef>6400PT1452</StopPointRef>
        </To>
        <Direction>outbound</Direction>
      </RouteLink>
      <RouteLink id="AGCO031_001_48614">
        <From>
          <StopPointRef>6400PT1452</StopPointRef>
        </From>
        <To>
          <StopPointRef>64006839</StopPointRef>
        </To>
        <Direction>outbound</Direction>
      </RouteLink>
      <RouteLink id="AGCO031_001_48615">
        <From>
          <StopPointRef>64006839</StopPointRef>
        </From>
        <To>
          <StopPointRef>6400PT1378</StopPointRef>
        </To>
        <Direction>outbound</Direction>
      </RouteLink>
      <RouteLink id="AGCO031_001_48616">
        <From>
          <StopPointRef>6400PT1378</StopPointRef>
        </From>
        <To>
          <StopPointRef>640014418</StopPointRef>
        </To>
        <Direction>outbound</Direction>
      </RouteLink>
      <RouteLink id="AGCO031_001_48617">
        <From>
          <StopPointRef>640014418</StopPointRef>
        </From>
        <To>
          <StopPointRef>6400PT1379</StopPointRef>
        </To>
        <Direction>outbound</Direction>
      </RouteLink>
      <RouteLink id="AGCO031_001_48618">
        <From>
          <StopPointRef>6400PT1379</StopPointRef>
        </From>
        <To>
          <StopPointRef>6490IM609</StopPointRef>
        </To>
        <Direction>outbound</Direction>
      </RouteLink>
      <RouteLink id="AGCO031_001_48619">
        <From>
          <StopPointRef>6490IM609</StopPointRef>
        </From>
        <To>
          <StopPointRef>6490IM610</StopPointRef>
        </To>
        <Direction>outbound</Direction>
      </RouteLink>
      <RouteLink id="AGCO031_001_48620">
        <From>
          <StopPointRef>6490IM610</StopPointRef>
        </From>
        <To>
          <StopPointRef>6490IM1461</StopPointRef>
        </To>
        <Direction>outbound</Direction>
      </RouteLink>
      <RouteLink id="AGCO031_001_48621">
        <From>
          <StopPointRef>6490IM1461</StopPointRef>
        </From>
        <To>
          <StopPointRef>6490IM1739</StopPointRef>
        </To>
        <Direction>outbound</Direction>
      </RouteLink>
      <RouteLink id="AGCO031_001_48622">
        <From>
          <StopPointRef>6490IM1739</StopPointRef>
        </From>
        <To>
          <StopPointRef>6490IM1782</StopPointRef>
        </To>
        <Direction>outbound</Direction>
      </RouteLink>
      <RouteLink id="AGCO031_001_48623">
        <From>
          <StopPointRef>6490IM1782</StopPointRef>
        </From>
        <To>
          <StopPointRef>6490IM141</StopPointRef>
        </To>
        <Direction>outbound</Direction>
      </RouteLink>
      <RouteLink id="AGCO031_001_48624">
        <From>
          <StopPointRef>6490IM141</StopPointRef>
        </From>
        <To>
          <StopPointRef>6490IM1781</StopPointRef>
        </To>
        <Direction>outbound</Direction>
      </RouteLink>
      <RouteLink id="AGCO031_001_48625">
        <From>
          <StopPointRef>6490IM1781</StopPointRef>
        </From>
        <To>
          <StopPointRef>6490IM140</StopPointRef>
        </To>
        <Direction>outbound</Direction>
      </RouteLink>
      <RouteLink id="AGCO031_001_48626">
        <From>
          <StopPointRef>6490IM140</StopPointRef>
        </From>
        <To>
          <StopPointRef>6490IM1269</StopPointRef>
        </To>
        <Direction>outbound</Direction>
      </RouteLink>
      <RouteLink id="AGCO031_001_48627">
        <From>
          <StopPointRef>6490IM1269</StopPointRef>
        </From>
        <To>
          <StopPointRef>6490IM1271</StopPointRef>
        </To>
        <Direction>outbound</Direction>
      </RouteLink>
      <RouteLink id="AGCO031_001_48628">
        <From>
          <StopPointRef>6490IM1271</StopPointRef>
        </From>
        <To>
          <StopPointRef>6490IM1883</StopPointRef>
        </To>
        <Direction>outbound</Direction>
      </RouteLink>
      <RouteLink id="AGCO031_001_48629">
        <From>
          <StopPointRef>6490IM1883</StopPointRef>
        </From>
        <To>
          <StopPointRef>6490IM1884</StopPointRef>
        </To>
        <Direction>outbound</Direction>
      </RouteLink>
      <RouteLink id="AGCO031_001_48630">
        <From>
          <StopPointRef>6490IM1884</StopPointRef>
        </From>
        <To>
          <StopPointRef>6490IM165</StopPointRef>
        </To>
        <Direction>outbound</Direction>
      </RouteLink>
      <RouteLink id="AGCO031_001_48631">
        <From>
          <StopPointRef>6490IM165</StopPointRef>
        </From>
        <To>
          <StopPointRef>6400PT1377</StopPointRef>
        </To>
        <Direction>outbound</Direction>
      </RouteLink>
      <RouteLink id="AGCO031_001_48632">
        <From>
          <StopPointRef>6400PT1377</StopPointRef>
        </From>
        <To>
          <StopPointRef>640014416</StopPointRef>
        </To>
        <Direction>outbound</Direction>
      </RouteLink>
      <RouteLink id="AGCO031_001_48633">
        <From>
          <StopPointRef>640014416</StopPointRef>
        </From>
        <To>
          <StopPointRef>6400PT1376</StopPointRef>
        </To>
        <Direction>outbound</Direction>
      </RouteLink>
      <RouteLink id="AGCO031_001_48634">
        <From>
          <StopPointRef>6400PT1376</StopPointRef>
        </From>
        <To>
          <StopPointRef>64006859</StopPointRef>
        </To>
        <Direction>outbound</Direction>
      </RouteLink>
      <RouteLink id="AGCO031_001_48635">
        <From>
          <StopPointRef>64006859</StopPointRef>
        </From>
        <To>
          <StopPointRef>6400A111</StopPointRef>
        </To>
        <Direction>outbound</Direction>
      </RouteLink>
      <RouteLink id="AGCO031_001_48636">
        <From>
          <StopPointRef>6400A111</StopPointRef>
        </From>
        <To>
          <StopPointRef>6400PT1449</StopPointRef>
        </To>
        <Direction>outbound</Direction>
      </RouteLink>
      <RouteLink id="AGCO031_001_48637">
        <From>
          <StopPointRef>6400PT1449</StopPointRef>
        </From>
        <To>
          <StopPointRef>6400PT1716</StopPointRef>
        </To>
        <Direction>outbound</Direction>
      </RouteLink>
      <RouteLink id="AGCO031_001_48638">
        <From>
          <StopPointRef>6400PT1716</StopPointRef>
        </From>
        <To>
          <StopPointRef>6400PT1738</StopPointRef>
        </To>
        <Direction>outbound</Direction>
      </RouteLink>
      <RouteLink id="AGCO031_001_48639">
        <From>
          <StopPointRef>6400PT1738</StopPointRef>
        </From>
        <To>
          <StopPointRef>6400PT1739</StopPointRef>
        </To>
        <Direction>outbound</Direction>
      </RouteLink>
      <RouteLink id="AGCO031_001_48640">
        <From>
          <StopPointRef>6400PT1739</StopPointRef>
        </From>
        <To>
          <StopPointRef>6400PT1139</StopPointRef>
        </To>
        <Direction>outbound</Direction>
      </RouteLink>
      <RouteLink id="AGCO031_001_48641">
        <From>
          <StopPointRef>6400PT1139</StopPointRef>
        </From>
        <To>
          <StopPointRef>6400S120</StopPointRef>
        </To>
        <Direction>outbound</Direction>
      </RouteLink>
      <RouteLink id="AGCO031_001_48642">
        <From>
          <StopPointRef>6400S120</StopPointRef>
        </From>
        <To>
          <StopPointRef>6400PT1683</StopPointRef>
        </To>
        <Direction>outbound</Direction>
      </RouteLink>
      <RouteLink id="AGCO031_001_48643">
        <From>
          <StopPointRef>6400PT1683</StopPointRef>
        </From>
        <To>
          <StopPointRef>6400PT1142</StopPointRef>
        </To>
        <Direction>outbound</Direction>
      </RouteLink>
      <RouteLink id="AGCO031_001_48644">
        <From>
          <StopPointRef>6400PT1142</StopPointRef>
        </From>
        <To>
          <StopPointRef>6400N4</StopPointRef>
        </To>
        <Direction>outbound</Direction>
      </RouteLink>
    </RouteSection>
  </RouteSections>
  <Routes>
    <Route id="AGCO031_001">
      <Description>Fowlis and Birkhill circular - Ninewells
</Description>
      <RouteSectionRef>AGCO031_001</RouteSectionRef>
    </Route>
  </Routes>
  <JourneyPatternSections>
    <JourneyPatternSection id="JPS_AGCO031-2">
      <JourneyPatternTimingLink id="JPS_AGCO031-2_48606">
        <From>
          <StopPointRef>6400N4</StopPointRef>
          <TimingStatus>PTP</TimingStatus>
        </From>
        <To>
          <StopPointRef>6400S122</StopPointRef>
          <TimingStatus>OTH</TimingStatus>
        </To>
        <RouteLinkRef>AGCO031_001_48606</RouteLinkRef>
        <Direction>outbound</Direction>
        <RunTime>PT0S</RunTime>
      </JourneyPatternTimingLink>
      <JourneyPatternTimingLink id="JPS_AGCO031-2_48607">
        <From>
          <StopPointRef>6400S122</StopPointRef>
          <TimingStatus>OTH</TimingStatus>
        </From>
        <To>
          <StopPointRef>6400PT1638</StopPointRef>
          <TimingStatus>OTH</TimingStatus>
        </To>
        <RouteLinkRef>AGCO031_001_48607</RouteLinkRef>
        <Direction>outbound</Direction>
        <RunTime>PT0S</RunTime>
      </JourneyPatternTimingLink>
      <JourneyPatternTimingLink id="JPS_AGCO031-2_48608">
        <From>
          <StopPointRef>6400PT1638</StopPointRef>
          <TimingStatus>OTH</TimingStatus>
        </From>
        <To>
          <StopPointRef>6400PT1140</StopPointRef>
          <TimingStatus>OTH</TimingStatus>
        </To>
        <RouteLinkRef>AGCO031_001_48608</RouteLinkRef>
        <Direction>outbound</Direction>
        <RunTime>PT60S</RunTime>
      </JourneyPatternTimingLink>
      <JourneyPatternTimingLink id="JPS_AGCO031-2_48609">
        <From>
          <StopPointRef>6400PT1140</StopPointRef>
          <TimingStatus>OTH</TimingStatus>
        </From>
        <To>
          <StopPointRef>6400S119</StopPointRef>
          <TimingStatus>OTH</TimingStatus>
        </To>
        <RouteLinkRef>AGCO031_001_48609</RouteLinkRef>
        <Direction>outbound</Direction>
        <RunTime>PT60S</RunTime>
      </JourneyPatternTimingLink>
      <JourneyPatternTimingLink id="JPS_AGCO031-2_48610">
        <From>
          <StopPointRef>6400S119</StopPointRef>
          <TimingStatus>OTH</TimingStatus>
        </From>
        <To>
          <StopPointRef>6400PT1740</StopPointRef>
          <TimingStatus>OTH</TimingStatus>
        </To>
        <RouteLinkRef>AGCO031_001_48610</RouteLinkRef>
        <Direction>outbound</Direction>
        <RunTime>PT0S</RunTime>
      </JourneyPatternTimingLink>
      <JourneyPatternTimingLink id="JPS_AGCO031-2_48611">
        <From>
          <StopPointRef>6400PT1740</StopPointRef>
          <TimingStatus>OTH</TimingStatus>
        </From>
        <To>
          <StopPointRef>6400PT1714</StopPointRef>
          <TimingStatus>OTH</TimingStatus>
        </To>
        <RouteLinkRef>AGCO031_001_48611</RouteLinkRef>
        <Direction>outbound</Direction>
        <RunTime>PT60S</RunTime>
      </JourneyPatternTimingLink>
      <JourneyPatternTimingLink id="JPS_AGCO031-2_48612">
        <From>
          <StopPointRef>6400PT1714</StopPointRef>
          <TimingStatus>OTH</TimingStatus>
        </From>
        <To>
          <StopPointRef>6400PT1715</StopPointRef>
          <TimingStatus>OTH</TimingStatus>
        </To>
        <RouteLinkRef>AGCO031_001_48612</RouteLinkRef>
        <Direction>outbound</Direction>
        <RunTime>PT60S</RunTime>
      </JourneyPatternTimingLink>
      <JourneyPatternTimingLink id="JPS_AGCO031-2_48613">
        <From>
          <StopPointRef>6400PT1715</StopPointRef>
          <TimingStatus>OTH</TimingStatus>
        </From>
        <To>
          <StopPointRef>6400PT1452</StopPointRef>
          <TimingStatus>PTP</TimingStatus>
        </To>
        <RouteLinkRef>AGCO031_001_48613</RouteLinkRef>
        <Direction>outbound</Direction>
        <RunTime>PT0S</RunTime>
      </JourneyPatternTimingLink>
      <JourneyPatternTimingLink id="JPS_AGCO031-2_48614">
        <From>
          <StopPointRef>6400PT1452</StopPointRef>
          <TimingStatus>PTP</TimingStatus>
        </From>
        <To>
          <StopPointRef>64006839</StopPointRef>
          <TimingStatus>OTH</TimingStatus>
        </To>
        <RouteLinkRef>AGCO031_001_48614</RouteLinkRef>
        <Direction>outbound</Direction>
        <RunTime>PT0S</RunTime>
      </JourneyPatternTimingLink>
      <JourneyPatternTimingLink id="JPS_AGCO031-2_48615">
        <From>
          <StopPointRef>64006839</StopPointRef>
          <TimingStatus>OTH</TimingStatus>
        </From>
        <To>
          <StopPointRef>6400PT1378</StopPointRef>
          <TimingStatus>OTH</TimingStatus>
        </To>
        <RouteLinkRef>AGCO031_001_48615</RouteLinkRef>
        <Direction>outbound</Direction>
        <RunTime>PT60S</RunTime>
      </JourneyPatternTimingLink>
      <JourneyPatternTimingLink id="JPS_AGCO031-2_48616">
        <From>
          <StopPointRef>6400PT1378</StopPointRef>
          <TimingStatus>OTH</TimingStatus>
        </From>
        <To>
          <StopPointRef>640014418</StopPointRef>
          <TimingStatus>PTP</TimingStatus>
        </To>
        <RouteLinkRef>AGCO031_001_48616</RouteLinkRef>
        <Direction>outbound</Direction>
        <RunTime>PT120S</RunTime>
      </JourneyPatternTimingLink>
      <JourneyPatternTimingLink id="JPS_AGCO031-2_48617">
        <From>
          <StopPointRef>640014418</StopPointRef>
          <TimingStatus>PTP</TimingStatus>
        </From>
        <To>
          <StopPointRef>6400PT1379</StopPointRef>
          <TimingStatus>OTH</TimingStatus>
        </To>
        <RouteLinkRef>AGCO031_001_48617</RouteLinkRef>
        <Direction>outbound</Direction>
        <RunTime>PT0S</RunTime>
      </JourneyPatternTimingLink>
      <JourneyPatternTimingLink id="JPS_AGCO031-2_48618">
        <From>
          <StopPointRef>6400PT1379</StopPointRef>
          <TimingStatus>OTH</TimingStatus>
        </From>
        <To>
          <StopPointRef>6490IM609</StopPointRef>
          <TimingStatus>PTP</TimingStatus>
        </To>
        <RouteLinkRef>AGCO031_001_48618</RouteLinkRef>
        <Direction>outbound</Direction>
        <RunTime>PT300S</RunTime>
      </JourneyPatternTimingLink>
      <JourneyPatternTimingLink id="JPS_AGCO031-2_48619">
        <From>
          <StopPointRef>6490IM609</StopPointRef>
          <TimingStatus>PTP</TimingStatus>
        </From>
        <To>
          <StopPointRef>6490IM610</StopPointRef>
          <TimingStatus>OTH</TimingStatus>
        </To>
        <RouteLinkRef>AGCO031_001_48619</RouteLinkRef>
        <Direction>outbound</Direction>
        <RunTime>PT0S</RunTime>
      </JourneyPatternTimingLink>
      <JourneyPatternTimingLink id="JPS_AGCO031-2_48620">
        <From>
          <StopPointRef>6490IM610</StopPointRef>
          <TimingStatus>OTH</TimingStatus>
        </From>
        <To>
          <StopPointRef>6490IM1461</StopPointRef>
          <TimingStatus>OTH</TimingStatus>
        </To>
        <RouteLinkRef>AGCO031_001_48620</RouteLinkRef>
        <Direction>outbound</Direction>
        <RunTime>PT0S</RunTime>
      </JourneyPatternTimingLink>
      <JourneyPatternTimingLink id="JPS_AGCO031-2_48621">
        <From>
          <StopPointRef>6490IM1461</StopPointRef>
          <TimingStatus>OTH</TimingStatus>
        </From>
        <To>
          <StopPointRef>6490IM1739</StopPointRef>
          <TimingStatus>OTH</TimingStatus>
        </To>
        <RouteLinkRef>AGCO031_001_48621</RouteLinkRef>
        <Direction>outbound</Direction>
        <RunTime>PT60S</RunTime>
      </JourneyPatternTimingLink>
      <JourneyPatternTimingLink id="JPS_AGCO031-2_48622">
        <From>
          <StopPointRef>6490IM1739</StopPointRef>
          <TimingStatus>OTH</TimingStatus>
        </From>
        <To>
          <StopPointRef>6490IM1782</StopPointRef>
          <TimingStatus>OTH</TimingStatus>
        </To>
        <RouteLinkRef>AGCO031_001_48622</RouteLinkRef>
        <Direction>outbound</Direction>
        <RunTime>PT240S</RunTime>
      </JourneyPatternTimingLink>
      <JourneyPatternTimingLink id="JPS_AGCO031-2_48623">
        <From>
          <StopPointRef>6490IM1782</StopPointRef>
          <TimingStatus>OTH</TimingStatus>
        </From>
        <To>
          <StopPointRef>6490IM141</StopPointRef>
          <TimingStatus>PTP</TimingStatus>
        </To>
        <RouteLinkRef>AGCO031_001_48623</RouteLinkRef>
        <Direction>outbound</Direction>
        <RunTime>PT120S</RunTime>
      </JourneyPatternTimingLink>
      <JourneyPatternTimingLink id="JPS_AGCO031-2_48624">
        <From>
          <StopPointRef>6490IM141</StopPointRef>
          <TimingStatus>PTP</TimingStatus>
        </From>
        <To>
          <StopPointRef>6490IM1781</StopPointRef>
          <TimingStatus>OTH</TimingStatus>
        </To>
        <RouteLinkRef>AGCO031_001_48624</RouteLinkRef>
        <Direction>outbound</Direction>
        <RunTime>PT120S</RunTime>
      </JourneyPatternTimingLink>
      <JourneyPatternTimingLink id="JPS_AGCO031-2_48625">
        <From>
          <StopPointRef>6490IM1781</StopPointRef>
          <TimingStatus>OTH</TimingStatus>
        </From>
        <To>
          <StopPointRef>6490IM140</StopPointRef>
          <TimingStatus>OTH</TimingStatus>
        </To>
        <RouteLinkRef>AGCO031_001_48625</RouteLinkRef>
        <Direction>outbound</Direction>
        <RunTime>PT60S</RunTime>
      </JourneyPatternTimingLink>
      <JourneyPatternTimingLink id="JPS_AGCO031-2_48626">
        <From>
          <StopPointRef>6490IM140</StopPointRef>
          <TimingStatus>OTH</TimingStatus>
        </From>
        <To>
          <StopPointRef>6490IM1269</StopPointRef>
          <TimingStatus>PTP</TimingStatus>
        </To>
        <RouteLinkRef>AGCO031_001_48626</RouteLinkRef>
        <Direction>outbound</Direction>
        <RunTime>PT0S</RunTime>
      </JourneyPatternTimingLink>
      <JourneyPatternTimingLink id="JPS_AGCO031-2_48627">
        <From>
          <StopPointRef>6490IM1269</StopPointRef>
          <TimingStatus>PTP</TimingStatus>
        </From>
        <To>
          <StopPointRef>6490IM1271</StopPointRef>
          <TimingStatus>OTH</TimingStatus>
        </To>
        <RouteLinkRef>AGCO031_001_48627</RouteLinkRef>
        <Direction>outbound</Direction>
        <RunTime>PT60S</RunTime>
      </JourneyPatternTimingLink>
      <JourneyPatternTimingLink id="JPS_AGCO031-2_48628">
        <From>
          <StopPointRef>6490IM1271</StopPointRef>
          <TimingStatus>OTH</TimingStatus>
        </From>
        <To>
          <StopPointRef>6490IM1883</StopPointRef>
          <TimingStatus>OTH</TimingStatus>
        </To>
        <RouteLinkRef>AGCO031_001_48628</RouteLinkRef>
        <Direction>outbound</Direction>
        <RunTime>PT60S</RunTime>
      </JourneyPatternTimingLink>
      <JourneyPatternTimingLink id="JPS_AGCO031-2_48629">
        <From>
          <StopPointRef>6490IM1883</StopPointRef>
          <TimingStatus>OTH</TimingStatus>
        </From>
        <To>
          <StopPointRef>6490IM1884</StopPointRef>
          <TimingStatus>PTP</TimingStatus>
        </To>
        <RouteLinkRef>AGCO031_001_48629</RouteLinkRef>
        <Direction>outbound</Direction>
        <RunTime>PT60S</RunTime>
      </JourneyPatternTimingLink>
      <JourneyPatternTimingLink id="JPS_AGCO031-2_48630">
        <From>
          <StopPointRef>6490IM1884</StopPointRef>
          <TimingStatus>PTP</TimingStatus>
        </From>
        <To>
          <StopPointRef>6490IM165</StopPointRef>
          <TimingStatus>PTP</TimingStatus>
        </To>
        <RouteLinkRef>AGCO031_001_48630</RouteLinkRef>
        <Direction>outbound</Direction>
        <RunTime>PT60S</RunTime>
      </JourneyPatternTimingLink>
      <JourneyPatternTimingLink id="JPS_AGCO031-2_48631">
        <From>
          <StopPointRef>6490IM165</StopPointRef>
          <TimingStatus>PTP</TimingStatus>
        </From>
        <To>
          <StopPointRef>6400PT1377</StopPointRef>
          <TimingStatus>OTH</TimingStatus>
        </To>
        <RouteLinkRef>AGCO031_001_48631</RouteLinkRef>
        <Direction>outbound</Direction>
        <RunTime>PT120S</RunTime>
      </JourneyPatternTimingLink>
      <JourneyPatternTimingLink id="JPS_AGCO031-2_48632">
        <From>
          <StopPointRef>6400PT1377</StopPointRef>
          <TimingStatus>OTH</TimingStatus>
        </From>
        <To>
          <StopPointRef>640014416</StopPointRef>
          <TimingStatus>PTP</TimingStatus>
        </To>
        <RouteLinkRef>AGCO031_001_48632</RouteLinkRef>
        <Direction>outbound</Direction>
        <RunTime>PT0S</RunTime>
      </JourneyPatternTimingLink>
      <JourneyPatternTimingLink id="JPS_AGCO031-2_48633">
        <From>
          <StopPointRef>640014416</StopPointRef>
          <TimingStatus>PTP</TimingStatus>
        </From>
        <To>
          <StopPointRef>6400PT1376</StopPointRef>
          <TimingStatus>OTH</TimingStatus>
        </To>
        <RouteLinkRef>AGCO031_001_48633</RouteLinkRef>
        <Direction>outbound</Direction>
        <RunTime>PT60S</RunTime>
      </JourneyPatternTimingLink>
      <JourneyPatternTimingLink id="JPS_AGCO031-2_48634">
        <From>
          <StopPointRef>6400PT1376</StopPointRef>
          <TimingStatus>OTH</TimingStatus>
        </From>
        <To>
          <StopPointRef>64006859</StopPointRef>
          <TimingStatus>OTH</TimingStatus>
        </To>
        <RouteLinkRef>AGCO031_001_48634</RouteLinkRef>
        <Direction>outbound</Direction>
        <RunTime>PT120S</RunTime>
      </JourneyPatternTimingLink>
      <JourneyPatternTimingLink id="JPS_AGCO031-2_48635">
        <From>
          <StopPointRef>64006859</StopPointRef>
          <TimingStatus>OTH</TimingStatus>
        </From>
        <To>
          <StopPointRef>6400A111</StopPointRef>
          <TimingStatus>PTP</TimingStatus>
        </To>
        <RouteLinkRef>AGCO031_001_48635</RouteLinkRef>
        <Direction>outbound</Direction>
        <RunTime>PT0S</RunTime>
      </JourneyPatternTimingLink>
      <JourneyPatternTimingLink id="JPS_AGCO031-2_48636">
        <From>
          <StopPointRef>6400A111</StopPointRef>
          <TimingStatus>PTP</TimingStatus>
        </From>
        <To>
          <StopPointRef>6400PT1449</StopPointRef>
          <TimingStatus>OTH</TimingStatus>
        </To>
        <RouteLinkRef>AGCO031_001_48636</RouteLinkRef>
        <Direction>outbound</Direction>
        <RunTime>PT0S</RunTime>
      </JourneyPatternTimingLink>
      <JourneyPatternTimingLink id="JPS_AGCO031-2_48637">
        <From>
          <StopPointRef>6400PT1449</StopPointRef>
          <TimingStatus>OTH</TimingStatus>
        </From>
        <To>
          <StopPointRef>6400PT1716</StopPointRef>
          <TimingStatus>OTH</TimingStatus>
        </To>
        <RouteLinkRef>AGCO031_001_48637</RouteLinkRef>
        <Direction>outbound</Direction>
        <RunTime>PT60S</RunTime>
      </JourneyPatternTimingLink>
      <JourneyPatternTimingLink id="JPS_AGCO031-2_48638">
        <From>
          <StopPointRef>6400PT1716</StopPointRef>
          <TimingStatus>OTH</TimingStatus>
        </From>
        <To>
          <StopPointRef>6400PT1738</StopPointRef>
          <TimingStatus>OTH</TimingStatus>
        </To>
        <RouteLinkRef>AGCO031_001_48638</RouteLinkRef>
        <Direction>outbound</Direction>
        <RunTime>PT0S</RunTime>
      </JourneyPatternTimingLink>
      <JourneyPatternTimingLink id="JPS_AGCO031-2_48639">
        <From>
          <StopPointRef>6400PT1738</StopPointRef>
          <TimingStatus>OTH</TimingStatus>
        </From>
        <To>
          <StopPointRef>6400PT1739</StopPointRef>
          <TimingStatus>OTH</TimingStatus>
        </To>
        <RouteLinkRef>AGCO031_001_48639</RouteLinkRef>
        <Direction>outbound</Direction>
        <RunTime>PT0S</RunTime>
      </JourneyPatternTimingLink>
      <JourneyPatternTimingLink id="JPS_AGCO031-2_48640">
        <From>
          <StopPointRef>6400PT1739</StopPointRef>
          <TimingStatus>OTH</TimingStatus>
        </From>
        <To>
          <StopPointRef>6400PT1139</StopPointRef>
          <TimingStatus>OTH</TimingStatus>
        </To>
        <RouteLinkRef>AGCO031_001_48640</RouteLinkRef>
        <Direction>outbound</Direction>
        <RunTime>PT60S</RunTime>
      </JourneyPatternTimingLink>
      <JourneyPatternTimingLink id="JPS_AGCO031-2_48641">
        <From>
          <StopPointRef>6400PT1139</StopPointRef>
          <TimingStatus>OTH</TimingStatus>
        </From>
        <To>
          <StopPointRef>6400S120</StopPointRef>
          <TimingStatus>OTH</TimingStatus>
        </To>
        <RouteLinkRef>AGCO031_001_48641</RouteLinkRef>
        <Direction>outbound</Direction>
        <RunTime>PT0S</RunTime>
      </JourneyPatternTimingLink>
      <JourneyPatternTimingLink id="JPS_AGCO031-2_48642">
        <From>
          <StopPointRef>6400S120</StopPointRef>
          <TimingStatus>OTH</TimingStatus>
        </From>
        <To>
          <StopPointRef>6400PT1683</StopPointRef>
          <TimingStatus>OTH</TimingStatus>
        </To>
        <RouteLinkRef>AGCO031_001_48642</RouteLinkRef>
        <Direction>outbound</Direction>
        <RunTime>PT60S</RunTime>
      </JourneyPatternTimingLink>
      <JourneyPatternTimingLink id="JPS_AGCO031-2_48643">
        <From>
          <StopPointRef>6400PT1683</StopPointRef>
          <TimingStatus>OTH</TimingStatus>
        </From>
        <To>
          <StopPointRef>6400PT1142</StopPointRef>
          <TimingStatus>OTH</TimingStatus>
        </To>
        <RouteLinkRef>AGCO031_001_48643</RouteLinkRef>
        <Direction>outbound</Direction>
        <RunTime>PT0S</RunTime>
      </JourneyPatternTimingLink>
      <JourneyPatternTimingLink id="JPS_AGCO031-2_48644">
        <From>
          <StopPointRef>6400PT1142</StopPointRef>
          <TimingStatus>OTH</TimingStatus>
        </From>
        <To>
          <StopPointRef>6400N4</StopPointRef>
          <TimingStatus>PTP</TimingStatus>
        </To>
        <RouteLinkRef>AGCO031_001_48644</RouteLinkRef>
        <Direction>outbound</Direction>
        <RunTime>PT60S</RunTime>
      </JourneyPatternTimingLink>
    </JourneyPatternSection>
  </JourneyPatternSections>
  <Operators>
    <Operator id="MOF">
      <NationalOperatorCode>MOFF</NationalOperatorCode>
      <OperatorCode>MOF</OperatorCode>
      <OperatorShortName>Moffat + Williamson</OperatorShortName>
    </Operator>
  </Operators>
  <Services>
    <Service>
      <ServiceCode>AGCO031</ServiceCode>
      <Lines>
        <Line id="0">
          <LineName>31</LineName>
        </Line>
      </Lines>
      <OperatingPeriod>
        <StartDate>2018-05-28</StartDate>
        <EndDate>2049-12-31</EndDate>
      </OperatingPeriod>
      <RegisteredOperatorRef>MOF</RegisteredOperatorRef>
      <StopRequirements>
        <NoNewStopsRequired />
      </StopRequirements>
      <Mode>bus</Mode>
      <Description>Fowlis and Birkhill circular - Ninewells</Description>
      <StandardService>
        <Origin>Fowlis and Birkhill circular</Origin>
        <Destination>Ninewells</Destination>
        <JourneyPattern id="JPS_AGCO031-2">
          <Direction>outbound</Direction>
          <JourneyPatternSectionRefs>JPS_AGCO031-2</JourneyPatternSectionRefs>
        </JourneyPattern>
      </StandardService>
    </Service>
  </Services>
  <VehicleJourneys>
    <VehicleJourney>
      <OperatorRef>MOF</OperatorRef>
      <OperatingProfile>
        <RegularDayType>
          <DaysOfWeek>
            <Monday />
            <Tuesday />
            <Wednesday />
            <Thursday />
            <Friday />
          </DaysOfWeek>
        </RegularDayType>
      </OperatingProfile>
      <VehicleJourneyCode>13904</VehicleJourneyCode>
      <ServiceRef>AGCO031</ServiceRef>
      <LineRef>0</LineRef>
      <JourneyPatternRef>JPS_AGCO031-2</JourneyPatternRef>
      <DepartureTime>09:45:00</DepartureTime>
    </VehicleJourney>
    <VehicleJourney>
      <OperatorRef>MOF</OperatorRef>
      <OperatingProfile>
        <RegularDayType>
          <DaysOfWeek>
            <Monday />
            <Tuesday />
            <Wednesday />
            <Thursday />
            <Friday />
          </DaysOfWeek>
        </RegularDayType>
      </OperatingProfile>
      <VehicleJourneyCode>13905</VehicleJourneyCode>
      <ServiceRef>AGCO031</ServiceRef>
      <LineRef>0</LineRef>
      <JourneyPatternRef>JPS_AGCO031-2</JourneyPatternRef>
      <DepartureTime>10:25:00</DepartureTime>
    </VehicleJourney>
    <VehicleJourney>
      <OperatorRef>MOF</OperatorRef>
      <OperatingProfile>
        <RegularDayType>
          <DaysOfWeek>
            <Monday />
            <Tuesday />
            <Wednesday />
            <Thursday />
            <Friday />
          </DaysOfWeek>
        </RegularDayType>
      </OperatingProfile>
      <VehicleJourneyCode>13906</VehicleJourneyCode>
      <ServiceRef>AGCO031</ServiceRef>
      <LineRef>0</LineRef>
      <JourneyPatternRef>JPS_AGCO031-2</JourneyPatternRef>
      <DepartureTime>12:25:00</DepartureTime>
    </VehicleJourney>
    <VehicleJourney>
      <OperatorRef>MOF</OperatorRef>
      <OperatingProfile>
        <RegularDayType>
          <DaysOfWeek>
            <Monday />
            <Tuesday />
            <Wednesday />
            <Thursday />
            <Friday />
          </DaysOfWeek>
        </RegularDayType>
      </OperatingProfile>
      <VehicleJourneyCode>13907</VehicleJourneyCode>
      <ServiceRef>AGCO031</ServiceRef>
      <LineRef>0</LineRef>
      <JourneyPatternRef>JPS_AGCO031-2</JourneyPatternRef>
      <DepartureTime>14:25:00</DepartureTime>
    </VehicleJourney>
    <VehicleJourney>
      <OperatorRef>MOF</OperatorRef>
      <OperatingProfile>
        <RegularDayType>
          <DaysOfWeek>
            <Saturday />
          </DaysOfWeek>
        </RegularDayType>
      </OperatingProfile>
      <VehicleJourneyCode>13908</VehicleJourneyCode>
      <ServiceRef>AGCO031</ServiceRef>
      <LineRef>0</LineRef>
      <JourneyPatternRef>JPS_AGCO031-2</JourneyPatternRef>
      <DepartureTime>09:45:00</DepartureTime>
    </VehicleJourney>
    <VehicleJourney>
      <OperatorRef>MOF</OperatorRef>
      <OperatingProfile>
        <RegularDayType>
          <DaysOfWeek>
            <Saturday />
          </DaysOfWeek>
        </RegularDayType>
      </OperatingProfile>
      <VehicleJourneyCode>13909</VehicleJourneyCode>
      <ServiceRef>AGCO031</ServiceRef>
      <LineRef>0</LineRef>
      <JourneyPatternRef>JPS_AGCO031-2</JourneyPatternRef>
      <DepartureTime>10:25:00</DepartureTime>
    </VehicleJourney>
    <VehicleJourney>
      <OperatorRef>MOF</OperatorRef>
      <OperatingProfile>
        <RegularDayType>
          <DaysOfWeek>
            <Saturday />
          </DaysOfWeek>
        </RegularDayType>
      </OperatingProfile>
      <VehicleJourneyCode>13910</VehicleJourneyCode>
      <ServiceRef>AGCO031</ServiceRef>
      <LineRef>0</LineRef>
      <JourneyPatternRef>JPS_AGCO031-2</JourneyPatternRef>
      <DepartureTime>12:25:00</DepartureTime>
    </VehicleJourney>
    <VehicleJourney>
      <OperatorRef>MOF</OperatorRef>
      <OperatingProfile>
        <RegularDayType>
          <DaysOfWeek>
            <Saturday />
          </DaysOfWeek>
        </RegularDayType>
      </OperatingProfile>
      <VehicleJourneyCode>13911</VehicleJourneyCode>
      <ServiceRef>AGCO031</ServiceRef>
      <LineRef>0</LineRef>
      <JourneyPatternRef>JPS_AGCO031-2</JourneyPatternRef>
      <DepartureTime>14:25:00</DepartureTime>
    </VehicleJourney>
  </VehicleJourneys>
</TransXChange>