<?xml version="1.0" encoding="utf-8"?>
<TransXChange xmlns:xsi="http://www.w3.org/2001/XMLSchema-instance" xmlns:xsd="http://www.w3.org/2001/XMLSchema" xsi:schemaLocation="http://www.transxchange.org.uk/ http://www.transxchange.org.uk/schema/2.1/TransXChange_general.xsd" CreationDateTime="2019-10-07T13:10:00-00:00" ModificationDateTime="2019-10-07T13:10:00-00:00" Modification="new" RevisionNumber="0" FileName="SVRAGAO248.xml" SchemaVersion="2.1" RegistrationDocument="false" xmlns="http://www.transxchange.org.uk/">
  <ServicedOrganisations>
    <ServicedOrganisation>
      <OrganisationCode>174</OrganisationCode>
      <Name>
QE0 : BUS.CIF
</Name>
      <WorkingDays>
        <DateRange>
          <StartDate>2016-11-11</StartDate>
          <EndDate>2019-08-20</EndDate>
        </DateRange>
        <DateRange>
          <StartDate>2019-08-22</StartDate>
          <EndDate>2019-09-03</EndDate>
        </DateRange>
        <DateRange>
          <StartDate>2019-09-05</StartDate>
          <EndDate>2019-09-17</EndDate>
        </DateRange>
        <DateRange>
          <StartDate>2019-09-19</StartDate>
          <EndDate>2019-10-01</EndDate>
        </DateRange>
        <DateRange>
          <StartDate>2019-10-03</StartDate>
          <EndDate>2019-10-15</EndDate>
        </DateRange>
        <DateRange>
          <StartDate>2019-10-17</StartDate>
          <EndDate>2049-12-31</EndDate>
        </DateRange>
      </WorkingDays>
    </ServicedOrganisation>
    <ServicedOrganisation>
      <OrganisationCode>175</OrganisationCode>
      <Name>
QE0 : BUS.CIF
</Name>
      <WorkingDays>
        <DateRange>
          <StartDate>2016-11-11</StartDate>
          <EndDate>2019-08-20</EndDate>
        </DateRange>
        <DateRange>
          <StartDate>2019-08-22</StartDate>
          <EndDate>2019-09-03</EndDate>
        </DateRange>
        <DateRange>
          <StartDate>2019-09-05</StartDate>
          <EndDate>2019-09-17</EndDate>
        </DateRange>
        <DateRange>
          <StartDate>2019-09-19</StartDate>
          <EndDate>2019-10-01</EndDate>
        </DateRange>
        <DateRange>
          <StartDate>2019-10-03</StartDate>
          <EndDate>2019-10-15</EndDate>
        </DateRange>
        <DateRange>
          <StartDate>2019-10-17</StartDate>
          <EndDate>2019-10-29</EndDate>
        </DateRange>
        <DateRange>
          <StartDate>2019-10-31</StartDate>
          <EndDate>2049-12-31</EndDate>
        </DateRange>
      </WorkingDays>
    </ServicedOrganisation>
  </ServicedOrganisations>
  <StopPoints>
    <AnnotatedStopPointRef>
      <StopPointRef>60709269</StopPointRef>
      <CommonName>Station Road</CommonName>
    </AnnotatedStopPointRef>
    <AnnotatedStopPointRef>
      <StopPointRef>60707531</StopPointRef>
      <CommonName>Hotel</CommonName>
    </AnnotatedStopPointRef>
    <AnnotatedStopPointRef>
      <StopPointRef>60709513</StopPointRef>
      <CommonName>Power Station</CommonName>
    </AnnotatedStopPointRef>
    <AnnotatedStopPointRef>
      <StopPointRef>60707514</StopPointRef>
      <CommonName>Post Office</CommonName>
    </AnnotatedStopPointRef>
    <AnnotatedStopPointRef>
      <StopPointRef>66005690003</StopPointRef>
      <CommonName>Public Toilets</CommonName>
    </AnnotatedStopPointRef>
    <AnnotatedStopPointRef>
      <StopPointRef>66005680005</StopPointRef>
      <CommonName>Ben More Restaurant</CommonName>
    </AnnotatedStopPointRef>
    <AnnotatedStopPointRef>
      <StopPointRef>66005672002</StopPointRef>
      <CommonName>Garage</CommonName>
    </AnnotatedStopPointRef>
    <AnnotatedStopPointRef>
      <StopPointRef>66005660003</StopPointRef>
      <CommonName>Water Sports Centre</CommonName>
    </AnnotatedStopPointRef>
    <AnnotatedStopPointRef>
      <StopPointRef>64802417</StopPointRef>
      <CommonName>Arrans Hotel</CommonName>
    </AnnotatedStopPointRef>
    <AnnotatedStopPointRef>
      <StopPointRef>64801105</StopPointRef>
      <CommonName>Hill Street</CommonName>
    </AnnotatedStopPointRef>
    <AnnotatedStopPointRef>
      <StopPointRef>64801634</StopPointRef>
      <CommonName>Fowlis Wester Road End</CommonName>
    </AnnotatedStopPointRef>
    <AnnotatedStopPointRef>
      <StopPointRef>64801095</StopPointRef>
      <CommonName>Methven Arms</CommonName>
    </AnnotatedStopPointRef>
    <AnnotatedStopPointRef>
      <StopPointRef>64801010</StopPointRef>
      <CommonName>South Street</CommonName>
    </AnnotatedStopPointRef>
    <AnnotatedStopPointRef>
      <StopPointRef>64801651</StopPointRef>
      <CommonName>Abernyte Link Road</CommonName>
    </AnnotatedStopPointRef>
    <AnnotatedStopPointRef>
      <StopPointRef>6400A02</StopPointRef>
      <CommonName>Forum Centre</CommonName>
    </AnnotatedStopPointRef>
    <AnnotatedStopPointRef>
      <StopPointRef>6400S255</StopPointRef>
      <CommonName>Hebrides Drive</CommonName>
    </AnnotatedStopPointRef>
    <AnnotatedStopPointRef>
      <StopPointRef>6490IM645</StopPointRef>
      <CommonName>Inveraldie Village</CommonName>
    </AnnotatedStopPointRef>
    <AnnotatedStopPointRef>
      <StopPointRef>6490IM959</StopPointRef>
      <CommonName>Old Guide Dog Centre</CommonName>
    </AnnotatedStopPointRef>
    <AnnotatedStopPointRef>
      <StopPointRef>6490IM523</StopPointRef>
      <CommonName>Lentlands Road</CommonName>
    </AnnotatedStopPointRef>
    <AnnotatedStopPointRef>
      <StopPointRef>6490IM241</StopPointRef>
      <CommonName>Royal Bank of Scotland</CommonName>
    </AnnotatedStopPointRef>
    <AnnotatedStopPointRef>
      <StopPointRef>6490IM331</StopPointRef>
      <CommonName>St John's Church</CommonName>
    </AnnotatedStopPointRef>
    <AnnotatedStopPointRef>
      <StopPointRef>6490IM526</StopPointRef>
      <CommonName>Lentlands Road</CommonName>
    </AnnotatedStopPointRef>
    <AnnotatedStopPointRef>
      <StopPointRef>6490IM553</StopPointRef>
      <CommonName>Old Guide Dog Centre</CommonName>
    </AnnotatedStopPointRef>
    <AnnotatedStopPointRef>
      <StopPointRef>6490IM646</StopPointRef>
      <CommonName>Inveraldie Village</CommonName>
    </AnnotatedStopPointRef>
    <AnnotatedStopPointRef>
      <StopPointRef>6400PT1900</StopPointRef>
      <CommonName>Fintry Drive</CommonName>
    </AnnotatedStopPointRef>
    <AnnotatedStopPointRef>
      <StopPointRef>6400PT1169</StopPointRef>
      <CommonName>Murraygate</CommonName>
    </AnnotatedStopPointRef>
    <AnnotatedStopPointRef>
      <StopPointRef>64800191</StopPointRef>
      <CommonName>Road End</CommonName>
    </AnnotatedStopPointRef>
    <AnnotatedStopPointRef>
      <StopPointRef>64802052</StopPointRef>
      <CommonName>Canal Street</CommonName>
    </AnnotatedStopPointRef>
    <AnnotatedStopPointRef>
      <StopPointRef>64801633</StopPointRef>
      <CommonName>Fowlis Wester Road End</CommonName>
    </AnnotatedStopPointRef>
    <AnnotatedStopPointRef>
      <StopPointRef>64801104</StopPointRef>
      <CommonName>RS McColl</CommonName>
    </AnnotatedStopPointRef>
    <AnnotatedStopPointRef>
      <StopPointRef>64802416</StopPointRef>
      <CommonName>Arrans Hotel</CommonName>
    </AnnotatedStopPointRef>
    <AnnotatedStopPointRef>
      <StopPointRef>66005660004</StopPointRef>
      <CommonName>Water Sports Centre</CommonName>
    </AnnotatedStopPointRef>
    <AnnotatedStopPointRef>
      <StopPointRef>66005680006</StopPointRef>
      <CommonName>Ben More Restaurant</CommonName>
    </AnnotatedStopPointRef>
    <AnnotatedStopPointRef>
      <StopPointRef>66005690004</StopPointRef>
      <CommonName>Pine Trees Leisure Park</CommonName>
    </AnnotatedStopPointRef>
    <AnnotatedStopPointRef>
      <StopPointRef>60709514</StopPointRef>
      <CommonName>Post Office</CommonName>
    </AnnotatedStopPointRef>
    <AnnotatedStopPointRef>
      <StopPointRef>60707513</StopPointRef>
      <CommonName>Power Station</CommonName>
    </AnnotatedStopPointRef>
    <AnnotatedStopPointRef>
      <StopPointRef>60709531</StopPointRef>
      <CommonName>Hotel</CommonName>
    </AnnotatedStopPointRef>
  </StopPoints>
  <RouteSections>
    <RouteSection id="AGAO248_002">
      <RouteLink id="AGAO248_002_45411">
        <From>
          <StopPointRef>60709269</StopPointRef>
        </From>
        <To>
          <StopPointRef>60707531</StopPointRef>
        </To>
        <Direction>inbound</Direction>
      </RouteLink>
      <RouteLink id="AGAO248_002_45412">
        <From>
          <StopPointRef>60707531</StopPointRef>
        </From>
        <To>
          <StopPointRef>60709513</StopPointRef>
        </To>
        <Direction>inbound</Direction>
      </RouteLink>
      <RouteLink id="AGAO248_002_45413">
        <From>
          <StopPointRef>60709513</StopPointRef>
        </From>
        <To>
          <StopPointRef>60707514</StopPointRef>
        </To>
        <Direction>inbound</Direction>
      </RouteLink>
      <RouteLink id="AGAO248_002_45414">
        <From>
          <StopPointRef>60707514</StopPointRef>
        </From>
        <To>
          <StopPointRef>66005690003</StopPointRef>
        </To>
        <Direction>inbound</Direction>
      </RouteLink>
      <RouteLink id="AGAO248_002_45415">
        <From>
          <StopPointRef>66005690003</StopPointRef>
        </From>
        <To>
          <StopPointRef>66005680005</StopPointRef>
        </To>
        <Direction>inbound</Direction>
      </RouteLink>
      <RouteLink id="AGAO248_002_45416">
        <From>
          <StopPointRef>66005680005</StopPointRef>
        </From>
        <To>
          <StopPointRef>66005672002</StopPointRef>
        </To>
        <Direction>inbound</Direction>
      </RouteLink>
      <RouteLink id="AGAO248_002_45417">
        <From>
          <StopPointRef>66005672002</StopPointRef>
        </From>
        <To>
          <StopPointRef>66005660003</StopPointRef>
        </To>
        <Direction>inbound</Direction>
      </RouteLink>
      <RouteLink id="AGAO248_002_45418">
        <From>
          <StopPointRef>66005660003</StopPointRef>
        </From>
        <To>
          <StopPointRef>64802417</StopPointRef>
        </To>
        <Direction>inbound</Direction>
      </RouteLink>
      <RouteLink id="AGAO248_002_45419">
        <From>
          <StopPointRef>64802417</StopPointRef>
        </From>
        <To>
          <StopPointRef>64801105</StopPointRef>
        </To>
        <Direction>inbound</Direction>
      </RouteLink>
      <RouteLink id="AGAO248_002_45420">
        <From>
          <StopPointRef>64801105</StopPointRef>
        </From>
        <To>
          <StopPointRef>64801634</StopPointRef>
        </To>
        <Direction>inbound</Direction>
      </RouteLink>
      <RouteLink id="AGAO248_002_45421">
        <From>
          <StopPointRef>64801634</StopPointRef>
        </From>
        <To>
          <StopPointRef>64801095</StopPointRef>
        </To>
        <Direction>inbound</Direction>
      </RouteLink>
      <RouteLink id="AGAO248_002_45422">
        <From>
          <StopPointRef>64801095</StopPointRef>
        </From>
        <To>
          <StopPointRef>64801010</StopPointRef>
        </To>
        <Direction>inbound</Direction>
      </RouteLink>
      <RouteLink id="AGAO248_002_45423">
        <From>
          <StopPointRef>64801010</StopPointRef>
        </From>
        <To>
          <StopPointRef>64801651</StopPointRef>
        </To>
        <Direction>inbound</Direction>
      </RouteLink>
      <RouteLink id="AGAO248_002_45424">
        <From>
          <StopPointRef>64801651</StopPointRef>
        </From>
        <To>
          <StopPointRef>6400A02</StopPointRef>
        </To>
        <Direction>inbound</Direction>
      </RouteLink>
      <RouteLink id="AGAO248_002_45425">
        <From>
          <StopPointRef>6400A02</StopPointRef>
        </From>
        <To>
          <StopPointRef>6400S255</StopPointRef>
        </To>
        <Direction>inbound</Direction>
      </RouteLink>
      <RouteLink id="AGAO248_002_45426">
        <From>
          <StopPointRef>6400S255</StopPointRef>
        </From>
        <To>
          <StopPointRef>6490IM645</StopPointRef>
        </To>
        <Direction>inbound</Direction>
      </RouteLink>
      <RouteLink id="AGAO248_002_45427">
        <From>
          <StopPointRef>6490IM645</StopPointRef>
        </From>
        <To>
          <StopPointRef>6490IM959</StopPointRef>
        </To>
        <Direction>inbound</Direction>
      </RouteLink>
      <RouteLink id="AGAO248_002_45428">
        <From>
          <StopPointRef>6490IM959</StopPointRef>
        </From>
        <To>
          <StopPointRef>6490IM523</StopPointRef>
        </To>
        <Direction>inbound</Direction>
      </RouteLink>
      <RouteLink id="AGAO248_002_45429">
        <From>
          <StopPointRef>6490IM523</StopPointRef>
        </From>
        <To>
          <StopPointRef>6490IM241</StopPointRef>
        </To>
        <Direction>inbound</Direction>
      </RouteLink>
    </RouteSection>
    <RouteSection id="AGAO248_001">
      <RouteLink id="AGAO248_001_45431">
        <From>
          <StopPointRef>6490IM331</StopPointRef>
        </From>
        <To>
          <StopPointRef>6490IM526</StopPointRef>
        </To>
        <Direction>outbound</Direction>
      </RouteLink>
      <RouteLink id="AGAO248_001_45432">
        <From>
          <StopPointRef>6490IM526</StopPointRef>
        </From>
        <To>
          <StopPointRef>6490IM553</StopPointRef>
        </To>
        <Direction>outbound</Direction>
      </RouteLink>
      <RouteLink id="AGAO248_001_45433">
        <From>
          <StopPointRef>6490IM553</StopPointRef>
        </From>
        <To>
          <StopPointRef>6490IM646</StopPointRef>
        </To>
        <Direction>outbound</Direction>
      </RouteLink>
      <RouteLink id="AGAO248_001_45434">
        <From>
          <StopPointRef>6490IM646</StopPointRef>
        </From>
        <To>
          <StopPointRef>6400PT1900</StopPointRef>
        </To>
        <Direction>outbound</Direction>
      </RouteLink>
      <RouteLink id="AGAO248_001_45435">
        <From>
          <StopPointRef>6400PT1900</StopPointRef>
        </From>
        <To>
          <StopPointRef>6400PT1169</StopPointRef>
        </To>
        <Direction>outbound</Direction>
      </RouteLink>
      <RouteLink id="AGAO248_001_45436">
        <From>
          <StopPointRef>6400PT1169</StopPointRef>
        </From>
        <To>
          <StopPointRef>64800191</StopPointRef>
        </To>
        <Direction>outbound</Direction>
      </RouteLink>
      <RouteLink id="AGAO248_001_45437">
        <From>
          <StopPointRef>64800191</StopPointRef>
        </From>
        <To>
          <StopPointRef>64802052</StopPointRef>
        </To>
        <Direction>outbound</Direction>
      </RouteLink>
      <RouteLink id="AGAO248_001_45438">
        <From>
          <StopPointRef>64802052</StopPointRef>
        </From>
        <To>
          <StopPointRef>64801095</StopPointRef>
        </To>
        <Direction>outbound</Direction>
      </RouteLink>
      <RouteLink id="AGAO248_001_45439">
        <From>
          <StopPointRef>64801095</StopPointRef>
        </From>
        <To>
          <StopPointRef>64801633</StopPointRef>
        </To>
        <Direction>outbound</Direction>
      </RouteLink>
      <RouteLink id="AGAO248_001_45440">
        <From>
          <StopPointRef>64801633</StopPointRef>
        </From>
        <To>
          <StopPointRef>64801104</StopPointRef>
        </To>
        <Direction>outbound</Direction>
      </RouteLink>
      <RouteLink id="AGAO248_001_45441">
        <From>
          <StopPointRef>64801104</StopPointRef>
        </From>
        <To>
          <StopPointRef>64802416</StopPointRef>
        </To>
        <Direction>outbound</Direction>
      </RouteLink>
      <RouteLink id="AGAO248_001_45442">
        <From>
          <StopPointRef>64802416</StopPointRef>
        </From>
        <To>
          <StopPointRef>66005660004</StopPointRef>
        </To>
        <Direction>outbound</Direction>
      </RouteLink>
      <RouteLink id="AGAO248_001_45443">
        <From>
          <StopPointRef>66005660004</StopPointRef>
        </From>
        <To>
          <StopPointRef>66005672002</StopPointRef>
        </To>
        <Direction>outbound</Direction>
      </RouteLink>
      <RouteLink id="AGAO248_001_45444">
        <From>
          <StopPointRef>66005672002</StopPointRef>
        </From>
        <To>
          <StopPointRef>66005680006</StopPointRef>
        </To>
        <Direction>outbound</Direction>
      </RouteLink>
      <RouteLink id="AGAO248_001_45445">
        <From>
          <StopPointRef>66005680006</StopPointRef>
        </From>
        <To>
          <StopPointRef>66005690004</StopPointRef>
        </To>
        <Direction>outbound</Direction>
      </RouteLink>
      <RouteLink id="AGAO248_001_45446">
        <From>
          <StopPointRef>66005690004</StopPointRef>
        </From>
        <To>
          <StopPointRef>60709514</StopPointRef>
        </To>
        <Direction>outbound</Direction>
      </RouteLink>
      <RouteLink id="AGAO248_001_45447">
        <From>
          <StopPointRef>60709514</StopPointRef>
        </From>
        <To>
          <StopPointRef>60707513</StopPointRef>
        </To>
        <Direction>outbound</Direction>
      </RouteLink>
      <RouteLink id="AGAO248_001_45448">
        <From>
          <StopPointRef>60707513</StopPointRef>
        </From>
        <To>
          <StopPointRef>60709531</StopPointRef>
        </To>
        <Direction>outbound</Direction>
      </RouteLink>
      <RouteLink id="AGAO248_001_45449">
        <From>
          <StopPointRef>60709531</StopPointRef>
        </From>
        <To>
          <StopPointRef>60709269</StopPointRef>
        </To>
        <Direction>outbound</Direction>
      </RouteLink>
    </RouteSection>
  </RouteSections>
  <Routes>
    <Route id="AGAO248_002">
      <Description>Oban - Forfar
</Description>
      <RouteSectionRef>AGAO248_002</RouteSectionRef>
    </Route>
    <Route id="AGAO248_001">
      <Description>Forfar - Oban
</Description>
      <RouteSectionRef>AGAO248_001</RouteSectionRef>
    </Route>
  </Routes>
  <JourneyPatternSections>
    <JourneyPatternSection id="JPS_AGAO248-3">
      <JourneyPatternTimingLink id="JPS_AGAO248-3_45411">
        <From>
          <StopPointRef>60709269</StopPointRef>
          <TimingStatus>PTP</TimingStatus>
        </From>
        <To>
          <StopPointRef>60707531</StopPointRef>
          <TimingStatus>PTP</TimingStatus>
        </To>
        <RouteLinkRef>AGAO248_002_45411</RouteLinkRef>
        <Direction>inbound</Direction>
        <RunTime>PT1260S</RunTime>
      </JourneyPatternTimingLink>
      <JourneyPatternTimingLink id="JPS_AGAO248-3_45412">
        <From>
          <StopPointRef>60707531</StopPointRef>
          <TimingStatus>PTP</TimingStatus>
        </From>
        <To>
          <StopPointRef>60709513</StopPointRef>
          <TimingStatus>PTP</TimingStatus>
        </To>
        <RouteLinkRef>AGAO248_002_45412</RouteLinkRef>
        <Direction>inbound</Direction>
        <RunTime>PT480S</RunTime>
      </JourneyPatternTimingLink>
      <JourneyPatternTimingLink id="JPS_AGAO248-3_45413">
        <From>
          <StopPointRef>60709513</StopPointRef>
          <TimingStatus>PTP</TimingStatus>
        </From>
        <To>
          <StopPointRef>60707514</StopPointRef>
          <TimingStatus>PTP</TimingStatus>
        </To>
        <RouteLinkRef>AGAO248_002_45413</RouteLinkRef>
        <Direction>inbound</Direction>
        <RunTime>PT360S</RunTime>
      </JourneyPatternTimingLink>
      <JourneyPatternTimingLink id="JPS_AGAO248-3_45414">
        <From>
          <StopPointRef>60707514</StopPointRef>
          <TimingStatus>PTP</TimingStatus>
        </From>
        <To>
          <StopPointRef>66005690003</StopPointRef>
          <TimingStatus>PTP</TimingStatus>
        </To>
        <RouteLinkRef>AGAO248_002_45414</RouteLinkRef>
        <Direction>inbound</Direction>
        <RunTime>PT1200S</RunTime>
      </JourneyPatternTimingLink>
      <JourneyPatternTimingLink id="JPS_AGAO248-3_45415">
        <From>
          <StopPointRef>66005690003</StopPointRef>
          <TimingStatus>PTP</TimingStatus>
        </From>
        <To>
          <StopPointRef>66005680005</StopPointRef>
          <TimingStatus>PTP</TimingStatus>
        </To>
        <RouteLinkRef>AGAO248_002_45415</RouteLinkRef>
        <Direction>inbound</Direction>
        <RunTime>PT420S</RunTime>
      </JourneyPatternTimingLink>
      <JourneyPatternTimingLink id="JPS_AGAO248-3_45416">
        <From>
          <StopPointRef>66005680005</StopPointRef>
          <TimingStatus>PTP</TimingStatus>
        </From>
        <To>
          <StopPointRef>66005672002</StopPointRef>
          <TimingStatus>PTP</TimingStatus>
        </To>
        <RouteLinkRef>AGAO248_002_45416</RouteLinkRef>
        <Direction>inbound</Direction>
        <RunTime>PT840S</RunTime>
      </JourneyPatternTimingLink>
      <JourneyPatternTimingLink id="JPS_AGAO248-3_45417">
        <From>
          <StopPointRef>66005672002</StopPointRef>
          <TimingStatus>PTP</TimingStatus>
        </From>
        <To>
          <StopPointRef>66005660003</StopPointRef>
          <TimingStatus>PTP</TimingStatus>
        </To>
        <RouteLinkRef>AGAO248_002_45417</RouteLinkRef>
        <Direction>inbound</Direction>
        <RunTime>PT480S</RunTime>
      </JourneyPatternTimingLink>
      <JourneyPatternTimingLink id="JPS_AGAO248-3_45418">
        <From>
          <StopPointRef>66005660003</StopPointRef>
          <TimingStatus>PTP</TimingStatus>
        </From>
        <To>
          <StopPointRef>64802417</StopPointRef>
          <TimingStatus>PTP</TimingStatus>
        </To>
        <RouteLinkRef>AGAO248_002_45418</RouteLinkRef>
        <Direction>inbound</Direction>
        <RunTime>PT600S</RunTime>
      </JourneyPatternTimingLink>
      <JourneyPatternTimingLink id="JPS_AGAO248-3_45419">
        <From>
          <StopPointRef>64802417</StopPointRef>
          <TimingStatus>PTP</TimingStatus>
        </From>
        <To>
          <StopPointRef>64801105</StopPointRef>
          <TimingStatus>PTP</TimingStatus>
        </To>
        <RouteLinkRef>AGAO248_002_45419</RouteLinkRef>
        <Direction>inbound</Direction>
        <RunTime>PT1200S</RunTime>
      </JourneyPatternTimingLink>
      <JourneyPatternTimingLink id="JPS_AGAO248-3_45420">
        <From>
          <StopPointRef>64801105</StopPointRef>
          <TimingStatus>PTP</TimingStatus>
        </From>
        <To>
          <StopPointRef>64801634</StopPointRef>
          <TimingStatus>PTP</TimingStatus>
        </To>
        <RouteLinkRef>AGAO248_002_45420</RouteLinkRef>
        <Direction>inbound</Direction>
        <RunTime>PT540S</RunTime>
      </JourneyPatternTimingLink>
      <JourneyPatternTimingLink id="JPS_AGAO248-3_45421">
        <From>
          <StopPointRef>64801634</StopPointRef>
          <TimingStatus>PTP</TimingStatus>
        </From>
        <To>
          <StopPointRef>64801095</StopPointRef>
          <TimingStatus>PTP</TimingStatus>
        </To>
        <RouteLinkRef>AGAO248_002_45421</RouteLinkRef>
        <Direction>inbound</Direction>
        <RunTime>PT480S</RunTime>
      </JourneyPatternTimingLink>
      <JourneyPatternTimingLink id="JPS_AGAO248-3_45422">
        <From>
          <StopPointRef>64801095</StopPointRef>
          <TimingStatus>PTP</TimingStatus>
        </From>
        <To>
          <StopPointRef>64801010</StopPointRef>
          <TimingStatus>PTP</TimingStatus>
        </To>
        <RouteLinkRef>AGAO248_002_45422</RouteLinkRef>
        <Direction>inbound</Direction>
        <RunTime>PT1080S</RunTime>
      </JourneyPatternTimingLink>
      <JourneyPatternTimingLink id="JPS_AGAO248-3_45423">
        <From>
          <WaitTime>PT180S</WaitTime>
          <StopPointRef>64801010</StopPointRef>
          <TimingStatus>PTP</TimingStatus>
        </From>
        <To>
          <StopPointRef>64801651</StopPointRef>
          <TimingStatus>PTP</TimingStatus>
        </To>
        <RouteLinkRef>AGAO248_002_45423</RouteLinkRef>
        <Direction>inbound</Direction>
        <RunTime>PT1140S</RunTime>
      </JourneyPatternTimingLink>
      <JourneyPatternTimingLink id="JPS_AGAO248-3_45424">
        <From>
          <StopPointRef>64801651</StopPointRef>
          <TimingStatus>PTP</TimingStatus>
        </From>
        <To>
          <StopPointRef>6400A02</StopPointRef>
          <TimingStatus>PTP</TimingStatus>
        </To>
        <RouteLinkRef>AGAO248_002_45424</RouteLinkRef>
        <Direction>inbound</Direction>
        <RunTime>PT900S</RunTime>
      </JourneyPatternTimingLink>
      <JourneyPatternTimingLink id="JPS_AGAO248-3_45425">
        <From>
          <WaitTime>PT180S</WaitTime>
          <StopPointRef>6400A02</StopPointRef>
          <TimingStatus>PTP</TimingStatus>
        </From>
        <To>
          <StopPointRef>6400S255</StopPointRef>
          <TimingStatus>PTP</TimingStatus>
        </To>
        <RouteLinkRef>AGAO248_002_45425</RouteLinkRef>
        <Direction>inbound</Direction>
        <RunTime>PT480S</RunTime>
      </JourneyPatternTimingLink>
      <JourneyPatternTimingLink id="JPS_AGAO248-3_45426">
        <From>
          <StopPointRef>6400S255</StopPointRef>
          <TimingStatus>PTP</TimingStatus>
        </From>
        <To>
          <StopPointRef>6490IM645</StopPointRef>
          <TimingStatus>PTP</TimingStatus>
        </To>
        <RouteLinkRef>AGAO248_002_45426</RouteLinkRef>
        <Direction>inbound</Direction>
        <RunTime>PT300S</RunTime>
      </JourneyPatternTimingLink>
      <JourneyPatternTimingLink id="JPS_AGAO248-3_45427">
        <From>
          <StopPointRef>6490IM645</StopPointRef>
          <TimingStatus>PTP</TimingStatus>
        </From>
        <To>
          <StopPointRef>6490IM959</StopPointRef>
          <TimingStatus>PTP</TimingStatus>
        </To>
        <RouteLinkRef>AGAO248_002_45427</RouteLinkRef>
        <Direction>inbound</Direction>
        <RunTime>PT600S</RunTime>
      </JourneyPatternTimingLink>
      <JourneyPatternTimingLink id="JPS_AGAO248-3_45428">
        <From>
          <StopPointRef>6490IM959</StopPointRef>
          <TimingStatus>PTP</TimingStatus>
        </From>
        <To>
          <StopPointRef>6490IM523</StopPointRef>
          <TimingStatus>PTP</TimingStatus>
        </To>
        <RouteLinkRef>AGAO248_002_45428</RouteLinkRef>
        <Direction>inbound</Direction>
        <RunTime>PT120S</RunTime>
      </JourneyPatternTimingLink>
      <JourneyPatternTimingLink id="JPS_AGAO248-3_45429">
        <From>
          <StopPointRef>6490IM523</StopPointRef>
          <TimingStatus>PTP</TimingStatus>
        </From>
        <To>
          <StopPointRef>6490IM241</StopPointRef>
          <TimingStatus>PTP</TimingStatus>
        </To>
        <RouteLinkRef>AGAO248_002_45429</RouteLinkRef>
        <Direction>inbound</Direction>
        <RunTime>PT180S</RunTime>
      </JourneyPatternTimingLink>
    </JourneyPatternSection>
    <JourneyPatternSection id="JPS_AGAO248-4">
      <JourneyPatternTimingLink id="JPS_AGAO248-4_45431">
        <From>
          <StopPointRef>6490IM331</StopPointRef>
          <TimingStatus>PTP</TimingStatus>
        </From>
        <To>
          <StopPointRef>6490IM526</StopPointRef>
          <TimingStatus>PTP</TimingStatus>
        </To>
        <RouteLinkRef>AGAO248_001_45431</RouteLinkRef>
        <Direction>outbound</Direction>
        <RunTime>PT180S</RunTime>
      </JourneyPatternTimingLink>
      <JourneyPatternTimingLink id="JPS_AGAO248-4_45432">
        <From>
          <StopPointRef>6490IM526</StopPointRef>
          <TimingStatus>PTP</TimingStatus>
        </From>
        <To>
          <StopPointRef>6490IM553</StopPointRef>
          <TimingStatus>PTP</TimingStatus>
        </To>
        <RouteLinkRef>AGAO248_001_45432</RouteLinkRef>
        <Direction>outbound</Direction>
        <RunTime>PT120S</RunTime>
      </JourneyPatternTimingLink>
      <JourneyPatternTimingLink id="JPS_AGAO248-4_45433">
        <From>
          <StopPointRef>6490IM553</StopPointRef>
          <TimingStatus>PTP</TimingStatus>
        </From>
        <To>
          <StopPointRef>6490IM646</StopPointRef>
          <TimingStatus>PTP</TimingStatus>
        </To>
        <RouteLinkRef>AGAO248_001_45433</RouteLinkRef>
        <Direction>outbound</Direction>
        <RunTime>PT660S</RunTime>
      </JourneyPatternTimingLink>
      <JourneyPatternTimingLink id="JPS_AGAO248-4_45434">
        <From>
          <StopPointRef>6490IM646</StopPointRef>
          <TimingStatus>PTP</TimingStatus>
        </From>
        <To>
          <StopPointRef>6400PT1900</StopPointRef>
          <TimingStatus>PTP</TimingStatus>
        </To>
        <RouteLinkRef>AGAO248_001_45434</RouteLinkRef>
        <Direction>outbound</Direction>
        <RunTime>PT300S</RunTime>
      </JourneyPatternTimingLink>
      <JourneyPatternTimingLink id="JPS_AGAO248-4_45435">
        <From>
          <StopPointRef>6400PT1900</StopPointRef>
          <TimingStatus>PTP</TimingStatus>
        </From>
        <To>
          <StopPointRef>6400PT1169</StopPointRef>
          <TimingStatus>PTP</TimingStatus>
        </To>
        <RouteLinkRef>AGAO248_001_45435</RouteLinkRef>
        <Direction>outbound</Direction>
        <RunTime>PT840S</RunTime>
      </JourneyPatternTimingLink>
      <JourneyPatternTimingLink id="JPS_AGAO248-4_45436">
        <From>
          <WaitTime>PT180S</WaitTime>
          <StopPointRef>6400PT1169</StopPointRef>
          <TimingStatus>PTP</TimingStatus>
        </From>
        <To>
          <StopPointRef>64800191</StopPointRef>
          <TimingStatus>PTP</TimingStatus>
        </To>
        <RouteLinkRef>AGAO248_001_45436</RouteLinkRef>
        <Direction>outbound</Direction>
        <RunTime>PT900S</RunTime>
      </JourneyPatternTimingLink>
      <JourneyPatternTimingLink id="JPS_AGAO248-4_45437">
        <From>
          <StopPointRef>64800191</StopPointRef>
          <TimingStatus>PTP</TimingStatus>
        </From>
        <To>
          <StopPointRef>64802052</StopPointRef>
          <TimingStatus>PTP</TimingStatus>
        </To>
        <RouteLinkRef>AGAO248_001_45437</RouteLinkRef>
        <Direction>outbound</Direction>
        <RunTime>PT1140S</RunTime>
      </JourneyPatternTimingLink>
      <JourneyPatternTimingLink id="JPS_AGAO248-4_45438">
        <From>
          <WaitTime>PT180S</WaitTime>
          <StopPointRef>64802052</StopPointRef>
          <TimingStatus>PTP</TimingStatus>
        </From>
        <To>
          <StopPointRef>64801095</StopPointRef>
          <TimingStatus>PTP</TimingStatus>
        </To>
        <RouteLinkRef>AGAO248_001_45438</RouteLinkRef>
        <Direction>outbound</Direction>
        <RunTime>PT1080S</RunTime>
      </JourneyPatternTimingLink>
      <JourneyPatternTimingLink id="JPS_AGAO248-4_45439">
        <From>
          <StopPointRef>64801095</StopPointRef>
          <TimingStatus>PTP</TimingStatus>
        </From>
        <To>
          <StopPointRef>64801633</StopPointRef>
          <TimingStatus>PTP</TimingStatus>
        </To>
        <RouteLinkRef>AGAO248_001_45439</RouteLinkRef>
        <Direction>outbound</Direction>
        <RunTime>PT480S</RunTime>
      </JourneyPatternTimingLink>
      <JourneyPatternTimingLink id="JPS_AGAO248-4_45440">
        <From>
          <StopPointRef>64801633</StopPointRef>
          <TimingStatus>PTP</TimingStatus>
        </From>
        <To>
          <StopPointRef>64801104</StopPointRef>
          <TimingStatus>PTP</TimingStatus>
        </To>
        <RouteLinkRef>AGAO248_001_45440</RouteLinkRef>
        <Direction>outbound</Direction>
        <RunTime>PT540S</RunTime>
      </JourneyPatternTimingLink>
      <JourneyPatternTimingLink id="JPS_AGAO248-4_45441">
        <From>
          <StopPointRef>64801104</StopPointRef>
          <TimingStatus>PTP</TimingStatus>
        </From>
        <To>
          <StopPointRef>64802416</StopPointRef>
          <TimingStatus>PTP</TimingStatus>
        </To>
        <RouteLinkRef>AGAO248_001_45441</RouteLinkRef>
        <Direction>outbound</Direction>
        <RunTime>PT1200S</RunTime>
      </JourneyPatternTimingLink>
      <JourneyPatternTimingLink id="JPS_AGAO248-4_45442">
        <From>
          <StopPointRef>64802416</StopPointRef>
          <TimingStatus>PTP</TimingStatus>
        </From>
        <To>
          <StopPointRef>66005660004</StopPointRef>
          <TimingStatus>PTP</TimingStatus>
        </To>
        <RouteLinkRef>AGAO248_001_45442</RouteLinkRef>
        <Direction>outbound</Direction>
        <RunTime>PT600S</RunTime>
      </JourneyPatternTimingLink>
      <JourneyPatternTimingLink id="JPS_AGAO248-4_45443">
        <From>
          <StopPointRef>66005660004</StopPointRef>
          <TimingStatus>PTP</TimingStatus>
        </From>
        <To>
          <StopPointRef>66005672002</StopPointRef>
          <TimingStatus>PTP</TimingStatus>
        </To>
        <RouteLinkRef>AGAO248_001_45443</RouteLinkRef>
        <Direction>outbound</Direction>
        <RunTime>PT540S</RunTime>
      </JourneyPatternTimingLink>
      <JourneyPatternTimingLink id="JPS_AGAO248-4_45444">
        <From>
          <StopPointRef>66005672002</StopPointRef>
          <TimingStatus>PTP</TimingStatus>
        </From>
        <To>
          <StopPointRef>66005680006</StopPointRef>
          <TimingStatus>PTP</TimingStatus>
        </To>
        <RouteLinkRef>AGAO248_001_45444</RouteLinkRef>
        <Direction>outbound</Direction>
        <RunTime>PT840S</RunTime>
      </JourneyPatternTimingLink>
      <JourneyPatternTimingLink id="JPS_AGAO248-4_45445">
        <From>
          <StopPointRef>66005680006</StopPointRef>
          <TimingStatus>PTP</TimingStatus>
        </From>
        <To>
          <StopPointRef>66005690004</StopPointRef>
          <TimingStatus>PTP</TimingStatus>
        </To>
        <RouteLinkRef>AGAO248_001_45445</RouteLinkRef>
        <Direction>outbound</Direction>
        <RunTime>PT420S</RunTime>
      </JourneyPatternTimingLink>
      <JourneyPatternTimingLink id="JPS_AGAO248-4_45446">
        <From>
          <StopPointRef>66005690004</StopPointRef>
          <TimingStatus>PTP</TimingStatus>
        </From>
        <To>
          <StopPointRef>60709514</StopPointRef>
          <TimingStatus>PTP</TimingStatus>
        </To>
        <RouteLinkRef>AGAO248_001_45446</RouteLinkRef>
        <Direction>outbound</Direction>
        <RunTime>PT1200S</RunTime>
      </JourneyPatternTimingLink>
      <JourneyPatternTimingLink id="JPS_AGAO248-4_45447">
        <From>
          <StopPointRef>60709514</StopPointRef>
          <TimingStatus>PTP</TimingStatus>
        </From>
        <To>
          <StopPointRef>60707513</StopPointRef>
          <TimingStatus>PTP</TimingStatus>
        </To>
        <RouteLinkRef>AGAO248_001_45447</RouteLinkRef>
        <Direction>outbound</Direction>
        <RunTime>PT360S</RunTime>
      </JourneyPatternTimingLink>
      <JourneyPatternTimingLink id="JPS_AGAO248-4_45448">
        <From>
          <StopPointRef>60707513</StopPointRef>
          <TimingStatus>PTP</TimingStatus>
        </From>
        <To>
          <StopPointRef>60709531</StopPointRef>
          <TimingStatus>PTP</TimingStatus>
        </To>
        <RouteLinkRef>AGAO248_001_45448</RouteLinkRef>
        <Direction>outbound</Direction>
        <RunTime>PT480S</RunTime>
      </JourneyPatternTimingLink>
      <JourneyPatternTimingLink id="JPS_AGAO248-4_45449">
        <From>
          <StopPointRef>60709531</StopPointRef>
          <TimingStatus>PTP</TimingStatus>
        </From>
        <To>
          <StopPointRef>60709269</StopPointRef>
          <TimingStatus>PTP</TimingStatus>
        </To>
        <RouteLinkRef>AGAO248_001_45449</RouteLinkRef>
        <Direction>outbound</Direction>
        <RunTime>PT1380S</RunTime>
      </JourneyPatternTimingLink>
    </JourneyPatternSection>
  </JourneyPatternSections>
  <Operators>
    <Operator id="FSH">
      <NationalOperatorCode>FSHT</NationalOperatorCode>
      <OperatorCode>FSH</OperatorCode>
      <OperatorShortName>Fishers Tours</OperatorShortName>
    </Operator>
  </Operators>
  <Services>
    <Service>
      <ServiceCode>AGAO248</ServiceCode>
      <Lines>
        <Line id="0">
          <LineName>248</LineName>
        </Line>
      </Lines>
      <OperatingPeriod>
        <StartDate>2016-11-11</StartDate>
        <EndDate>2049-12-31</EndDate>
      </OperatingPeriod>
      <RegisteredOperatorRef>FSH</RegisteredOperatorRef>
      <StopRequirements>
        <NoNewStopsRequired />
      </StopRequirements>
      <Mode>bus</Mode>
      <Description>Forfar - Oban</Description>
      <StandardService>
        <Origin>Forfar</Origin>
        <Destination>Oban</Destination>
        <JourneyPattern id="JPS_AGAO248-3">
          <Direction>inbound</Direction>
          <JourneyPatternSectionRefs>JPS_AGAO248-3</JourneyPatternSectionRefs>
        </JourneyPattern>
        <JourneyPattern id="JPS_AGAO248-4">
          <Direction>outbound</Direction>
          <JourneyPatternSectionRefs>JPS_AGAO248-4</JourneyPatternSectionRefs>
        </JourneyPattern>
      </StandardService>
    </Service>
  </Services>
  <VehicleJourneys>
    <VehicleJourney>
      <OperatorRef>FSH</OperatorRef>
      <OperatingProfile>
        <RegularDayType>
          <DaysOfWeek>
            <Monday />
            <Tuesday />
            <Wednesday />
            <Thursday />
            <Friday />
            <Saturday />
            <Sunday />
          </DaysOfWeek>
        </RegularDayType>
        <ServicedOrganisationDayType>
          <DaysOfNonOperation>
            <WorkingDays>
              <ServicedOrganisationRef>174</ServicedOrganisationRef>
            </WorkingDays>
          </DaysOfNonOperation>
        </ServicedOrganisationDayType>
      </OperatingProfile>
      <VehicleJourneyCode>13543</VehicleJourneyCode>
      <ServiceRef>AGAO248</ServiceRef>
      <LineRef>0</LineRef>
      <JourneyPatternRef>JPS_AGAO248-3</JourneyPatternRef>
      <DepartureTime>15:30:00</DepartureTime>
    </VehicleJourney>
    <VehicleJourney>
      <OperatorRef>FSH</OperatorRef>
      <OperatingProfile>
        <RegularDayType>
          <DaysOfWeek>
            <Monday />
            <Tuesday />
            <Wednesday />
            <Thursday />
            <Friday />
            <Saturday />
            <Sunday />
          </DaysOfWeek>
        </RegularDayType>
        <ServicedOrganisationDayType>
          <DaysOfNonOperation>
            <WorkingDays>
              <ServicedOrganisationRef>175</ServicedOrganisationRef>
            </WorkingDays>
          </DaysOfNonOperation>
        </ServicedOrganisationDayType>
      </OperatingProfile>
      <VehicleJourneyCode>13544</VehicleJourneyCode>
      <ServiceRef>AGAO248</ServiceRef>
      <LineRef>0</LineRef>
      <JourneyPatternRef>JPS_AGAO248-4</JourneyPatternRef>
      <DepartureTime>08:22:00</DepartureTime>
    </VehicleJourney>
  </VehicleJourneys>
</TransXChange>