<?xml version="1.0" encoding="utf-8"?>
<TransXChange xmlns:xsi="http://www.w3.org/2001/XMLSchema-instance" xmlns:xsd="http://www.w3.org/2001/XMLSchema" xsi:schemaLocation="http://www.transxchange.org.uk/ http://www.transxchange.org.uk/schema/2.1/TransXChange_general.xsd" CreationDateTime="2019-10-07T13:00:00-00:00" ModificationDateTime="2019-10-07T13:00:00-00:00" Modification="new" RevisionNumber="0" FileName="SVRABAO078C.xml" SchemaVersion="2.1" RegistrationDocument="false" xmlns="http://www.transxchange.org.uk/">
  <StopPoints>
    <AnnotatedStopPointRef>
      <StopPointRef>630021282</StopPointRef>
      <CommonName>Bervie Road</CommonName>
    </AnnotatedStopPointRef>
    <AnnotatedStopPointRef>
      <StopPointRef>630021102</StopPointRef>
      <CommonName>Arisaig Drive</CommonName>
    </AnnotatedStopPointRef>
    <AnnotatedStopPointRef>
      <StopPointRef>630062771</StopPointRef>
      <CommonName>Christian Watt Drive</CommonName>
    </AnnotatedStopPointRef>
    <AnnotatedStopPointRef>
      <StopPointRef>630024661</StopPointRef>
      <CommonName>Asda</CommonName>
    </AnnotatedStopPointRef>
    <AnnotatedStopPointRef>
      <StopPointRef>630021031</StopPointRef>
      <CommonName>Gallowhill Road</CommonName>
    </AnnotatedStopPointRef>
    <AnnotatedStopPointRef>
      <StopPointRef>630021441</StopPointRef>
      <CommonName>Albany Court</CommonName>
    </AnnotatedStopPointRef>
    <AnnotatedStopPointRef>
      <StopPointRef>630021002</StopPointRef>
      <CommonName>Moray Road</CommonName>
    </AnnotatedStopPointRef>
    <AnnotatedStopPointRef>
      <StopPointRef>630020991</StopPointRef>
      <CommonName>Charlotte Street</CommonName>
    </AnnotatedStopPointRef>
    <AnnotatedStopPointRef>
      <StopPointRef>630020931</StopPointRef>
      <CommonName>Broad Street</CommonName>
    </AnnotatedStopPointRef>
    <AnnotatedStopPointRef>
      <StopPointRef>630020942</StopPointRef>
      <CommonName>Station Brae</CommonName>
    </AnnotatedStopPointRef>
    <AnnotatedStopPointRef>
      <StopPointRef>630020922</StopPointRef>
      <CommonName>Saltoun Gardens</CommonName>
    </AnnotatedStopPointRef>
    <AnnotatedStopPointRef>
      <StopPointRef>630020911</StopPointRef>
      <CommonName>Maconochie Place</CommonName>
    </AnnotatedStopPointRef>
    <AnnotatedStopPointRef>
      <StopPointRef>630020902</StopPointRef>
      <CommonName>Duthie Place</CommonName>
    </AnnotatedStopPointRef>
    <AnnotatedStopPointRef>
      <StopPointRef>630026133</StopPointRef>
      <CommonName>Maconochie Road</CommonName>
    </AnnotatedStopPointRef>
    <AnnotatedStopPointRef>
      <StopPointRef>630021231</StopPointRef>
      <CommonName>Lewis Road</CommonName>
    </AnnotatedStopPointRef>
    <AnnotatedStopPointRef>
      <StopPointRef>630021101</StopPointRef>
      <CommonName>Smiddyhill Road</CommonName>
    </AnnotatedStopPointRef>
    <AnnotatedStopPointRef>
      <StopPointRef>630024931</StopPointRef>
      <CommonName>Biggar Court</CommonName>
    </AnnotatedStopPointRef>
  </StopPoints>
  <RouteSections>
    <RouteSection id="ABAO078C003">
      <RouteLink id="ABAO078C003_17208">
        <From>
          <StopPointRef>630021282</StopPointRef>
        </From>
        <To>
          <StopPointRef>630021102</StopPointRef>
        </To>
        <Direction>inbound</Direction>
      </RouteLink>
      <RouteLink id="ABAO078C003_17209">
        <From>
          <StopPointRef>630021102</StopPointRef>
        </From>
        <To>
          <StopPointRef>630062771</StopPointRef>
        </To>
        <Direction>inbound</Direction>
      </RouteLink>
      <RouteLink id="ABAO078C003_17210">
        <From>
          <StopPointRef>630062771</StopPointRef>
        </From>
        <To>
          <StopPointRef>630024661</StopPointRef>
        </To>
        <Direction>inbound</Direction>
      </RouteLink>
      <RouteLink id="ABAO078C003_17211">
        <From>
          <StopPointRef>630024661</StopPointRef>
        </From>
        <To>
          <StopPointRef>630021031</StopPointRef>
        </To>
        <Direction>inbound</Direction>
      </RouteLink>
      <RouteLink id="ABAO078C003_17212">
        <From>
          <StopPointRef>630021031</StopPointRef>
        </From>
        <To>
          <StopPointRef>630021441</StopPointRef>
        </To>
        <Direction>inbound</Direction>
      </RouteLink>
      <RouteLink id="ABAO078C003_17213">
        <From>
          <StopPointRef>630021441</StopPointRef>
        </From>
        <To>
          <StopPointRef>630021002</StopPointRef>
        </To>
        <Direction>inbound</Direction>
      </RouteLink>
      <RouteLink id="ABAO078C003_17214">
        <From>
          <StopPointRef>630021002</StopPointRef>
        </From>
        <To>
          <StopPointRef>630020991</StopPointRef>
        </To>
        <Direction>inbound</Direction>
      </RouteLink>
      <RouteLink id="ABAO078C003_17215">
        <From>
          <StopPointRef>630020991</StopPointRef>
        </From>
        <To>
          <StopPointRef>630020931</StopPointRef>
        </To>
        <Direction>inbound</Direction>
      </RouteLink>
    </RouteSection>
    <RouteSection id="ABAO078C002">
      <RouteLink id="ABAO078C002_17217">
        <From>
          <StopPointRef>630020931</StopPointRef>
        </From>
        <To>
          <StopPointRef>630020942</StopPointRef>
        </To>
        <Direction>outbound</Direction>
      </RouteLink>
      <RouteLink id="ABAO078C002_17218">
        <From>
          <StopPointRef>630020942</StopPointRef>
        </From>
        <To>
          <StopPointRef>630020922</StopPointRef>
        </To>
        <Direction>outbound</Direction>
      </RouteLink>
      <RouteLink id="ABAO078C002_17219">
        <From>
          <StopPointRef>630020922</StopPointRef>
        </From>
        <To>
          <StopPointRef>630020911</StopPointRef>
        </To>
        <Direction>outbound</Direction>
      </RouteLink>
      <RouteLink id="ABAO078C002_17220">
        <From>
          <StopPointRef>630020911</StopPointRef>
        </From>
        <To>
          <StopPointRef>630020902</StopPointRef>
        </To>
        <Direction>outbound</Direction>
      </RouteLink>
      <RouteLink id="ABAO078C002_17221">
        <From>
          <StopPointRef>630020902</StopPointRef>
        </From>
        <To>
          <StopPointRef>630026133</StopPointRef>
        </To>
        <Direction>outbound</Direction>
      </RouteLink>
      <RouteLink id="ABAO078C002_17222">
        <From>
          <StopPointRef>630026133</StopPointRef>
        </From>
        <To>
          <StopPointRef>630021231</StopPointRef>
        </To>
        <Direction>outbound</Direction>
      </RouteLink>
      <RouteLink id="ABAO078C002_17223">
        <From>
          <StopPointRef>630021231</StopPointRef>
        </From>
        <To>
          <StopPointRef>630021101</StopPointRef>
        </To>
        <Direction>outbound</Direction>
      </RouteLink>
      <RouteLink id="ABAO078C002_17224">
        <From>
          <StopPointRef>630021101</StopPointRef>
        </From>
        <To>
          <StopPointRef>630024931</StopPointRef>
        </To>
        <Direction>outbound</Direction>
      </RouteLink>
      <RouteLink id="ABAO078C002_17225">
        <From>
          <StopPointRef>630024931</StopPointRef>
        </From>
        <To>
          <StopPointRef>630021282</StopPointRef>
        </To>
        <Direction>outbound</Direction>
      </RouteLink>
    </RouteSection>
  </RouteSections>
  <Routes>
    <Route id="ABAO078C003">
      <Description>Buchan Road - Fraserburgh
</Description>
      <RouteSectionRef>ABAO078C003</RouteSectionRef>
    </Route>
    <Route id="ABAO078C002">
      <Description>Fraserburgh - Buchan Road
</Description>
      <RouteSectionRef>ABAO078C002</RouteSectionRef>
    </Route>
  </Routes>
  <JourneyPatternSections>
    <JourneyPatternSection id="JPS_ABAO078C-3">
      <JourneyPatternTimingLink id="JPS_ABAO078C-3_17208">
        <From>
          <StopPointRef>630021282</StopPointRef>
          <TimingStatus>PTP</TimingStatus>
        </From>
        <To>
          <StopPointRef>630021102</StopPointRef>
          <TimingStatus>OTH</TimingStatus>
        </To>
        <RouteLinkRef>ABAO078C003_17208</RouteLinkRef>
        <Direction>inbound</Direction>
        <RunTime>PT0S</RunTime>
      </JourneyPatternTimingLink>
      <JourneyPatternTimingLink id="JPS_ABAO078C-3_17209">
        <From>
          <StopPointRef>630021102</StopPointRef>
          <TimingStatus>OTH</TimingStatus>
        </From>
        <To>
          <StopPointRef>630062771</StopPointRef>
          <TimingStatus>PTP</TimingStatus>
        </To>
        <RouteLinkRef>ABAO078C003_17209</RouteLinkRef>
        <Direction>inbound</Direction>
        <RunTime>PT120S</RunTime>
      </JourneyPatternTimingLink>
      <JourneyPatternTimingLink id="JPS_ABAO078C-3_17210">
        <From>
          <StopPointRef>630062771</StopPointRef>
          <TimingStatus>PTP</TimingStatus>
        </From>
        <To>
          <StopPointRef>630024661</StopPointRef>
          <TimingStatus>PTP</TimingStatus>
        </To>
        <RouteLinkRef>ABAO078C003_17210</RouteLinkRef>
        <Direction>inbound</Direction>
        <RunTime>PT180S</RunTime>
      </JourneyPatternTimingLink>
      <JourneyPatternTimingLink id="JPS_ABAO078C-3_17211">
        <From>
          <StopPointRef>630024661</StopPointRef>
          <TimingStatus>PTP</TimingStatus>
        </From>
        <To>
          <StopPointRef>630021031</StopPointRef>
          <TimingStatus>OTH</TimingStatus>
        </To>
        <RouteLinkRef>ABAO078C003_17211</RouteLinkRef>
        <Direction>inbound</Direction>
        <RunTime>PT120S</RunTime>
      </JourneyPatternTimingLink>
      <JourneyPatternTimingLink id="JPS_ABAO078C-3_17212">
        <From>
          <StopPointRef>630021031</StopPointRef>
          <TimingStatus>OTH</TimingStatus>
        </From>
        <To>
          <StopPointRef>630021441</StopPointRef>
          <TimingStatus>PTP</TimingStatus>
        </To>
        <RouteLinkRef>ABAO078C003_17212</RouteLinkRef>
        <Direction>inbound</Direction>
        <RunTime>PT120S</RunTime>
      </JourneyPatternTimingLink>
      <JourneyPatternTimingLink id="JPS_ABAO078C-3_17213">
        <From>
          <StopPointRef>630021441</StopPointRef>
          <TimingStatus>PTP</TimingStatus>
        </From>
        <To>
          <StopPointRef>630021002</StopPointRef>
          <TimingStatus>OTH</TimingStatus>
        </To>
        <RouteLinkRef>ABAO078C003_17213</RouteLinkRef>
        <Direction>inbound</Direction>
        <RunTime>PT120S</RunTime>
      </JourneyPatternTimingLink>
      <JourneyPatternTimingLink id="JPS_ABAO078C-3_17214">
        <From>
          <StopPointRef>630021002</StopPointRef>
          <TimingStatus>OTH</TimingStatus>
        </From>
        <To>
          <StopPointRef>630020991</StopPointRef>
          <TimingStatus>OTH</TimingStatus>
        </To>
        <RouteLinkRef>ABAO078C003_17214</RouteLinkRef>
        <Direction>inbound</Direction>
        <RunTime>PT60S</RunTime>
      </JourneyPatternTimingLink>
      <JourneyPatternTimingLink id="JPS_ABAO078C-3_17215">
        <From>
          <StopPointRef>630020991</StopPointRef>
          <TimingStatus>OTH</TimingStatus>
        </From>
        <To>
          <StopPointRef>630020931</StopPointRef>
          <TimingStatus>PTP</TimingStatus>
        </To>
        <RouteLinkRef>ABAO078C003_17215</RouteLinkRef>
        <Direction>inbound</Direction>
        <RunTime>PT120S</RunTime>
      </JourneyPatternTimingLink>
    </JourneyPatternSection>
    <JourneyPatternSection id="JPS_ABAO078C-4">
      <JourneyPatternTimingLink id="JPS_ABAO078C-4_17217">
        <From>
          <StopPointRef>630020931</StopPointRef>
          <TimingStatus>PTP</TimingStatus>
        </From>
        <To>
          <StopPointRef>630020942</StopPointRef>
          <TimingStatus>OTH</TimingStatus>
        </To>
        <RouteLinkRef>ABAO078C002_17217</RouteLinkRef>
        <Direction>outbound</Direction>
        <RunTime>PT60S</RunTime>
      </JourneyPatternTimingLink>
      <JourneyPatternTimingLink id="JPS_ABAO078C-4_17218">
        <From>
          <StopPointRef>630020942</StopPointRef>
          <TimingStatus>OTH</TimingStatus>
        </From>
        <To>
          <StopPointRef>630020922</StopPointRef>
          <TimingStatus>OTH</TimingStatus>
        </To>
        <RouteLinkRef>ABAO078C002_17218</RouteLinkRef>
        <Direction>outbound</Direction>
        <RunTime>PT60S</RunTime>
      </JourneyPatternTimingLink>
      <JourneyPatternTimingLink id="JPS_ABAO078C-4_17219">
        <From>
          <StopPointRef>630020922</StopPointRef>
          <TimingStatus>OTH</TimingStatus>
        </From>
        <To>
          <StopPointRef>630020911</StopPointRef>
          <TimingStatus>OTH</TimingStatus>
        </To>
        <RouteLinkRef>ABAO078C002_17219</RouteLinkRef>
        <Direction>outbound</Direction>
        <RunTime>PT120S</RunTime>
      </JourneyPatternTimingLink>
      <JourneyPatternTimingLink id="JPS_ABAO078C-4_17220">
        <From>
          <StopPointRef>630020911</StopPointRef>
          <TimingStatus>OTH</TimingStatus>
        </From>
        <To>
          <StopPointRef>630020902</StopPointRef>
          <TimingStatus>PTP</TimingStatus>
        </To>
        <RouteLinkRef>ABAO078C002_17220</RouteLinkRef>
        <Direction>outbound</Direction>
        <RunTime>PT120S</RunTime>
      </JourneyPatternTimingLink>
      <JourneyPatternTimingLink id="JPS_ABAO078C-4_17221">
        <From>
          <StopPointRef>630020902</StopPointRef>
          <TimingStatus>PTP</TimingStatus>
        </From>
        <To>
          <StopPointRef>630026133</StopPointRef>
          <TimingStatus>OTH</TimingStatus>
        </To>
        <RouteLinkRef>ABAO078C002_17221</RouteLinkRef>
        <Direction>outbound</Direction>
        <RunTime>PT0S</RunTime>
      </JourneyPatternTimingLink>
      <JourneyPatternTimingLink id="JPS_ABAO078C-4_17222">
        <From>
          <StopPointRef>630026133</StopPointRef>
          <TimingStatus>OTH</TimingStatus>
        </From>
        <To>
          <StopPointRef>630021231</StopPointRef>
          <TimingStatus>OTH</TimingStatus>
        </To>
        <RouteLinkRef>ABAO078C002_17222</RouteLinkRef>
        <Direction>outbound</Direction>
        <RunTime>PT240S</RunTime>
      </JourneyPatternTimingLink>
      <JourneyPatternTimingLink id="JPS_ABAO078C-4_17223">
        <From>
          <StopPointRef>630021231</StopPointRef>
          <TimingStatus>OTH</TimingStatus>
        </From>
        <To>
          <StopPointRef>630021101</StopPointRef>
          <TimingStatus>OTH</TimingStatus>
        </To>
        <RouteLinkRef>ABAO078C002_17223</RouteLinkRef>
        <Direction>outbound</Direction>
        <RunTime>PT0S</RunTime>
      </JourneyPatternTimingLink>
      <JourneyPatternTimingLink id="JPS_ABAO078C-4_17224">
        <From>
          <StopPointRef>630021101</StopPointRef>
          <TimingStatus>OTH</TimingStatus>
        </From>
        <To>
          <StopPointRef>630024931</StopPointRef>
          <TimingStatus>OTH</TimingStatus>
        </To>
        <RouteLinkRef>ABAO078C002_17224</RouteLinkRef>
        <Direction>outbound</Direction>
        <RunTime>PT60S</RunTime>
      </JourneyPatternTimingLink>
      <JourneyPatternTimingLink id="JPS_ABAO078C-4_17225">
        <From>
          <StopPointRef>630024931</StopPointRef>
          <TimingStatus>OTH</TimingStatus>
        </From>
        <To>
          <StopPointRef>630021282</StopPointRef>
          <TimingStatus>PTP</TimingStatus>
        </To>
        <RouteLinkRef>ABAO078C002_17225</RouteLinkRef>
        <Direction>outbound</Direction>
        <RunTime>PT60S</RunTime>
      </JourneyPatternTimingLink>
    </JourneyPatternSection>
  </JourneyPatternSections>
  <Operators>
    <Operator id="BLB">
      <NationalOperatorCode>SBLB</NationalOperatorCode>
      <OperatorCode>BLB</OperatorCode>
      <OperatorShortName>Stagecoach North Scotlan</OperatorShortName>
    </Operator>
  </Operators>
  <Services>
    <Service>
      <ServiceCode>ABAO078C</ServiceCode>
      <Lines>
        <Line id="0">
          <LineName>78C</LineName>
        </Line>
      </Lines>
      <OperatingPeriod>
        <StartDate>2018-08-20</StartDate>
        <EndDate>2020-08-20</EndDate>
      </OperatingPeriod>
      <RegisteredOperatorRef>BLB</RegisteredOperatorRef>
      <StopRequirements>
        <NoNewStopsRequired />
      </StopRequirements>
      <Mode>bus</Mode>
      <Description>Fraserburgh - Buchan Road</Description>
      <StandardService>
        <Origin>Fraserburgh</Origin>
        <Destination>Buchan Road</Destination>
        <JourneyPattern id="JPS_ABAO078C-3">
          <Direction>inbound</Direction>
          <JourneyPatternSectionRefs>JPS_ABAO078C-3</JourneyPatternSectionRefs>
        </JourneyPattern>
        <JourneyPattern id="JPS_ABAO078C-4">
          <Direction>outbound</Direction>
          <JourneyPatternSectionRefs>JPS_ABAO078C-4</JourneyPatternSectionRefs>
        </JourneyPattern>
      </StandardService>
    </Service>
  </Services>
  <VehicleJourneys>
    <VehicleJourney>
      <OperatorRef>BLB</OperatorRef>
      <OperatingProfile>
        <RegularDayType>
          <DaysOfWeek>
            <Monday />
            <Tuesday />
            <Wednesday />
            <Thursday />
            <Friday />
          </DaysOfWeek>
        </RegularDayType>
        <SpecialDaysOperation>
          <DaysOfNonOperation>
            <DateRange>
              <StartDate>2019-12-25</StartDate>
              <EndDate>2019-12-26</EndDate>
            </DateRange>
            <DateRange>
              <StartDate>2020-01-01</StartDate>
              <EndDate>2020-01-02</EndDate>
            </DateRange>
            <DateRange>
              <StartDate>2020-05-04</StartDate>
              <EndDate>2020-05-04</EndDate>
            </DateRange>
          </DaysOfNonOperation>
        </SpecialDaysOperation>
      </OperatingProfile>
      <VehicleJourneyCode>8311</VehicleJourneyCode>
      <ServiceRef>ABAO078C</ServiceRef>
      <LineRef>0</LineRef>
      <JourneyPatternRef>JPS_ABAO078C-3</JourneyPatternRef>
      <DepartureTime>09:01:00</DepartureTime>
    </VehicleJourney>
    <VehicleJourney>
      <OperatorRef>BLB</OperatorRef>
      <OperatingProfile>
        <RegularDayType>
          <DaysOfWeek>
            <Monday />
            <Tuesday />
            <Wednesday />
            <Thursday />
            <Friday />
          </DaysOfWeek>
        </RegularDayType>
        <SpecialDaysOperation>
          <DaysOfNonOperation>
            <DateRange>
              <StartDate>2019-12-25</StartDate>
              <EndDate>2019-12-26</EndDate>
            </DateRange>
            <DateRange>
              <StartDate>2020-01-01</StartDate>
              <EndDate>2020-01-02</EndDate>
            </DateRange>
            <DateRange>
              <StartDate>2020-05-04</StartDate>
              <EndDate>2020-05-04</EndDate>
            </DateRange>
          </DaysOfNonOperation>
        </SpecialDaysOperation>
      </OperatingProfile>
      <VehicleJourneyCode>8312</VehicleJourneyCode>
      <ServiceRef>ABAO078C</ServiceRef>
      <LineRef>0</LineRef>
      <JourneyPatternRef>JPS_ABAO078C-3</JourneyPatternRef>
      <DepartureTime>10:46:00</DepartureTime>
    </VehicleJourney>
    <VehicleJourney>
      <OperatorRef>BLB</OperatorRef>
      <OperatingProfile>
        <RegularDayType>
          <DaysOfWeek>
            <Monday />
            <Tuesday />
            <Wednesday />
            <Thursday />
            <Friday />
          </DaysOfWeek>
        </RegularDayType>
        <SpecialDaysOperation>
          <DaysOfNonOperation>
            <DateRange>
              <StartDate>2019-12-25</StartDate>
              <EndDate>2019-12-26</EndDate>
            </DateRange>
            <DateRange>
              <StartDate>2020-01-01</StartDate>
              <EndDate>2020-01-02</EndDate>
            </DateRange>
            <DateRange>
              <StartDate>2020-05-04</StartDate>
              <EndDate>2020-05-04</EndDate>
            </DateRange>
          </DaysOfNonOperation>
        </SpecialDaysOperation>
      </OperatingProfile>
      <VehicleJourneyCode>8313</VehicleJourneyCode>
      <ServiceRef>ABAO078C</ServiceRef>
      <LineRef>0</LineRef>
      <JourneyPatternRef>JPS_ABAO078C-3</JourneyPatternRef>
      <DepartureTime>12:31:00</DepartureTime>
    </VehicleJourney>
    <VehicleJourney>
      <OperatorRef>BLB</OperatorRef>
      <OperatingProfile>
        <RegularDayType>
          <DaysOfWeek>
            <Monday />
            <Tuesday />
            <Wednesday />
            <Thursday />
            <Friday />
          </DaysOfWeek>
        </RegularDayType>
        <SpecialDaysOperation>
          <DaysOfNonOperation>
            <DateRange>
              <StartDate>2019-12-25</StartDate>
              <EndDate>2019-12-26</EndDate>
            </DateRange>
            <DateRange>
              <StartDate>2020-01-01</StartDate>
              <EndDate>2020-01-02</EndDate>
            </DateRange>
            <DateRange>
              <StartDate>2020-05-04</StartDate>
              <EndDate>2020-05-04</EndDate>
            </DateRange>
          </DaysOfNonOperation>
        </SpecialDaysOperation>
      </OperatingProfile>
      <VehicleJourneyCode>8314</VehicleJourneyCode>
      <ServiceRef>ABAO078C</ServiceRef>
      <LineRef>0</LineRef>
      <JourneyPatternRef>JPS_ABAO078C-3</JourneyPatternRef>
      <DepartureTime>14:31:00</DepartureTime>
    </VehicleJourney>
    <VehicleJourney>
      <OperatorRef>BLB</OperatorRef>
      <OperatingProfile>
        <RegularDayType>
          <DaysOfWeek>
            <Monday />
            <Tuesday />
            <Wednesday />
            <Thursday />
            <Friday />
          </DaysOfWeek>
        </RegularDayType>
        <SpecialDaysOperation>
          <DaysOfNonOperation>
            <DateRange>
              <StartDate>2019-12-25</StartDate>
              <EndDate>2019-12-26</EndDate>
            </DateRange>
            <DateRange>
              <StartDate>2020-01-01</StartDate>
              <EndDate>2020-01-02</EndDate>
            </DateRange>
            <DateRange>
              <StartDate>2020-05-04</StartDate>
              <EndDate>2020-05-04</EndDate>
            </DateRange>
          </DaysOfNonOperation>
        </SpecialDaysOperation>
      </OperatingProfile>
      <VehicleJourneyCode>8315</VehicleJourneyCode>
      <ServiceRef>ABAO078C</ServiceRef>
      <LineRef>0</LineRef>
      <JourneyPatternRef>JPS_ABAO078C-3</JourneyPatternRef>
      <DepartureTime>16:31:00</DepartureTime>
    </VehicleJourney>
    <VehicleJourney>
      <OperatorRef>BLB</OperatorRef>
      <OperatingProfile>
        <RegularDayType>
          <DaysOfWeek>
            <Monday />
            <Tuesday />
            <Wednesday />
            <Thursday />
            <Friday />
          </DaysOfWeek>
        </RegularDayType>
        <SpecialDaysOperation>
          <DaysOfNonOperation>
            <DateRange>
              <StartDate>2019-12-25</StartDate>
              <EndDate>2019-12-26</EndDate>
            </DateRange>
            <DateRange>
              <StartDate>2020-01-01</StartDate>
              <EndDate>2020-01-02</EndDate>
            </DateRange>
            <DateRange>
              <StartDate>2020-05-04</StartDate>
              <EndDate>2020-05-04</EndDate>
            </DateRange>
          </DaysOfNonOperation>
        </SpecialDaysOperation>
      </OperatingProfile>
      <VehicleJourneyCode>8316</VehicleJourneyCode>
      <ServiceRef>ABAO078C</ServiceRef>
      <LineRef>0</LineRef>
      <JourneyPatternRef>JPS_ABAO078C-3</JourneyPatternRef>
      <DepartureTime>17:31:00</DepartureTime>
    </VehicleJourney>
    <VehicleJourney>
      <OperatorRef>BLB</OperatorRef>
      <OperatingProfile>
        <RegularDayType>
          <DaysOfWeek>
            <Saturday />
          </DaysOfWeek>
        </RegularDayType>
      </OperatingProfile>
      <VehicleJourneyCode>8317</VehicleJourneyCode>
      <ServiceRef>ABAO078C</ServiceRef>
      <LineRef>0</LineRef>
      <JourneyPatternRef>JPS_ABAO078C-3</JourneyPatternRef>
      <DepartureTime>08:31:00</DepartureTime>
    </VehicleJourney>
    <VehicleJourney>
      <OperatorRef>BLB</OperatorRef>
      <OperatingProfile>
        <RegularDayType>
          <DaysOfWeek>
            <Saturday />
          </DaysOfWeek>
        </RegularDayType>
      </OperatingProfile>
      <VehicleJourneyCode>8318</VehicleJourneyCode>
      <ServiceRef>ABAO078C</ServiceRef>
      <LineRef>0</LineRef>
      <JourneyPatternRef>JPS_ABAO078C-3</JourneyPatternRef>
      <DepartureTime>10:31:00</DepartureTime>
    </VehicleJourney>
    <VehicleJourney>
      <OperatorRef>BLB</OperatorRef>
      <OperatingProfile>
        <RegularDayType>
          <DaysOfWeek>
            <Saturday />
          </DaysOfWeek>
        </RegularDayType>
      </OperatingProfile>
      <VehicleJourneyCode>8319</VehicleJourneyCode>
      <ServiceRef>ABAO078C</ServiceRef>
      <LineRef>0</LineRef>
      <JourneyPatternRef>JPS_ABAO078C-3</JourneyPatternRef>
      <DepartureTime>12:31:00</DepartureTime>
    </VehicleJourney>
    <VehicleJourney>
      <OperatorRef>BLB</OperatorRef>
      <OperatingProfile>
        <RegularDayType>
          <DaysOfWeek>
            <Saturday />
          </DaysOfWeek>
        </RegularDayType>
      </OperatingProfile>
      <VehicleJourneyCode>8320</VehicleJourneyCode>
      <ServiceRef>ABAO078C</ServiceRef>
      <LineRef>0</LineRef>
      <JourneyPatternRef>JPS_ABAO078C-3</JourneyPatternRef>
      <DepartureTime>14:31:00</DepartureTime>
    </VehicleJourney>
    <VehicleJourney>
      <OperatorRef>BLB</OperatorRef>
      <OperatingProfile>
        <RegularDayType>
          <DaysOfWeek>
            <Saturday />
          </DaysOfWeek>
        </RegularDayType>
      </OperatingProfile>
      <VehicleJourneyCode>8321</VehicleJourneyCode>
      <ServiceRef>ABAO078C</ServiceRef>
      <LineRef>0</LineRef>
      <JourneyPatternRef>JPS_ABAO078C-3</JourneyPatternRef>
      <DepartureTime>16:31:00</DepartureTime>
    </VehicleJourney>
    <VehicleJourney>
      <OperatorRef>BLB</OperatorRef>
      <OperatingProfile>
        <RegularDayType>
          <DaysOfWeek>
            <Monday />
            <Tuesday />
            <Wednesday />
            <Thursday />
            <Friday />
          </DaysOfWeek>
        </RegularDayType>
        <SpecialDaysOperation>
          <DaysOfNonOperation>
            <DateRange>
              <StartDate>2019-12-25</StartDate>
              <EndDate>2019-12-26</EndDate>
            </DateRange>
            <DateRange>
              <StartDate>2020-01-01</StartDate>
              <EndDate>2020-01-02</EndDate>
            </DateRange>
            <DateRange>
              <StartDate>2020-05-04</StartDate>
              <EndDate>2020-05-04</EndDate>
            </DateRange>
          </DaysOfNonOperation>
        </SpecialDaysOperation>
      </OperatingProfile>
      <VehicleJourneyCode>8322</VehicleJourneyCode>
      <ServiceRef>ABAO078C</ServiceRef>
      <LineRef>0</LineRef>
      <JourneyPatternRef>JPS_ABAO078C-4</JourneyPatternRef>
      <DepartureTime>08:49:00</DepartureTime>
    </VehicleJourney>
    <VehicleJourney>
      <OperatorRef>BLB</OperatorRef>
      <OperatingProfile>
        <RegularDayType>
          <DaysOfWeek>
            <Monday />
            <Tuesday />
            <Wednesday />
            <Thursday />
            <Friday />
          </DaysOfWeek>
        </RegularDayType>
        <SpecialDaysOperation>
          <DaysOfNonOperation>
            <DateRange>
              <StartDate>2019-12-25</StartDate>
              <EndDate>2019-12-26</EndDate>
            </DateRange>
            <DateRange>
              <StartDate>2020-01-01</StartDate>
              <EndDate>2020-01-02</EndDate>
            </DateRange>
            <DateRange>
              <StartDate>2020-05-04</StartDate>
              <EndDate>2020-05-04</EndDate>
            </DateRange>
          </DaysOfNonOperation>
        </SpecialDaysOperation>
      </OperatingProfile>
      <VehicleJourneyCode>8323</VehicleJourneyCode>
      <ServiceRef>ABAO078C</ServiceRef>
      <LineRef>0</LineRef>
      <JourneyPatternRef>JPS_ABAO078C-4</JourneyPatternRef>
      <DepartureTime>10:34:00</DepartureTime>
    </VehicleJourney>
    <VehicleJourney>
      <OperatorRef>BLB</OperatorRef>
      <OperatingProfile>
        <RegularDayType>
          <DaysOfWeek>
            <Monday />
            <Tuesday />
            <Wednesday />
            <Thursday />
            <Friday />
          </DaysOfWeek>
        </RegularDayType>
        <SpecialDaysOperation>
          <DaysOfNonOperation>
            <DateRange>
              <StartDate>2019-12-25</StartDate>
              <EndDate>2019-12-26</EndDate>
            </DateRange>
            <DateRange>
              <StartDate>2020-01-01</StartDate>
              <EndDate>2020-01-02</EndDate>
            </DateRange>
            <DateRange>
              <StartDate>2020-05-04</StartDate>
              <EndDate>2020-05-04</EndDate>
            </DateRange>
          </DaysOfNonOperation>
        </SpecialDaysOperation>
      </OperatingProfile>
      <VehicleJourneyCode>8324</VehicleJourneyCode>
      <ServiceRef>ABAO078C</ServiceRef>
      <LineRef>0</LineRef>
      <JourneyPatternRef>JPS_ABAO078C-4</JourneyPatternRef>
      <DepartureTime>12:19:00</DepartureTime>
    </VehicleJourney>
    <VehicleJourney>
      <OperatorRef>BLB</OperatorRef>
      <OperatingProfile>
        <RegularDayType>
          <DaysOfWeek>
            <Monday />
            <Tuesday />
            <Wednesday />
            <Thursday />
            <Friday />
          </DaysOfWeek>
        </RegularDayType>
        <SpecialDaysOperation>
          <DaysOfNonOperation>
            <DateRange>
              <StartDate>2019-12-25</StartDate>
              <EndDate>2019-12-26</EndDate>
            </DateRange>
            <DateRange>
              <StartDate>2020-01-01</StartDate>
              <EndDate>2020-01-02</EndDate>
            </DateRange>
            <DateRange>
              <StartDate>2020-05-04</StartDate>
              <EndDate>2020-05-04</EndDate>
            </DateRange>
          </DaysOfNonOperation>
        </SpecialDaysOperation>
      </OperatingProfile>
      <VehicleJourneyCode>8325</VehicleJourneyCode>
      <ServiceRef>ABAO078C</ServiceRef>
      <LineRef>0</LineRef>
      <JourneyPatternRef>JPS_ABAO078C-4</JourneyPatternRef>
      <DepartureTime>14:19:00</DepartureTime>
    </VehicleJourney>
    <VehicleJourney>
      <OperatorRef>BLB</OperatorRef>
      <OperatingProfile>
        <RegularDayType>
          <DaysOfWeek>
            <Monday />
            <Tuesday />
            <Wednesday />
            <Thursday />
            <Friday />
          </DaysOfWeek>
        </RegularDayType>
        <SpecialDaysOperation>
          <DaysOfNonOperation>
            <DateRange>
              <StartDate>2019-12-25</StartDate>
              <EndDate>2019-12-26</EndDate>
            </DateRange>
            <DateRange>
              <StartDate>2020-01-01</StartDate>
              <EndDate>2020-01-02</EndDate>
            </DateRange>
            <DateRange>
              <StartDate>2020-05-04</StartDate>
              <EndDate>2020-05-04</EndDate>
            </DateRange>
          </DaysOfNonOperation>
        </SpecialDaysOperation>
      </OperatingProfile>
      <VehicleJourneyCode>8326</VehicleJourneyCode>
      <ServiceRef>ABAO078C</ServiceRef>
      <LineRef>0</LineRef>
      <JourneyPatternRef>JPS_ABAO078C-4</JourneyPatternRef>
      <DepartureTime>16:19:00</DepartureTime>
    </VehicleJourney>
    <VehicleJourney>
      <OperatorRef>BLB</OperatorRef>
      <OperatingProfile>
        <RegularDayType>
          <DaysOfWeek>
            <Monday />
            <Tuesday />
            <Wednesday />
            <Thursday />
            <Friday />
          </DaysOfWeek>
        </RegularDayType>
        <SpecialDaysOperation>
          <DaysOfNonOperation>
            <DateRange>
              <StartDate>2019-12-25</StartDate>
              <EndDate>2019-12-26</EndDate>
            </DateRange>
            <DateRange>
              <StartDate>2020-01-01</StartDate>
              <EndDate>2020-01-02</EndDate>
            </DateRange>
            <DateRange>
              <StartDate>2020-05-04</StartDate>
              <EndDate>2020-05-04</EndDate>
            </DateRange>
          </DaysOfNonOperation>
        </SpecialDaysOperation>
      </OperatingProfile>
      <VehicleJourneyCode>8327</VehicleJourneyCode>
      <ServiceRef>ABAO078C</ServiceRef>
      <LineRef>0</LineRef>
      <JourneyPatternRef>JPS_ABAO078C-4</JourneyPatternRef>
      <DepartureTime>17:19:00</DepartureTime>
    </VehicleJourney>
    <VehicleJourney>
      <OperatorRef>BLB</OperatorRef>
      <OperatingProfile>
        <RegularDayType>
          <DaysOfWeek>
            <Saturday />
          </DaysOfWeek>
        </RegularDayType>
      </OperatingProfile>
      <VehicleJourneyCode>8328</VehicleJourneyCode>
      <ServiceRef>ABAO078C</ServiceRef>
      <LineRef>0</LineRef>
      <JourneyPatternRef>JPS_ABAO078C-4</JourneyPatternRef>
      <DepartureTime>08:19:00</DepartureTime>
    </VehicleJourney>
    <VehicleJourney>
      <OperatorRef>BLB</OperatorRef>
      <OperatingProfile>
        <RegularDayType>
          <DaysOfWeek>
            <Saturday />
          </DaysOfWeek>
        </RegularDayType>
      </OperatingProfile>
      <VehicleJourneyCode>8329</VehicleJourneyCode>
      <ServiceRef>ABAO078C</ServiceRef>
      <LineRef>0</LineRef>
      <JourneyPatternRef>JPS_ABAO078C-4</JourneyPatternRef>
      <DepartureTime>10:19:00</DepartureTime>
    </VehicleJourney>
    <VehicleJourney>
      <OperatorRef>BLB</OperatorRef>
      <OperatingProfile>
        <RegularDayType>
          <DaysOfWeek>
            <Saturday />
          </DaysOfWeek>
        </RegularDayType>
      </OperatingProfile>
      <VehicleJourneyCode>8330</VehicleJourneyCode>
      <ServiceRef>ABAO078C</ServiceRef>
      <LineRef>0</LineRef>
      <JourneyPatternRef>JPS_ABAO078C-4</JourneyPatternRef>
      <DepartureTime>12:19:00</DepartureTime>
    </VehicleJourney>
    <VehicleJourney>
      <OperatorRef>BLB</OperatorRef>
      <OperatingProfile>
        <RegularDayType>
          <DaysOfWeek>
            <Saturday />
          </DaysOfWeek>
        </RegularDayType>
      </OperatingProfile>
      <VehicleJourneyCode>8331</VehicleJourneyCode>
      <ServiceRef>ABAO078C</ServiceRef>
      <LineRef>0</LineRef>
      <JourneyPatternRef>JPS_ABAO078C-4</JourneyPatternRef>
      <DepartureTime>14:19:00</DepartureTime>
    </VehicleJourney>
    <VehicleJourney>
      <OperatorRef>BLB</OperatorRef>
      <OperatingProfile>
        <RegularDayType>
          <DaysOfWeek>
            <Saturday />
          </DaysOfWeek>
        </RegularDayType>
      </OperatingProfile>
      <VehicleJourneyCode>8332</VehicleJourneyCode>
      <ServiceRef>ABAO078C</ServiceRef>
      <LineRef>0</LineRef>
      <JourneyPatternRef>JPS_ABAO078C-4</JourneyPatternRef>
      <DepartureTime>16:19:00</DepartureTime>
    </VehicleJourney>
  </VehicleJourneys>
</TransXChange>