<?xml version="1.0" encoding="utf-8"?>
<TransXChange xmlns:xsi="http://www.w3.org/2001/XMLSchema-instance" xmlns:xsd="http://www.w3.org/2001/XMLSchema" xsi:schemaLocation="http://www.transxchange.org.uk/ http://www.transxchange.org.uk/schema/2.1/TransXChange_general.xsd" CreationDateTime="2019-10-07T12:02:00-00:00" ModificationDateTime="2019-10-07T12:02:00-00:00" Modification="new" RevisionNumber="0" FileName="SVRAYAO096.xml" SchemaVersion="2.1" RegistrationDocument="false" xmlns="http://www.transxchange.org.uk/">
  <ServicedOrganisations>
    <ServicedOrganisation>
      <OrganisationCode>954</OrganisationCode>
      <Name>
QE0 : Cif-SER96-WCM-20190329_20190509_163947.cif
</Name>
      <WorkingDays>
        <DateRange>
          <StartDate>2019-09-01</StartDate>
          <EndDate>2019-10-19</EndDate>
        </DateRange>
      </WorkingDays>
    </ServicedOrganisation>
  </ServicedOrganisations>
  <StopPoints>
    <AnnotatedStopPointRef>
      <StopPointRef>60707654</StopPointRef>
      <CommonName>Ferry Terminal</CommonName>
    </AnnotatedStopPointRef>
    <AnnotatedStopPointRef>
      <StopPointRef>60707701</StopPointRef>
      <CommonName>Road End</CommonName>
    </AnnotatedStopPointRef>
    <AnnotatedStopPointRef>
      <StopPointRef>60709702</StopPointRef>
      <CommonName>Lochbuie Crossroads</CommonName>
    </AnnotatedStopPointRef>
    <AnnotatedStopPointRef>
      <StopPointRef>60709734</StopPointRef>
      <CommonName>Road End</CommonName>
    </AnnotatedStopPointRef>
    <AnnotatedStopPointRef>
      <StopPointRef>60707483</StopPointRef>
      <CommonName>Crossroads</CommonName>
    </AnnotatedStopPointRef>
    <AnnotatedStopPointRef>
      <StopPointRef>60709703</StopPointRef>
      <CommonName>Community Centre</CommonName>
    </AnnotatedStopPointRef>
    <AnnotatedStopPointRef>
      <StopPointRef>60709735</StopPointRef>
      <CommonName>Road End</CommonName>
    </AnnotatedStopPointRef>
    <AnnotatedStopPointRef>
      <StopPointRef>60707665</StopPointRef>
      <CommonName>Argyll Arms Hotel</CommonName>
    </AnnotatedStopPointRef>
    <AnnotatedStopPointRef>
      <StopPointRef>60707704</StopPointRef>
      <CommonName>Post Office</CommonName>
    </AnnotatedStopPointRef>
    <AnnotatedStopPointRef>
      <StopPointRef>60709704</StopPointRef>
      <CommonName>Ferry Terminal</CommonName>
    </AnnotatedStopPointRef>
    <AnnotatedStopPointRef>
      <StopPointRef>60709665</StopPointRef>
      <CommonName>Fire Station</CommonName>
    </AnnotatedStopPointRef>
    <AnnotatedStopPointRef>
      <StopPointRef>60709736</StopPointRef>
      <CommonName>Road End</CommonName>
    </AnnotatedStopPointRef>
    <AnnotatedStopPointRef>
      <StopPointRef>60707703</StopPointRef>
      <CommonName>Community Centre</CommonName>
    </AnnotatedStopPointRef>
    <AnnotatedStopPointRef>
      <StopPointRef>60709483</StopPointRef>
      <CommonName>Crossroads</CommonName>
    </AnnotatedStopPointRef>
    <AnnotatedStopPointRef>
      <StopPointRef>60709733</StopPointRef>
      <CommonName>Road End</CommonName>
    </AnnotatedStopPointRef>
    <AnnotatedStopPointRef>
      <StopPointRef>60707702</StopPointRef>
      <CommonName>Lochbuie Crossroads</CommonName>
    </AnnotatedStopPointRef>
    <AnnotatedStopPointRef>
      <StopPointRef>60709701</StopPointRef>
      <CommonName>Road End</CommonName>
    </AnnotatedStopPointRef>
  </StopPoints>
  <RouteSections>
    <RouteSection id="AYAO096_001">
      <RouteLink id="AYAO096_001_287471">
        <From>
          <StopPointRef>60707654</StopPointRef>
        </From>
        <To>
          <StopPointRef>60707701</StopPointRef>
        </To>
        <Direction>outbound</Direction>
      </RouteLink>
      <RouteLink id="AYAO096_001_287472">
        <From>
          <StopPointRef>60707701</StopPointRef>
        </From>
        <To>
          <StopPointRef>60709702</StopPointRef>
        </To>
        <Direction>outbound</Direction>
      </RouteLink>
      <RouteLink id="AYAO096_001_287473">
        <From>
          <StopPointRef>60709702</StopPointRef>
        </From>
        <To>
          <StopPointRef>60709734</StopPointRef>
        </To>
        <Direction>outbound</Direction>
      </RouteLink>
      <RouteLink id="AYAO096_001_287474">
        <From>
          <StopPointRef>60709734</StopPointRef>
        </From>
        <To>
          <StopPointRef>60707483</StopPointRef>
        </To>
        <Direction>outbound</Direction>
      </RouteLink>
      <RouteLink id="AYAO096_001_287475">
        <From>
          <StopPointRef>60707483</StopPointRef>
        </From>
        <To>
          <StopPointRef>60709703</StopPointRef>
        </To>
        <Direction>outbound</Direction>
      </RouteLink>
      <RouteLink id="AYAO096_001_287476">
        <From>
          <StopPointRef>60709703</StopPointRef>
        </From>
        <To>
          <StopPointRef>60709735</StopPointRef>
        </To>
        <Direction>outbound</Direction>
      </RouteLink>
      <RouteLink id="AYAO096_001_287477">
        <From>
          <StopPointRef>60709735</StopPointRef>
        </From>
        <To>
          <StopPointRef>60707665</StopPointRef>
        </To>
        <Direction>outbound</Direction>
      </RouteLink>
      <RouteLink id="AYAO096_001_287478">
        <From>
          <StopPointRef>60707665</StopPointRef>
        </From>
        <To>
          <StopPointRef>60707704</StopPointRef>
        </To>
        <Direction>outbound</Direction>
      </RouteLink>
    </RouteSection>
    <RouteSection id="AYAO096_002">
      <RouteLink id="AYAO096_002_287462">
        <From>
          <StopPointRef>60709704</StopPointRef>
        </From>
        <To>
          <StopPointRef>60709665</StopPointRef>
        </To>
        <Direction>inbound</Direction>
      </RouteLink>
      <RouteLink id="AYAO096_002_287463">
        <From>
          <StopPointRef>60709665</StopPointRef>
        </From>
        <To>
          <StopPointRef>60709736</StopPointRef>
        </To>
        <Direction>inbound</Direction>
      </RouteLink>
      <RouteLink id="AYAO096_002_287464">
        <From>
          <StopPointRef>60709736</StopPointRef>
        </From>
        <To>
          <StopPointRef>60707703</StopPointRef>
        </To>
        <Direction>inbound</Direction>
      </RouteLink>
      <RouteLink id="AYAO096_002_287465">
        <From>
          <StopPointRef>60707703</StopPointRef>
        </From>
        <To>
          <StopPointRef>60709483</StopPointRef>
        </To>
        <Direction>inbound</Direction>
      </RouteLink>
      <RouteLink id="AYAO096_002_287466">
        <From>
          <StopPointRef>60709483</StopPointRef>
        </From>
        <To>
          <StopPointRef>60709733</StopPointRef>
        </To>
        <Direction>inbound</Direction>
      </RouteLink>
      <RouteLink id="AYAO096_002_287467">
        <From>
          <StopPointRef>60709733</StopPointRef>
        </From>
        <To>
          <StopPointRef>60707702</StopPointRef>
        </To>
        <Direction>inbound</Direction>
      </RouteLink>
      <RouteLink id="AYAO096_002_287468">
        <From>
          <StopPointRef>60707702</StopPointRef>
        </From>
        <To>
          <StopPointRef>60709701</StopPointRef>
        </To>
        <Direction>inbound</Direction>
      </RouteLink>
      <RouteLink id="AYAO096_002_287469">
        <From>
          <StopPointRef>60709701</StopPointRef>
        </From>
        <To>
          <StopPointRef>60707654</StopPointRef>
        </To>
        <Direction>inbound</Direction>
      </RouteLink>
    </RouteSection>
  </RouteSections>
  <Routes>
    <Route id="AYAO096_001">
      <Description>Craignure - Fionnphort
</Description>
      <RouteSectionRef>AYAO096_001</RouteSectionRef>
    </Route>
    <Route id="AYAO096_002">
      <Description>Fionnphort - Craignure
</Description>
      <RouteSectionRef>AYAO096_002</RouteSectionRef>
    </Route>
  </Routes>
  <JourneyPatternSections>
    <JourneyPatternSection id="JPS_AYAO096-3">
      <JourneyPatternTimingLink id="JPS_AYAO096-3_287471">
        <From>
          <StopPointRef>60707654</StopPointRef>
          <TimingStatus>PTP</TimingStatus>
        </From>
        <To>
          <StopPointRef>60707701</StopPointRef>
          <TimingStatus>PTP</TimingStatus>
        </To>
        <RouteLinkRef>AYAO096_001_287471</RouteLinkRef>
        <Direction>outbound</Direction>
        <RunTime>PT420S</RunTime>
      </JourneyPatternTimingLink>
      <JourneyPatternTimingLink id="JPS_AYAO096-3_287472">
        <From>
          <StopPointRef>60707701</StopPointRef>
          <TimingStatus>PTP</TimingStatus>
        </From>
        <To>
          <StopPointRef>60709702</StopPointRef>
          <TimingStatus>PTP</TimingStatus>
        </To>
        <RouteLinkRef>AYAO096_001_287472</RouteLinkRef>
        <Direction>outbound</Direction>
        <RunTime>PT360S</RunTime>
      </JourneyPatternTimingLink>
      <JourneyPatternTimingLink id="JPS_AYAO096-3_287473">
        <From>
          <StopPointRef>60709702</StopPointRef>
          <TimingStatus>PTP</TimingStatus>
        </From>
        <To>
          <StopPointRef>60709734</StopPointRef>
          <TimingStatus>PTP</TimingStatus>
        </To>
        <RouteLinkRef>AYAO096_001_287473</RouteLinkRef>
        <Direction>outbound</Direction>
        <RunTime>PT420S</RunTime>
      </JourneyPatternTimingLink>
      <JourneyPatternTimingLink id="JPS_AYAO096-3_287474">
        <From>
          <StopPointRef>60709734</StopPointRef>
          <TimingStatus>PTP</TimingStatus>
        </From>
        <To>
          <StopPointRef>60707483</StopPointRef>
          <TimingStatus>PTP</TimingStatus>
        </To>
        <RouteLinkRef>AYAO096_001_287474</RouteLinkRef>
        <Direction>outbound</Direction>
        <RunTime>PT720S</RunTime>
      </JourneyPatternTimingLink>
      <JourneyPatternTimingLink id="JPS_AYAO096-3_287475">
        <From>
          <StopPointRef>60707483</StopPointRef>
          <TimingStatus>PTP</TimingStatus>
        </From>
        <To>
          <StopPointRef>60709703</StopPointRef>
          <TimingStatus>PTP</TimingStatus>
        </To>
        <RouteLinkRef>AYAO096_001_287475</RouteLinkRef>
        <Direction>outbound</Direction>
        <RunTime>PT420S</RunTime>
      </JourneyPatternTimingLink>
      <JourneyPatternTimingLink id="JPS_AYAO096-3_287476">
        <From>
          <StopPointRef>60709703</StopPointRef>
          <TimingStatus>PTP</TimingStatus>
        </From>
        <To>
          <StopPointRef>60709735</StopPointRef>
          <TimingStatus>PTP</TimingStatus>
        </To>
        <RouteLinkRef>AYAO096_001_287476</RouteLinkRef>
        <Direction>outbound</Direction>
        <RunTime>PT780S</RunTime>
      </JourneyPatternTimingLink>
      <JourneyPatternTimingLink id="JPS_AYAO096-3_287477">
        <From>
          <StopPointRef>60709735</StopPointRef>
          <TimingStatus>PTP</TimingStatus>
        </From>
        <To>
          <StopPointRef>60707665</StopPointRef>
          <TimingStatus>PTP</TimingStatus>
        </To>
        <RouteLinkRef>AYAO096_001_287477</RouteLinkRef>
        <Direction>outbound</Direction>
        <RunTime>PT780S</RunTime>
      </JourneyPatternTimingLink>
      <JourneyPatternTimingLink id="JPS_AYAO096-3_287478">
        <From>
          <StopPointRef>60707665</StopPointRef>
          <TimingStatus>PTP</TimingStatus>
        </From>
        <To>
          <StopPointRef>60707704</StopPointRef>
          <TimingStatus>PTP</TimingStatus>
        </To>
        <RouteLinkRef>AYAO096_001_287478</RouteLinkRef>
        <Direction>outbound</Direction>
        <RunTime>PT600S</RunTime>
      </JourneyPatternTimingLink>
    </JourneyPatternSection>
    <JourneyPatternSection id="JPS_AYAO096-4">
      <JourneyPatternTimingLink id="JPS_AYAO096-4_287471">
        <From>
          <StopPointRef>60707654</StopPointRef>
          <TimingStatus>PTP</TimingStatus>
        </From>
        <To>
          <StopPointRef>60707701</StopPointRef>
          <TimingStatus>PTP</TimingStatus>
        </To>
        <RouteLinkRef>AYAO096_001_287471</RouteLinkRef>
        <Direction>outbound</Direction>
        <RunTime>PT420S</RunTime>
      </JourneyPatternTimingLink>
      <JourneyPatternTimingLink id="JPS_AYAO096-4_287472">
        <From>
          <StopPointRef>60707701</StopPointRef>
          <TimingStatus>PTP</TimingStatus>
        </From>
        <To>
          <StopPointRef>60709702</StopPointRef>
          <TimingStatus>PTP</TimingStatus>
        </To>
        <RouteLinkRef>AYAO096_001_287472</RouteLinkRef>
        <Direction>outbound</Direction>
        <RunTime>PT360S</RunTime>
      </JourneyPatternTimingLink>
      <JourneyPatternTimingLink id="JPS_AYAO096-4_287473">
        <From>
          <StopPointRef>60709702</StopPointRef>
          <TimingStatus>PTP</TimingStatus>
        </From>
        <To>
          <StopPointRef>60709734</StopPointRef>
          <TimingStatus>PTP</TimingStatus>
        </To>
        <RouteLinkRef>AYAO096_001_287473</RouteLinkRef>
        <Direction>outbound</Direction>
        <RunTime>PT420S</RunTime>
      </JourneyPatternTimingLink>
      <JourneyPatternTimingLink id="JPS_AYAO096-4_287474">
        <From>
          <StopPointRef>60709734</StopPointRef>
          <TimingStatus>PTP</TimingStatus>
        </From>
        <To>
          <StopPointRef>60707483</StopPointRef>
          <TimingStatus>PTP</TimingStatus>
        </To>
        <RouteLinkRef>AYAO096_001_287474</RouteLinkRef>
        <Direction>outbound</Direction>
        <RunTime>PT720S</RunTime>
      </JourneyPatternTimingLink>
      <JourneyPatternTimingLink id="JPS_AYAO096-4_287475">
        <From>
          <StopPointRef>60707483</StopPointRef>
          <TimingStatus>PTP</TimingStatus>
        </From>
        <To>
          <StopPointRef>60709703</StopPointRef>
          <TimingStatus>PTP</TimingStatus>
        </To>
        <RouteLinkRef>AYAO096_001_287475</RouteLinkRef>
        <Direction>outbound</Direction>
        <RunTime>PT420S</RunTime>
      </JourneyPatternTimingLink>
      <JourneyPatternTimingLink id="JPS_AYAO096-4_287476">
        <From>
          <StopPointRef>60709703</StopPointRef>
          <TimingStatus>PTP</TimingStatus>
        </From>
        <To>
          <StopPointRef>60709735</StopPointRef>
          <TimingStatus>PTP</TimingStatus>
        </To>
        <RouteLinkRef>AYAO096_001_287476</RouteLinkRef>
        <Direction>outbound</Direction>
        <RunTime>PT780S</RunTime>
      </JourneyPatternTimingLink>
      <JourneyPatternTimingLink id="JPS_AYAO096-4_287477">
        <From>
          <StopPointRef>60709735</StopPointRef>
          <TimingStatus>PTP</TimingStatus>
        </From>
        <To>
          <StopPointRef>60707665</StopPointRef>
          <TimingStatus>PTP</TimingStatus>
        </To>
        <RouteLinkRef>AYAO096_001_287477</RouteLinkRef>
        <Direction>outbound</Direction>
        <RunTime>PT780S</RunTime>
      </JourneyPatternTimingLink>
      <JourneyPatternTimingLink id="JPS_AYAO096-4_287478">
        <From>
          <StopPointRef>60707665</StopPointRef>
          <TimingStatus>PTP</TimingStatus>
        </From>
        <To>
          <StopPointRef>60707704</StopPointRef>
          <TimingStatus>PTP</TimingStatus>
        </To>
        <RouteLinkRef>AYAO096_001_287478</RouteLinkRef>
        <Direction>outbound</Direction>
        <RunTime>PT900S</RunTime>
      </JourneyPatternTimingLink>
    </JourneyPatternSection>
    <JourneyPatternSection id="JPS_AYAO096-5">
      <JourneyPatternTimingLink id="JPS_AYAO096-5_287462">
        <From>
          <StopPointRef>60709704</StopPointRef>
          <TimingStatus>PTP</TimingStatus>
        </From>
        <To>
          <StopPointRef>60709665</StopPointRef>
          <TimingStatus>PTP</TimingStatus>
        </To>
        <RouteLinkRef>AYAO096_002_287462</RouteLinkRef>
        <Direction>inbound</Direction>
        <RunTime>PT900S</RunTime>
      </JourneyPatternTimingLink>
      <JourneyPatternTimingLink id="JPS_AYAO096-5_287463">
        <From>
          <StopPointRef>60709665</StopPointRef>
          <TimingStatus>PTP</TimingStatus>
        </From>
        <To>
          <StopPointRef>60709736</StopPointRef>
          <TimingStatus>PTP</TimingStatus>
        </To>
        <RouteLinkRef>AYAO096_002_287463</RouteLinkRef>
        <Direction>inbound</Direction>
        <RunTime>PT720S</RunTime>
      </JourneyPatternTimingLink>
      <JourneyPatternTimingLink id="JPS_AYAO096-5_287464">
        <From>
          <StopPointRef>60709736</StopPointRef>
          <TimingStatus>PTP</TimingStatus>
        </From>
        <To>
          <StopPointRef>60707703</StopPointRef>
          <TimingStatus>PTP</TimingStatus>
        </To>
        <RouteLinkRef>AYAO096_002_287464</RouteLinkRef>
        <Direction>inbound</Direction>
        <RunTime>PT780S</RunTime>
      </JourneyPatternTimingLink>
      <JourneyPatternTimingLink id="JPS_AYAO096-5_287465">
        <From>
          <StopPointRef>60707703</StopPointRef>
          <TimingStatus>PTP</TimingStatus>
        </From>
        <To>
          <StopPointRef>60709483</StopPointRef>
          <TimingStatus>PTP</TimingStatus>
        </To>
        <RouteLinkRef>AYAO096_002_287465</RouteLinkRef>
        <Direction>inbound</Direction>
        <RunTime>PT420S</RunTime>
      </JourneyPatternTimingLink>
      <JourneyPatternTimingLink id="JPS_AYAO096-5_287466">
        <From>
          <StopPointRef>60709483</StopPointRef>
          <TimingStatus>PTP</TimingStatus>
        </From>
        <To>
          <StopPointRef>60709733</StopPointRef>
          <TimingStatus>PTP</TimingStatus>
        </To>
        <RouteLinkRef>AYAO096_002_287466</RouteLinkRef>
        <Direction>inbound</Direction>
        <RunTime>PT780S</RunTime>
      </JourneyPatternTimingLink>
      <JourneyPatternTimingLink id="JPS_AYAO096-5_287467">
        <From>
          <StopPointRef>60709733</StopPointRef>
          <TimingStatus>PTP</TimingStatus>
        </From>
        <To>
          <StopPointRef>60707702</StopPointRef>
          <TimingStatus>PTP</TimingStatus>
        </To>
        <RouteLinkRef>AYAO096_002_287467</RouteLinkRef>
        <Direction>inbound</Direction>
        <RunTime>PT360S</RunTime>
      </JourneyPatternTimingLink>
      <JourneyPatternTimingLink id="JPS_AYAO096-5_287468">
        <From>
          <StopPointRef>60707702</StopPointRef>
          <TimingStatus>PTP</TimingStatus>
        </From>
        <To>
          <StopPointRef>60709701</StopPointRef>
          <TimingStatus>PTP</TimingStatus>
        </To>
        <RouteLinkRef>AYAO096_002_287468</RouteLinkRef>
        <Direction>inbound</Direction>
        <RunTime>PT420S</RunTime>
      </JourneyPatternTimingLink>
      <JourneyPatternTimingLink id="JPS_AYAO096-5_287469">
        <From>
          <StopPointRef>60709701</StopPointRef>
          <TimingStatus>PTP</TimingStatus>
        </From>
        <To>
          <StopPointRef>60707654</StopPointRef>
          <TimingStatus>PTP</TimingStatus>
        </To>
        <RouteLinkRef>AYAO096_002_287469</RouteLinkRef>
        <Direction>inbound</Direction>
        <RunTime>PT420S</RunTime>
      </JourneyPatternTimingLink>
    </JourneyPatternSection>
    <JourneyPatternSection id="JPS_AYAO096-6">
      <JourneyPatternTimingLink id="JPS_AYAO096-6_287462">
        <From>
          <StopPointRef>60709704</StopPointRef>
          <TimingStatus>PTP</TimingStatus>
        </From>
        <To>
          <StopPointRef>60709665</StopPointRef>
          <TimingStatus>PTP</TimingStatus>
        </To>
        <RouteLinkRef>AYAO096_002_287462</RouteLinkRef>
        <Direction>inbound</Direction>
        <RunTime>PT900S</RunTime>
      </JourneyPatternTimingLink>
      <JourneyPatternTimingLink id="JPS_AYAO096-6_287463">
        <From>
          <StopPointRef>60709665</StopPointRef>
          <TimingStatus>PTP</TimingStatus>
        </From>
        <To>
          <StopPointRef>60709736</StopPointRef>
          <TimingStatus>PTP</TimingStatus>
        </To>
        <RouteLinkRef>AYAO096_002_287463</RouteLinkRef>
        <Direction>inbound</Direction>
        <RunTime>PT720S</RunTime>
      </JourneyPatternTimingLink>
      <JourneyPatternTimingLink id="JPS_AYAO096-6_287464">
        <From>
          <StopPointRef>60709736</StopPointRef>
          <TimingStatus>PTP</TimingStatus>
        </From>
        <To>
          <StopPointRef>60707703</StopPointRef>
          <TimingStatus>PTP</TimingStatus>
        </To>
        <RouteLinkRef>AYAO096_002_287464</RouteLinkRef>
        <Direction>inbound</Direction>
        <RunTime>PT780S</RunTime>
      </JourneyPatternTimingLink>
      <JourneyPatternTimingLink id="JPS_AYAO096-6_287465">
        <From>
          <StopPointRef>60707703</StopPointRef>
          <TimingStatus>PTP</TimingStatus>
        </From>
        <To>
          <StopPointRef>60709483</StopPointRef>
          <TimingStatus>PTP</TimingStatus>
        </To>
        <RouteLinkRef>AYAO096_002_287465</RouteLinkRef>
        <Direction>inbound</Direction>
        <RunTime>PT300S</RunTime>
      </JourneyPatternTimingLink>
      <JourneyPatternTimingLink id="JPS_AYAO096-6_287466">
        <From>
          <StopPointRef>60709483</StopPointRef>
          <TimingStatus>PTP</TimingStatus>
        </From>
        <To>
          <StopPointRef>60709733</StopPointRef>
          <TimingStatus>PTP</TimingStatus>
        </To>
        <RouteLinkRef>AYAO096_002_287466</RouteLinkRef>
        <Direction>inbound</Direction>
        <RunTime>PT780S</RunTime>
      </JourneyPatternTimingLink>
      <JourneyPatternTimingLink id="JPS_AYAO096-6_287467">
        <From>
          <StopPointRef>60709733</StopPointRef>
          <TimingStatus>PTP</TimingStatus>
        </From>
        <To>
          <StopPointRef>60707702</StopPointRef>
          <TimingStatus>PTP</TimingStatus>
        </To>
        <RouteLinkRef>AYAO096_002_287467</RouteLinkRef>
        <Direction>inbound</Direction>
        <RunTime>PT480S</RunTime>
      </JourneyPatternTimingLink>
      <JourneyPatternTimingLink id="JPS_AYAO096-6_287468">
        <From>
          <StopPointRef>60707702</StopPointRef>
          <TimingStatus>PTP</TimingStatus>
        </From>
        <To>
          <StopPointRef>60709701</StopPointRef>
          <TimingStatus>PTP</TimingStatus>
        </To>
        <RouteLinkRef>AYAO096_002_287468</RouteLinkRef>
        <Direction>inbound</Direction>
        <RunTime>PT420S</RunTime>
      </JourneyPatternTimingLink>
      <JourneyPatternTimingLink id="JPS_AYAO096-6_287469">
        <From>
          <StopPointRef>60709701</StopPointRef>
          <TimingStatus>PTP</TimingStatus>
        </From>
        <To>
          <StopPointRef>60707654</StopPointRef>
          <TimingStatus>PTP</TimingStatus>
        </To>
        <RouteLinkRef>AYAO096_002_287469</RouteLinkRef>
        <Direction>inbound</Direction>
        <RunTime>PT420S</RunTime>
      </JourneyPatternTimingLink>
    </JourneyPatternSection>
    <JourneyPatternSection id="JPS_AYAO096-7">
      <JourneyPatternTimingLink id="JPS_AYAO096-7_287471">
        <From>
          <StopPointRef>60707654</StopPointRef>
          <TimingStatus>PTP</TimingStatus>
        </From>
        <To>
          <StopPointRef>60707701</StopPointRef>
          <TimingStatus>PTP</TimingStatus>
        </To>
        <RouteLinkRef>AYAO096_001_287471</RouteLinkRef>
        <Direction>outbound</Direction>
        <RunTime>PT420S</RunTime>
      </JourneyPatternTimingLink>
      <JourneyPatternTimingLink id="JPS_AYAO096-7_287472">
        <From>
          <StopPointRef>60707701</StopPointRef>
          <TimingStatus>PTP</TimingStatus>
        </From>
        <To>
          <StopPointRef>60709702</StopPointRef>
          <TimingStatus>PTP</TimingStatus>
        </To>
        <RouteLinkRef>AYAO096_001_287472</RouteLinkRef>
        <Direction>outbound</Direction>
        <RunTime>PT360S</RunTime>
      </JourneyPatternTimingLink>
      <JourneyPatternTimingLink id="JPS_AYAO096-7_287473">
        <From>
          <StopPointRef>60709702</StopPointRef>
          <TimingStatus>PTP</TimingStatus>
        </From>
        <To>
          <StopPointRef>60709734</StopPointRef>
          <TimingStatus>PTP</TimingStatus>
        </To>
        <RouteLinkRef>AYAO096_001_287473</RouteLinkRef>
        <Direction>outbound</Direction>
        <RunTime>PT540S</RunTime>
      </JourneyPatternTimingLink>
      <JourneyPatternTimingLink id="JPS_AYAO096-7_287474">
        <From>
          <StopPointRef>60709734</StopPointRef>
          <TimingStatus>PTP</TimingStatus>
        </From>
        <To>
          <StopPointRef>60707483</StopPointRef>
          <TimingStatus>PTP</TimingStatus>
        </To>
        <RouteLinkRef>AYAO096_001_287474</RouteLinkRef>
        <Direction>outbound</Direction>
        <RunTime>PT600S</RunTime>
      </JourneyPatternTimingLink>
      <JourneyPatternTimingLink id="JPS_AYAO096-7_287475">
        <From>
          <StopPointRef>60707483</StopPointRef>
          <TimingStatus>PTP</TimingStatus>
        </From>
        <To>
          <StopPointRef>60709703</StopPointRef>
          <TimingStatus>PTP</TimingStatus>
        </To>
        <RouteLinkRef>AYAO096_001_287475</RouteLinkRef>
        <Direction>outbound</Direction>
        <RunTime>PT240S</RunTime>
      </JourneyPatternTimingLink>
      <JourneyPatternTimingLink id="JPS_AYAO096-7_287476">
        <From>
          <StopPointRef>60709703</StopPointRef>
          <TimingStatus>PTP</TimingStatus>
        </From>
        <To>
          <StopPointRef>60709735</StopPointRef>
          <TimingStatus>PTP</TimingStatus>
        </To>
        <RouteLinkRef>AYAO096_001_287476</RouteLinkRef>
        <Direction>outbound</Direction>
        <RunTime>PT660S</RunTime>
      </JourneyPatternTimingLink>
      <JourneyPatternTimingLink id="JPS_AYAO096-7_287477">
        <From>
          <StopPointRef>60709735</StopPointRef>
          <TimingStatus>PTP</TimingStatus>
        </From>
        <To>
          <StopPointRef>60707665</StopPointRef>
          <TimingStatus>PTP</TimingStatus>
        </To>
        <RouteLinkRef>AYAO096_001_287477</RouteLinkRef>
        <Direction>outbound</Direction>
        <RunTime>PT900S</RunTime>
      </JourneyPatternTimingLink>
      <JourneyPatternTimingLink id="JPS_AYAO096-7_287478">
        <From>
          <StopPointRef>60707665</StopPointRef>
          <TimingStatus>PTP</TimingStatus>
        </From>
        <To>
          <StopPointRef>60707704</StopPointRef>
          <TimingStatus>PTP</TimingStatus>
        </To>
        <RouteLinkRef>AYAO096_001_287478</RouteLinkRef>
        <Direction>outbound</Direction>
        <RunTime>PT780S</RunTime>
      </JourneyPatternTimingLink>
    </JourneyPatternSection>
  </JourneyPatternSections>
  <Operators>
    <Operator id="WCM">
      <NationalOperatorCode>WCMO</NationalOperatorCode>
      <OperatorCode>WCM</OperatorCode>
      <OperatorShortName>West Coast Motors</OperatorShortName>
    </Operator>
  </Operators>
  <Services>
    <Service>
      <ServiceCode>AYAO096</ServiceCode>
      <Lines>
        <Line id="0">
          <LineName>96</LineName>
        </Line>
      </Lines>
      <OperatingPeriod>
        <StartDate>2019-03-29</StartDate>
        <EndDate>2019-10-20</EndDate>
      </OperatingPeriod>
      <RegisteredOperatorRef>WCM</RegisteredOperatorRef>
      <StopRequirements>
        <NoNewStopsRequired />
      </StopRequirements>
      <Mode>bus</Mode>
      <Description>Craignure - Fionnphort</Description>
      <StandardService>
        <Origin>Craignure</Origin>
        <Destination>Fionnphort</Destination>
        <JourneyPattern id="JPS_AYAO096-3">
          <Direction>outbound</Direction>
          <JourneyPatternSectionRefs>JPS_AYAO096-3</JourneyPatternSectionRefs>
        </JourneyPattern>
        <JourneyPattern id="JPS_AYAO096-4">
          <Direction>outbound</Direction>
          <JourneyPatternSectionRefs>JPS_AYAO096-4</JourneyPatternSectionRefs>
        </JourneyPattern>
        <JourneyPattern id="JPS_AYAO096-5">
          <Direction>inbound</Direction>
          <JourneyPatternSectionRefs>JPS_AYAO096-5</JourneyPatternSectionRefs>
        </JourneyPattern>
        <JourneyPattern id="JPS_AYAO096-6">
          <Direction>inbound</Direction>
          <JourneyPatternSectionRefs>JPS_AYAO096-6</JourneyPatternSectionRefs>
        </JourneyPattern>
        <JourneyPattern id="JPS_AYAO096-7">
          <Direction>outbound</Direction>
          <JourneyPatternSectionRefs>JPS_AYAO096-7</JourneyPatternSectionRefs>
        </JourneyPattern>
      </StandardService>
    </Service>
  </Services>
  <VehicleJourneys>
    <VehicleJourney>
      <OperatorRef>WCM</OperatorRef>
      <OperatingProfile>
        <RegularDayType>
          <DaysOfWeek>
            <Saturday />
          </DaysOfWeek>
        </RegularDayType>
      </OperatingProfile>
      <VehicleJourneyCode>97978</VehicleJourneyCode>
      <ServiceRef>AYAO096</ServiceRef>
      <LineRef>0</LineRef>
      <JourneyPatternRef>JPS_AYAO096-3</JourneyPatternRef>
      <DepartureTime>08:25:00</DepartureTime>
    </VehicleJourney>
    <VehicleJourney>
      <OperatorRef>WCM</OperatorRef>
      <OperatingProfile>
        <RegularDayType>
          <DaysOfWeek>
            <Saturday />
          </DaysOfWeek>
        </RegularDayType>
      </OperatingProfile>
      <VehicleJourneyCode>97979</VehicleJourneyCode>
      <ServiceRef>AYAO096</ServiceRef>
      <LineRef>0</LineRef>
      <JourneyPatternRef>JPS_AYAO096-4</JourneyPatternRef>
      <DepartureTime>13:20:00</DepartureTime>
    </VehicleJourney>
    <VehicleJourney>
      <OperatorRef>WCM</OperatorRef>
      <OperatingProfile>
        <RegularDayType>
          <DaysOfWeek>
            <Saturday />
          </DaysOfWeek>
        </RegularDayType>
        <ServicedOrganisationDayType>
          <DaysOfNonOperation>
            <WorkingDays>
              <ServicedOrganisationRef>954</ServicedOrganisationRef>
            </WorkingDays>
          </DaysOfNonOperation>
        </ServicedOrganisationDayType>
      </OperatingProfile>
      <VehicleJourneyCode>97980</VehicleJourneyCode>
      <ServiceRef>AYAO096</ServiceRef>
      <LineRef>0</LineRef>
      <JourneyPatternRef>JPS_AYAO096-4</JourneyPatternRef>
      <Note>
        <NoteCode>96AS</NoteCode>
        <NoteText>Operates 27 April to 7th September 2019</NoteText>
      </Note>
      <DepartureTime>15:00:00</DepartureTime>
    </VehicleJourney>
    <VehicleJourney>
      <OperatorRef>WCM</OperatorRef>
      <OperatingProfile>
        <RegularDayType>
          <DaysOfWeek>
            <Tuesday />
            <Wednesday />
            <Thursday />
            <Friday />
          </DaysOfWeek>
        </RegularDayType>
      </OperatingProfile>
      <VehicleJourneyCode>97982</VehicleJourneyCode>
      <ServiceRef>AYAO096</ServiceRef>
      <LineRef>0</LineRef>
      <JourneyPatternRef>JPS_AYAO096-3</JourneyPatternRef>
      <DepartureTime>08:25:00</DepartureTime>
    </VehicleJourney>
    <VehicleJourney>
      <OperatorRef>WCM</OperatorRef>
      <OperatingProfile>
        <RegularDayType>
          <DaysOfWeek>
            <Monday />
            <Tuesday />
            <Wednesday />
            <Thursday />
            <Friday />
          </DaysOfWeek>
        </RegularDayType>
      </OperatingProfile>
      <VehicleJourneyCode>97972</VehicleJourneyCode>
      <ServiceRef>AYAO096</ServiceRef>
      <LineRef>0</LineRef>
      <JourneyPatternRef>JPS_AYAO096-5</JourneyPatternRef>
      <DepartureTime>09:05:00</DepartureTime>
    </VehicleJourney>
    <VehicleJourney>
      <OperatorRef>WCM</OperatorRef>
      <OperatingProfile>
        <RegularDayType>
          <DaysOfWeek>
            <Monday />
            <Tuesday />
            <Wednesday />
            <Thursday />
            <Friday />
          </DaysOfWeek>
        </RegularDayType>
      </OperatingProfile>
      <VehicleJourneyCode>97973</VehicleJourneyCode>
      <ServiceRef>AYAO096</ServiceRef>
      <LineRef>0</LineRef>
      <JourneyPatternRef>JPS_AYAO096-6</JourneyPatternRef>
      <DepartureTime>10:30:00</DepartureTime>
    </VehicleJourney>
    <VehicleJourney>
      <OperatorRef>WCM</OperatorRef>
      <OperatingProfile>
        <RegularDayType>
          <DaysOfWeek>
            <Saturday />
          </DaysOfWeek>
        </RegularDayType>
      </OperatingProfile>
      <VehicleJourneyCode>97974</VehicleJourneyCode>
      <ServiceRef>AYAO096</ServiceRef>
      <LineRef>0</LineRef>
      <JourneyPatternRef>JPS_AYAO096-6</JourneyPatternRef>
      <DepartureTime>10:30:00</DepartureTime>
    </VehicleJourney>
    <VehicleJourney>
      <OperatorRef>WCM</OperatorRef>
      <OperatingProfile>
        <RegularDayType>
          <DaysOfWeek>
            <Saturday />
          </DaysOfWeek>
        </RegularDayType>
        <ServicedOrganisationDayType>
          <DaysOfNonOperation>
            <WorkingDays>
              <ServicedOrganisationRef>954</ServicedOrganisationRef>
            </WorkingDays>
          </DaysOfNonOperation>
        </ServicedOrganisationDayType>
      </OperatingProfile>
      <VehicleJourneyCode>97975</VehicleJourneyCode>
      <ServiceRef>AYAO096</ServiceRef>
      <LineRef>0</LineRef>
      <JourneyPatternRef>JPS_AYAO096-6</JourneyPatternRef>
      <Note>
        <NoteCode>96AS</NoteCode>
        <NoteText>Operates 27 April to 7th September 2019</NoteText>
      </Note>
      <DepartureTime>13:30:00</DepartureTime>
    </VehicleJourney>
    <VehicleJourney>
      <OperatorRef>WCM</OperatorRef>
      <OperatingProfile>
        <RegularDayType>
          <DaysOfWeek>
            <Sunday />
          </DaysOfWeek>
        </RegularDayType>
      </OperatingProfile>
      <VehicleJourneyCode>97976</VehicleJourneyCode>
      <ServiceRef>AYAO096</ServiceRef>
      <LineRef>0</LineRef>
      <JourneyPatternRef>JPS_AYAO096-5</JourneyPatternRef>
      <DepartureTime>09:05:00</DepartureTime>
    </VehicleJourney>
    <VehicleJourney>
      <OperatorRef>WCM</OperatorRef>
      <OperatingProfile>
        <RegularDayType>
          <DaysOfWeek>
            <Monday />
            <Tuesday />
            <Wednesday />
            <Thursday />
            <Friday />
          </DaysOfWeek>
        </RegularDayType>
      </OperatingProfile>
      <VehicleJourneyCode>97977</VehicleJourneyCode>
      <ServiceRef>AYAO096</ServiceRef>
      <LineRef>0</LineRef>
      <JourneyPatternRef>JPS_AYAO096-4</JourneyPatternRef>
      <DepartureTime>13:20:00</DepartureTime>
    </VehicleJourney>
    <VehicleJourney>
      <OperatorRef>WCM</OperatorRef>
      <OperatingProfile>
        <RegularDayType>
          <DaysOfWeek>
            <Sunday />
          </DaysOfWeek>
        </RegularDayType>
      </OperatingProfile>
      <VehicleJourneyCode>97981</VehicleJourneyCode>
      <ServiceRef>AYAO096</ServiceRef>
      <LineRef>0</LineRef>
      <JourneyPatternRef>JPS_AYAO096-7</JourneyPatternRef>
      <DepartureTime>16:50:00</DepartureTime>
    </VehicleJourney>
  </VehicleJourneys>
</TransXChange>