<?xml version="1.0" encoding="utf-8"?>
<TransXChange xmlns:xsi="http://www.w3.org/2001/XMLSchema-instance" xmlns:xsd="http://www.w3.org/2001/XMLSchema" xsi:schemaLocation="http://www.transxchange.org.uk/ http://www.transxchange.org.uk/schema/2.1/TransXChange_general.xsd" CreationDateTime="2019-10-07T12:30:00-00:00" ModificationDateTime="2019-10-07T12:30:00-00:00" Modification="new" RevisionNumber="0" FileName="SVRABAO004A.xml" SchemaVersion="2.1" RegistrationDocument="false" xmlns="http://www.transxchange.org.uk/">
  <StopPoints>
    <AnnotatedStopPointRef>
      <StopPointRef>630041261</StopPointRef>
      <CommonName>Barclay Street</CommonName>
    </AnnotatedStopPointRef>
    <AnnotatedStopPointRef>
      <StopPointRef>630045071</StopPointRef>
      <CommonName>Community Centre</CommonName>
    </AnnotatedStopPointRef>
    <AnnotatedStopPointRef>
      <StopPointRef>630041372</StopPointRef>
      <CommonName>Arduthie Primary School</CommonName>
    </AnnotatedStopPointRef>
    <AnnotatedStopPointRef>
      <StopPointRef>630041361</StopPointRef>
      <CommonName>Christie Crescent</CommonName>
    </AnnotatedStopPointRef>
    <AnnotatedStopPointRef>
      <StopPointRef>630041351</StopPointRef>
      <CommonName>Ramsay Road</CommonName>
    </AnnotatedStopPointRef>
    <AnnotatedStopPointRef>
      <StopPointRef>630041342</StopPointRef>
      <CommonName>Macdonald Road</CommonName>
    </AnnotatedStopPointRef>
    <AnnotatedStopPointRef>
      <StopPointRef>630041441</StopPointRef>
      <CommonName>Newbigging Drive</CommonName>
    </AnnotatedStopPointRef>
    <AnnotatedStopPointRef>
      <StopPointRef>630041451</StopPointRef>
      <CommonName>Riverside Drive</CommonName>
    </AnnotatedStopPointRef>
    <AnnotatedStopPointRef>
      <StopPointRef>630041431</StopPointRef>
      <CommonName>Forest Park</CommonName>
    </AnnotatedStopPointRef>
    <AnnotatedStopPointRef>
      <StopPointRef>630041421</StopPointRef>
      <CommonName>Holly Drive</CommonName>
    </AnnotatedStopPointRef>
    <AnnotatedStopPointRef>
      <StopPointRef>630041462</StopPointRef>
      <CommonName>Malcolm's Mount</CommonName>
    </AnnotatedStopPointRef>
    <AnnotatedStopPointRef>
      <StopPointRef>630045052</StopPointRef>
      <CommonName>Farrochie Road</CommonName>
    </AnnotatedStopPointRef>
    <AnnotatedStopPointRef>
      <StopPointRef>630040771</StopPointRef>
      <CommonName>Bernham Avenue</CommonName>
    </AnnotatedStopPointRef>
    <AnnotatedStopPointRef>
      <StopPointRef>630060091</StopPointRef>
      <CommonName>Cammore Park</CommonName>
    </AnnotatedStopPointRef>
    <AnnotatedStopPointRef>
      <StopPointRef>630040761</StopPointRef>
      <CommonName>Farrochie Park</CommonName>
    </AnnotatedStopPointRef>
    <AnnotatedStopPointRef>
      <StopPointRef>630040751</StopPointRef>
      <CommonName>Martin Drive</CommonName>
    </AnnotatedStopPointRef>
    <AnnotatedStopPointRef>
      <StopPointRef>630041331</StopPointRef>
      <CommonName>Redcloak Park</CommonName>
    </AnnotatedStopPointRef>
    <AnnotatedStopPointRef>
      <StopPointRef>630045282</StopPointRef>
      <CommonName>William Mackie Road</CommonName>
    </AnnotatedStopPointRef>
    <AnnotatedStopPointRef>
      <StopPointRef>630040711</StopPointRef>
      <CommonName>Mackie Academy</CommonName>
    </AnnotatedStopPointRef>
    <AnnotatedStopPointRef>
      <StopPointRef>630041381</StopPointRef>
      <CommonName>East Glebe</CommonName>
    </AnnotatedStopPointRef>
    <AnnotatedStopPointRef>
      <StopPointRef>630041411</StopPointRef>
      <CommonName>Westfield Park</CommonName>
    </AnnotatedStopPointRef>
    <AnnotatedStopPointRef>
      <StopPointRef>630041301</StopPointRef>
      <CommonName>Station Hotel</CommonName>
    </AnnotatedStopPointRef>
    <AnnotatedStopPointRef>
      <StopPointRef>630080000</StopPointRef>
      <CommonName>Stonehaven Railway Station</CommonName>
    </AnnotatedStopPointRef>
    <AnnotatedStopPointRef>
      <StopPointRef>630041311</StopPointRef>
      <CommonName>Brickfield Terrace</CommonName>
    </AnnotatedStopPointRef>
    <AnnotatedStopPointRef>
      <StopPointRef>630041422</StopPointRef>
      <CommonName>Holly Drive</CommonName>
    </AnnotatedStopPointRef>
    <AnnotatedStopPointRef>
      <StopPointRef>630041432</StopPointRef>
      <CommonName>Forest Park</CommonName>
    </AnnotatedStopPointRef>
    <AnnotatedStopPointRef>
      <StopPointRef>630041452</StopPointRef>
      <CommonName>Riverside Drive</CommonName>
    </AnnotatedStopPointRef>
    <AnnotatedStopPointRef>
      <StopPointRef>630041442</StopPointRef>
      <CommonName>Newbigging Drive</CommonName>
    </AnnotatedStopPointRef>
    <AnnotatedStopPointRef>
      <StopPointRef>630041341</StopPointRef>
      <CommonName>Macdonald Road</CommonName>
    </AnnotatedStopPointRef>
    <AnnotatedStopPointRef>
      <StopPointRef>630041352</StopPointRef>
      <CommonName>Ramsay Road</CommonName>
    </AnnotatedStopPointRef>
    <AnnotatedStopPointRef>
      <StopPointRef>630041362</StopPointRef>
      <CommonName>Christie Crescent</CommonName>
    </AnnotatedStopPointRef>
    <AnnotatedStopPointRef>
      <StopPointRef>630041371</StopPointRef>
      <CommonName>Arduthie Primary School</CommonName>
    </AnnotatedStopPointRef>
    <AnnotatedStopPointRef>
      <StopPointRef>630041292</StopPointRef>
      <CommonName>Arduthie Street</CommonName>
    </AnnotatedStopPointRef>
    <AnnotatedStopPointRef>
      <StopPointRef>630041282</StopPointRef>
      <CommonName>Library</CommonName>
    </AnnotatedStopPointRef>
  </StopPoints>
  <RouteSections>
    <RouteSection id="ABAO004A002">
      <RouteLink id="ABAO004A002_3448">
        <From>
          <StopPointRef>630041261</StopPointRef>
        </From>
        <To>
          <StopPointRef>630045071</StopPointRef>
        </To>
        <Direction>outbound</Direction>
      </RouteLink>
      <RouteLink id="ABAO004A002_3449">
        <From>
          <StopPointRef>630045071</StopPointRef>
        </From>
        <To>
          <StopPointRef>630041372</StopPointRef>
        </To>
        <Direction>outbound</Direction>
      </RouteLink>
      <RouteLink id="ABAO004A002_3450">
        <From>
          <StopPointRef>630041372</StopPointRef>
        </From>
        <To>
          <StopPointRef>630041361</StopPointRef>
        </To>
        <Direction>outbound</Direction>
      </RouteLink>
      <RouteLink id="ABAO004A002_3451">
        <From>
          <StopPointRef>630041361</StopPointRef>
        </From>
        <To>
          <StopPointRef>630041351</StopPointRef>
        </To>
        <Direction>outbound</Direction>
      </RouteLink>
      <RouteLink id="ABAO004A002_3452">
        <From>
          <StopPointRef>630041351</StopPointRef>
        </From>
        <To>
          <StopPointRef>630041342</StopPointRef>
        </To>
        <Direction>outbound</Direction>
      </RouteLink>
      <RouteLink id="ABAO004A002_3453">
        <From>
          <StopPointRef>630041342</StopPointRef>
        </From>
        <To>
          <StopPointRef>630041441</StopPointRef>
        </To>
        <Direction>outbound</Direction>
      </RouteLink>
      <RouteLink id="ABAO004A002_3454">
        <From>
          <StopPointRef>630041441</StopPointRef>
        </From>
        <To>
          <StopPointRef>630041451</StopPointRef>
        </To>
        <Direction>outbound</Direction>
      </RouteLink>
      <RouteLink id="ABAO004A002_3455">
        <From>
          <StopPointRef>630041451</StopPointRef>
        </From>
        <To>
          <StopPointRef>630041431</StopPointRef>
        </To>
        <Direction>outbound</Direction>
      </RouteLink>
      <RouteLink id="ABAO004A002_3456">
        <From>
          <StopPointRef>630041431</StopPointRef>
        </From>
        <To>
          <StopPointRef>630041421</StopPointRef>
        </To>
        <Direction>outbound</Direction>
      </RouteLink>
      <RouteLink id="ABAO004A002_3457">
        <From>
          <StopPointRef>630041421</StopPointRef>
        </From>
        <To>
          <StopPointRef>630041462</StopPointRef>
        </To>
        <Direction>outbound</Direction>
      </RouteLink>
      <RouteLink id="ABAO004A002_3458">
        <From>
          <StopPointRef>630041462</StopPointRef>
        </From>
        <To>
          <StopPointRef>630045052</StopPointRef>
        </To>
        <Direction>outbound</Direction>
      </RouteLink>
      <RouteLink id="ABAO004A002_3459">
        <From>
          <StopPointRef>630045052</StopPointRef>
        </From>
        <To>
          <StopPointRef>630040771</StopPointRef>
        </To>
        <Direction>outbound</Direction>
      </RouteLink>
      <RouteLink id="ABAO004A002_3460">
        <From>
          <StopPointRef>630040771</StopPointRef>
        </From>
        <To>
          <StopPointRef>630060091</StopPointRef>
        </To>
        <Direction>outbound</Direction>
      </RouteLink>
      <RouteLink id="ABAO004A002_3461">
        <From>
          <StopPointRef>630060091</StopPointRef>
        </From>
        <To>
          <StopPointRef>630040761</StopPointRef>
        </To>
        <Direction>outbound</Direction>
      </RouteLink>
      <RouteLink id="ABAO004A002_3462">
        <From>
          <StopPointRef>630040761</StopPointRef>
        </From>
        <To>
          <StopPointRef>630040751</StopPointRef>
        </To>
        <Direction>outbound</Direction>
      </RouteLink>
      <RouteLink id="ABAO004A002_3463">
        <From>
          <StopPointRef>630040751</StopPointRef>
        </From>
        <To>
          <StopPointRef>630041331</StopPointRef>
        </To>
        <Direction>outbound</Direction>
      </RouteLink>
      <RouteLink id="ABAO004A002_3464">
        <From>
          <StopPointRef>630041331</StopPointRef>
        </From>
        <To>
          <StopPointRef>630045282</StopPointRef>
        </To>
        <Direction>outbound</Direction>
      </RouteLink>
      <RouteLink id="ABAO004A002_3465">
        <From>
          <StopPointRef>630045282</StopPointRef>
        </From>
        <To>
          <StopPointRef>630040711</StopPointRef>
        </To>
        <Direction>outbound</Direction>
      </RouteLink>
      <RouteLink id="ABAO004A002_3466">
        <From>
          <StopPointRef>630040711</StopPointRef>
        </From>
        <To>
          <StopPointRef>630041381</StopPointRef>
        </To>
        <Direction>outbound</Direction>
      </RouteLink>
      <RouteLink id="ABAO004A002_3467">
        <From>
          <StopPointRef>630041381</StopPointRef>
        </From>
        <To>
          <StopPointRef>630041411</StopPointRef>
        </To>
        <Direction>outbound</Direction>
      </RouteLink>
      <RouteLink id="ABAO004A002_3468">
        <From>
          <StopPointRef>630041411</StopPointRef>
        </From>
        <To>
          <StopPointRef>630041301</StopPointRef>
        </To>
        <Direction>outbound</Direction>
      </RouteLink>
      <RouteLink id="ABAO004A002_3469">
        <From>
          <StopPointRef>630041301</StopPointRef>
        </From>
        <To>
          <StopPointRef>630080000</StopPointRef>
        </To>
        <Direction>outbound</Direction>
      </RouteLink>
      <RouteLink id="ABAO004A002_3470">
        <From>
          <StopPointRef>630080000</StopPointRef>
        </From>
        <To>
          <StopPointRef>630041301</StopPointRef>
        </To>
        <Direction>outbound</Direction>
      </RouteLink>
      <RouteLink id="ABAO004A002_3471">
        <From>
          <StopPointRef>630041301</StopPointRef>
        </From>
        <To>
          <StopPointRef>630041311</StopPointRef>
        </To>
        <Direction>outbound</Direction>
      </RouteLink>
      <RouteLink id="ABAO004A002_3472">
        <From>
          <StopPointRef>630041311</StopPointRef>
        </From>
        <To>
          <StopPointRef>630041422</StopPointRef>
        </To>
        <Direction>outbound</Direction>
      </RouteLink>
      <RouteLink id="ABAO004A002_3473">
        <From>
          <StopPointRef>630041422</StopPointRef>
        </From>
        <To>
          <StopPointRef>630041432</StopPointRef>
        </To>
        <Direction>outbound</Direction>
      </RouteLink>
      <RouteLink id="ABAO004A002_3474">
        <From>
          <StopPointRef>630041432</StopPointRef>
        </From>
        <To>
          <StopPointRef>630041452</StopPointRef>
        </To>
        <Direction>outbound</Direction>
      </RouteLink>
      <RouteLink id="ABAO004A002_3475">
        <From>
          <StopPointRef>630041452</StopPointRef>
        </From>
        <To>
          <StopPointRef>630041442</StopPointRef>
        </To>
        <Direction>outbound</Direction>
      </RouteLink>
      <RouteLink id="ABAO004A002_3476">
        <From>
          <StopPointRef>630041442</StopPointRef>
        </From>
        <To>
          <StopPointRef>630041341</StopPointRef>
        </To>
        <Direction>outbound</Direction>
      </RouteLink>
      <RouteLink id="ABAO004A002_3477">
        <From>
          <StopPointRef>630041341</StopPointRef>
        </From>
        <To>
          <StopPointRef>630041352</StopPointRef>
        </To>
        <Direction>outbound</Direction>
      </RouteLink>
      <RouteLink id="ABAO004A002_3478">
        <From>
          <StopPointRef>630041352</StopPointRef>
        </From>
        <To>
          <StopPointRef>630041362</StopPointRef>
        </To>
        <Direction>outbound</Direction>
      </RouteLink>
      <RouteLink id="ABAO004A002_3479">
        <From>
          <StopPointRef>630041362</StopPointRef>
        </From>
        <To>
          <StopPointRef>630041371</StopPointRef>
        </To>
        <Direction>outbound</Direction>
      </RouteLink>
      <RouteLink id="ABAO004A002_3480">
        <From>
          <StopPointRef>630041371</StopPointRef>
        </From>
        <To>
          <StopPointRef>630041292</StopPointRef>
        </To>
        <Direction>outbound</Direction>
      </RouteLink>
      <RouteLink id="ABAO004A002_3481">
        <From>
          <StopPointRef>630041292</StopPointRef>
        </From>
        <To>
          <StopPointRef>630041282</StopPointRef>
        </To>
        <Direction>outbound</Direction>
      </RouteLink>
      <RouteLink id="ABAO004A002_3482">
        <From>
          <StopPointRef>630041282</StopPointRef>
        </From>
        <To>
          <StopPointRef>630041261</StopPointRef>
        </To>
        <Direction>outbound</Direction>
      </RouteLink>
    </RouteSection>
  </RouteSections>
  <Routes>
    <Route id="ABAO004A002">
      <Description>local service - Stonehaven
</Description>
      <RouteSectionRef>ABAO004A002</RouteSectionRef>
    </Route>
  </Routes>
  <JourneyPatternSections>
    <JourneyPatternSection id="JPS_ABAO004A-2">
      <JourneyPatternTimingLink id="JPS_ABAO004A-2_3448">
        <From>
          <StopPointRef>630041261</StopPointRef>
          <TimingStatus>PTP</TimingStatus>
        </From>
        <To>
          <StopPointRef>630045071</StopPointRef>
          <TimingStatus>PTP</TimingStatus>
        </To>
        <RouteLinkRef>ABAO004A002_3448</RouteLinkRef>
        <Direction>outbound</Direction>
        <RunTime>PT120S</RunTime>
      </JourneyPatternTimingLink>
      <JourneyPatternTimingLink id="JPS_ABAO004A-2_3449">
        <From>
          <StopPointRef>630045071</StopPointRef>
          <TimingStatus>PTP</TimingStatus>
        </From>
        <To>
          <StopPointRef>630041372</StopPointRef>
          <TimingStatus>OTH</TimingStatus>
        </To>
        <RouteLinkRef>ABAO004A002_3449</RouteLinkRef>
        <Direction>outbound</Direction>
        <RunTime>PT120S</RunTime>
      </JourneyPatternTimingLink>
      <JourneyPatternTimingLink id="JPS_ABAO004A-2_3450">
        <From>
          <StopPointRef>630041372</StopPointRef>
          <TimingStatus>OTH</TimingStatus>
        </From>
        <To>
          <StopPointRef>630041361</StopPointRef>
          <TimingStatus>OTH</TimingStatus>
        </To>
        <RouteLinkRef>ABAO004A002_3450</RouteLinkRef>
        <Direction>outbound</Direction>
        <RunTime>PT60S</RunTime>
      </JourneyPatternTimingLink>
      <JourneyPatternTimingLink id="JPS_ABAO004A-2_3451">
        <From>
          <StopPointRef>630041361</StopPointRef>
          <TimingStatus>OTH</TimingStatus>
        </From>
        <To>
          <StopPointRef>630041351</StopPointRef>
          <TimingStatus>PTP</TimingStatus>
        </To>
        <RouteLinkRef>ABAO004A002_3451</RouteLinkRef>
        <Direction>outbound</Direction>
        <RunTime>PT120S</RunTime>
      </JourneyPatternTimingLink>
      <JourneyPatternTimingLink id="JPS_ABAO004A-2_3452">
        <From>
          <StopPointRef>630041351</StopPointRef>
          <TimingStatus>PTP</TimingStatus>
        </From>
        <To>
          <StopPointRef>630041342</StopPointRef>
          <TimingStatus>OTH</TimingStatus>
        </To>
        <RouteLinkRef>ABAO004A002_3452</RouteLinkRef>
        <Direction>outbound</Direction>
        <RunTime>PT0S</RunTime>
      </JourneyPatternTimingLink>
      <JourneyPatternTimingLink id="JPS_ABAO004A-2_3453">
        <From>
          <StopPointRef>630041342</StopPointRef>
          <TimingStatus>OTH</TimingStatus>
        </From>
        <To>
          <StopPointRef>630041441</StopPointRef>
          <TimingStatus>OTH</TimingStatus>
        </To>
        <RouteLinkRef>ABAO004A002_3453</RouteLinkRef>
        <Direction>outbound</Direction>
        <RunTime>PT60S</RunTime>
      </JourneyPatternTimingLink>
      <JourneyPatternTimingLink id="JPS_ABAO004A-2_3454">
        <From>
          <StopPointRef>630041441</StopPointRef>
          <TimingStatus>OTH</TimingStatus>
        </From>
        <To>
          <StopPointRef>630041451</StopPointRef>
          <TimingStatus>OTH</TimingStatus>
        </To>
        <RouteLinkRef>ABAO004A002_3454</RouteLinkRef>
        <Direction>outbound</Direction>
        <RunTime>PT0S</RunTime>
      </JourneyPatternTimingLink>
      <JourneyPatternTimingLink id="JPS_ABAO004A-2_3455">
        <From>
          <StopPointRef>630041451</StopPointRef>
          <TimingStatus>OTH</TimingStatus>
        </From>
        <To>
          <StopPointRef>630041431</StopPointRef>
          <TimingStatus>PTP</TimingStatus>
        </To>
        <RouteLinkRef>ABAO004A002_3455</RouteLinkRef>
        <Direction>outbound</Direction>
        <RunTime>PT120S</RunTime>
      </JourneyPatternTimingLink>
      <JourneyPatternTimingLink id="JPS_ABAO004A-2_3456">
        <From>
          <StopPointRef>630041431</StopPointRef>
          <TimingStatus>PTP</TimingStatus>
        </From>
        <To>
          <StopPointRef>630041421</StopPointRef>
          <TimingStatus>OTH</TimingStatus>
        </To>
        <RouteLinkRef>ABAO004A002_3456</RouteLinkRef>
        <Direction>outbound</Direction>
        <RunTime>PT60S</RunTime>
      </JourneyPatternTimingLink>
      <JourneyPatternTimingLink id="JPS_ABAO004A-2_3457">
        <From>
          <StopPointRef>630041421</StopPointRef>
          <TimingStatus>OTH</TimingStatus>
        </From>
        <To>
          <StopPointRef>630041462</StopPointRef>
          <TimingStatus>OTH</TimingStatus>
        </To>
        <RouteLinkRef>ABAO004A002_3457</RouteLinkRef>
        <Direction>outbound</Direction>
        <RunTime>PT120S</RunTime>
      </JourneyPatternTimingLink>
      <JourneyPatternTimingLink id="JPS_ABAO004A-2_3458">
        <From>
          <StopPointRef>630041462</StopPointRef>
          <TimingStatus>OTH</TimingStatus>
        </From>
        <To>
          <StopPointRef>630045052</StopPointRef>
          <TimingStatus>PTP</TimingStatus>
        </To>
        <RouteLinkRef>ABAO004A002_3458</RouteLinkRef>
        <Direction>outbound</Direction>
        <RunTime>PT60S</RunTime>
      </JourneyPatternTimingLink>
      <JourneyPatternTimingLink id="JPS_ABAO004A-2_3459">
        <From>
          <StopPointRef>630045052</StopPointRef>
          <TimingStatus>PTP</TimingStatus>
        </From>
        <To>
          <StopPointRef>630040771</StopPointRef>
          <TimingStatus>OTH</TimingStatus>
        </To>
        <RouteLinkRef>ABAO004A002_3459</RouteLinkRef>
        <Direction>outbound</Direction>
        <RunTime>PT0S</RunTime>
      </JourneyPatternTimingLink>
      <JourneyPatternTimingLink id="JPS_ABAO004A-2_3460">
        <From>
          <StopPointRef>630040771</StopPointRef>
          <TimingStatus>OTH</TimingStatus>
        </From>
        <To>
          <StopPointRef>630060091</StopPointRef>
          <TimingStatus>OTH</TimingStatus>
        </To>
        <RouteLinkRef>ABAO004A002_3460</RouteLinkRef>
        <Direction>outbound</Direction>
        <RunTime>PT0S</RunTime>
      </JourneyPatternTimingLink>
      <JourneyPatternTimingLink id="JPS_ABAO004A-2_3461">
        <From>
          <StopPointRef>630060091</StopPointRef>
          <TimingStatus>OTH</TimingStatus>
        </From>
        <To>
          <StopPointRef>630040761</StopPointRef>
          <TimingStatus>OTH</TimingStatus>
        </To>
        <RouteLinkRef>ABAO004A002_3461</RouteLinkRef>
        <Direction>outbound</Direction>
        <RunTime>PT60S</RunTime>
      </JourneyPatternTimingLink>
      <JourneyPatternTimingLink id="JPS_ABAO004A-2_3462">
        <From>
          <StopPointRef>630040761</StopPointRef>
          <TimingStatus>OTH</TimingStatus>
        </From>
        <To>
          <StopPointRef>630040751</StopPointRef>
          <TimingStatus>OTH</TimingStatus>
        </To>
        <RouteLinkRef>ABAO004A002_3462</RouteLinkRef>
        <Direction>outbound</Direction>
        <RunTime>PT0S</RunTime>
      </JourneyPatternTimingLink>
      <JourneyPatternTimingLink id="JPS_ABAO004A-2_3463">
        <From>
          <StopPointRef>630040751</StopPointRef>
          <TimingStatus>OTH</TimingStatus>
        </From>
        <To>
          <StopPointRef>630041331</StopPointRef>
          <TimingStatus>OTH</TimingStatus>
        </To>
        <RouteLinkRef>ABAO004A002_3463</RouteLinkRef>
        <Direction>outbound</Direction>
        <RunTime>PT0S</RunTime>
      </JourneyPatternTimingLink>
      <JourneyPatternTimingLink id="JPS_ABAO004A-2_3464">
        <From>
          <StopPointRef>630041331</StopPointRef>
          <TimingStatus>OTH</TimingStatus>
        </From>
        <To>
          <StopPointRef>630045282</StopPointRef>
          <TimingStatus>OTH</TimingStatus>
        </To>
        <RouteLinkRef>ABAO004A002_3464</RouteLinkRef>
        <Direction>outbound</Direction>
        <RunTime>PT60S</RunTime>
      </JourneyPatternTimingLink>
      <JourneyPatternTimingLink id="JPS_ABAO004A-2_3465">
        <From>
          <StopPointRef>630045282</StopPointRef>
          <TimingStatus>OTH</TimingStatus>
        </From>
        <To>
          <StopPointRef>630040711</StopPointRef>
          <TimingStatus>PTP</TimingStatus>
        </To>
        <RouteLinkRef>ABAO004A002_3465</RouteLinkRef>
        <Direction>outbound</Direction>
        <RunTime>PT60S</RunTime>
      </JourneyPatternTimingLink>
      <JourneyPatternTimingLink id="JPS_ABAO004A-2_3466">
        <From>
          <StopPointRef>630040711</StopPointRef>
          <TimingStatus>PTP</TimingStatus>
        </From>
        <To>
          <StopPointRef>630041381</StopPointRef>
          <TimingStatus>OTH</TimingStatus>
        </To>
        <RouteLinkRef>ABAO004A002_3466</RouteLinkRef>
        <Direction>outbound</Direction>
        <RunTime>PT0S</RunTime>
      </JourneyPatternTimingLink>
      <JourneyPatternTimingLink id="JPS_ABAO004A-2_3467">
        <From>
          <StopPointRef>630041381</StopPointRef>
          <TimingStatus>OTH</TimingStatus>
        </From>
        <To>
          <StopPointRef>630041411</StopPointRef>
          <TimingStatus>OTH</TimingStatus>
        </To>
        <RouteLinkRef>ABAO004A002_3467</RouteLinkRef>
        <Direction>outbound</Direction>
        <RunTime>PT60S</RunTime>
      </JourneyPatternTimingLink>
      <JourneyPatternTimingLink id="JPS_ABAO004A-2_3468">
        <From>
          <StopPointRef>630041411</StopPointRef>
          <TimingStatus>OTH</TimingStatus>
        </From>
        <To>
          <StopPointRef>630041301</StopPointRef>
          <TimingStatus>OTH</TimingStatus>
        </To>
        <RouteLinkRef>ABAO004A002_3468</RouteLinkRef>
        <Direction>outbound</Direction>
        <RunTime>PT0S</RunTime>
      </JourneyPatternTimingLink>
      <JourneyPatternTimingLink id="JPS_ABAO004A-2_3469">
        <From>
          <StopPointRef>630041301</StopPointRef>
          <TimingStatus>OTH</TimingStatus>
        </From>
        <To>
          <StopPointRef>630080000</StopPointRef>
          <TimingStatus>PTP</TimingStatus>
        </To>
        <RouteLinkRef>ABAO004A002_3469</RouteLinkRef>
        <Direction>outbound</Direction>
        <RunTime>PT60S</RunTime>
      </JourneyPatternTimingLink>
      <JourneyPatternTimingLink id="JPS_ABAO004A-2_3470">
        <From>
          <StopPointRef>630080000</StopPointRef>
          <TimingStatus>PTP</TimingStatus>
        </From>
        <To>
          <StopPointRef>630041301</StopPointRef>
          <TimingStatus>OTH</TimingStatus>
        </To>
        <RouteLinkRef>ABAO004A002_3470</RouteLinkRef>
        <Direction>outbound</Direction>
        <RunTime>PT0S</RunTime>
      </JourneyPatternTimingLink>
      <JourneyPatternTimingLink id="JPS_ABAO004A-2_3471">
        <From>
          <StopPointRef>630041301</StopPointRef>
          <TimingStatus>OTH</TimingStatus>
        </From>
        <To>
          <StopPointRef>630041311</StopPointRef>
          <TimingStatus>OTH</TimingStatus>
        </To>
        <RouteLinkRef>ABAO004A002_3471</RouteLinkRef>
        <Direction>outbound</Direction>
        <RunTime>PT0S</RunTime>
      </JourneyPatternTimingLink>
      <JourneyPatternTimingLink id="JPS_ABAO004A-2_3472">
        <From>
          <StopPointRef>630041311</StopPointRef>
          <TimingStatus>OTH</TimingStatus>
        </From>
        <To>
          <StopPointRef>630041422</StopPointRef>
          <TimingStatus>OTH</TimingStatus>
        </To>
        <RouteLinkRef>ABAO004A002_3472</RouteLinkRef>
        <Direction>outbound</Direction>
        <RunTime>PT60S</RunTime>
      </JourneyPatternTimingLink>
      <JourneyPatternTimingLink id="JPS_ABAO004A-2_3473">
        <From>
          <StopPointRef>630041422</StopPointRef>
          <TimingStatus>OTH</TimingStatus>
        </From>
        <To>
          <StopPointRef>630041432</StopPointRef>
          <TimingStatus>PTP</TimingStatus>
        </To>
        <RouteLinkRef>ABAO004A002_3473</RouteLinkRef>
        <Direction>outbound</Direction>
        <RunTime>PT60S</RunTime>
      </JourneyPatternTimingLink>
      <JourneyPatternTimingLink id="JPS_ABAO004A-2_3474">
        <From>
          <StopPointRef>630041432</StopPointRef>
          <TimingStatus>PTP</TimingStatus>
        </From>
        <To>
          <StopPointRef>630041452</StopPointRef>
          <TimingStatus>OTH</TimingStatus>
        </To>
        <RouteLinkRef>ABAO004A002_3474</RouteLinkRef>
        <Direction>outbound</Direction>
        <RunTime>PT60S</RunTime>
      </JourneyPatternTimingLink>
      <JourneyPatternTimingLink id="JPS_ABAO004A-2_3475">
        <From>
          <StopPointRef>630041452</StopPointRef>
          <TimingStatus>OTH</TimingStatus>
        </From>
        <To>
          <StopPointRef>630041442</StopPointRef>
          <TimingStatus>OTH</TimingStatus>
        </To>
        <RouteLinkRef>ABAO004A002_3475</RouteLinkRef>
        <Direction>outbound</Direction>
        <RunTime>PT0S</RunTime>
      </JourneyPatternTimingLink>
      <JourneyPatternTimingLink id="JPS_ABAO004A-2_3476">
        <From>
          <StopPointRef>630041442</StopPointRef>
          <TimingStatus>OTH</TimingStatus>
        </From>
        <To>
          <StopPointRef>630041341</StopPointRef>
          <TimingStatus>OTH</TimingStatus>
        </To>
        <RouteLinkRef>ABAO004A002_3476</RouteLinkRef>
        <Direction>outbound</Direction>
        <RunTime>PT60S</RunTime>
      </JourneyPatternTimingLink>
      <JourneyPatternTimingLink id="JPS_ABAO004A-2_3477">
        <From>
          <StopPointRef>630041341</StopPointRef>
          <TimingStatus>OTH</TimingStatus>
        </From>
        <To>
          <StopPointRef>630041352</StopPointRef>
          <TimingStatus>PTP</TimingStatus>
        </To>
        <RouteLinkRef>ABAO004A002_3477</RouteLinkRef>
        <Direction>outbound</Direction>
        <RunTime>PT60S</RunTime>
      </JourneyPatternTimingLink>
      <JourneyPatternTimingLink id="JPS_ABAO004A-2_3478">
        <From>
          <StopPointRef>630041352</StopPointRef>
          <TimingStatus>PTP</TimingStatus>
        </From>
        <To>
          <StopPointRef>630041362</StopPointRef>
          <TimingStatus>OTH</TimingStatus>
        </To>
        <RouteLinkRef>ABAO004A002_3478</RouteLinkRef>
        <Direction>outbound</Direction>
        <RunTime>PT0S</RunTime>
      </JourneyPatternTimingLink>
      <JourneyPatternTimingLink id="JPS_ABAO004A-2_3479">
        <From>
          <StopPointRef>630041362</StopPointRef>
          <TimingStatus>OTH</TimingStatus>
        </From>
        <To>
          <StopPointRef>630041371</StopPointRef>
          <TimingStatus>OTH</TimingStatus>
        </To>
        <RouteLinkRef>ABAO004A002_3479</RouteLinkRef>
        <Direction>outbound</Direction>
        <RunTime>PT60S</RunTime>
      </JourneyPatternTimingLink>
      <JourneyPatternTimingLink id="JPS_ABAO004A-2_3480">
        <From>
          <StopPointRef>630041371</StopPointRef>
          <TimingStatus>OTH</TimingStatus>
        </From>
        <To>
          <StopPointRef>630041292</StopPointRef>
          <TimingStatus>OTH</TimingStatus>
        </To>
        <RouteLinkRef>ABAO004A002_3480</RouteLinkRef>
        <Direction>outbound</Direction>
        <RunTime>PT60S</RunTime>
      </JourneyPatternTimingLink>
      <JourneyPatternTimingLink id="JPS_ABAO004A-2_3481">
        <From>
          <StopPointRef>630041292</StopPointRef>
          <TimingStatus>OTH</TimingStatus>
        </From>
        <To>
          <StopPointRef>630041282</StopPointRef>
          <TimingStatus>OTH</TimingStatus>
        </To>
        <RouteLinkRef>ABAO004A002_3481</RouteLinkRef>
        <Direction>outbound</Direction>
        <RunTime>PT60S</RunTime>
      </JourneyPatternTimingLink>
      <JourneyPatternTimingLink id="JPS_ABAO004A-2_3482">
        <From>
          <StopPointRef>630041282</StopPointRef>
          <TimingStatus>OTH</TimingStatus>
        </From>
        <To>
          <StopPointRef>630041261</StopPointRef>
          <TimingStatus>PTP</TimingStatus>
        </To>
        <RouteLinkRef>ABAO004A002_3482</RouteLinkRef>
        <Direction>outbound</Direction>
        <RunTime>PT60S</RunTime>
      </JourneyPatternTimingLink>
    </JourneyPatternSection>
  </JourneyPatternSections>
  <Operators>
    <Operator id="BLB">
      <NationalOperatorCode>SBLB</NationalOperatorCode>
      <OperatorCode>BLB</OperatorCode>
      <OperatorShortName>Stagecoach North Scotlan</OperatorShortName>
    </Operator>
  </Operators>
  <Services>
    <Service>
      <ServiceCode>ABAO004A</ServiceCode>
      <Lines>
        <Line id="0">
          <LineName>4A</LineName>
        </Line>
      </Lines>
      <OperatingPeriod>
        <StartDate>2018-05-07</StartDate>
        <EndDate>2020-05-07</EndDate>
      </OperatingPeriod>
      <RegisteredOperatorRef>BLB</RegisteredOperatorRef>
      <StopRequirements>
        <NoNewStopsRequired />
      </StopRequirements>
      <Mode>bus</Mode>
      <Description>local service - Stonehaven</Description>
      <StandardService>
        <Origin>local service</Origin>
        <Destination>Stonehaven</Destination>
        <JourneyPattern id="JPS_ABAO004A-2">
          <Direction>outbound</Direction>
          <JourneyPatternSectionRefs>JPS_ABAO004A-2</JourneyPatternSectionRefs>
        </JourneyPattern>
      </StandardService>
    </Service>
  </Services>
  <VehicleJourneys>
    <VehicleJourney>
      <OperatorRef>BLB</OperatorRef>
      <OperatingProfile>
        <RegularDayType>
          <DaysOfWeek>
            <Monday />
            <Tuesday />
            <Wednesday />
            <Thursday />
            <Friday />
          </DaysOfWeek>
        </RegularDayType>
        <SpecialDaysOperation>
          <DaysOfNonOperation>
            <DateRange>
              <StartDate>2019-12-25</StartDate>
              <EndDate>2019-12-26</EndDate>
            </DateRange>
            <DateRange>
              <StartDate>2020-01-01</StartDate>
              <EndDate>2020-01-02</EndDate>
            </DateRange>
            <DateRange>
              <StartDate>2020-05-04</StartDate>
              <EndDate>2020-05-04</EndDate>
            </DateRange>
          </DaysOfNonOperation>
        </SpecialDaysOperation>
      </OperatingProfile>
      <VehicleJourneyCode>1892</VehicleJourneyCode>
      <ServiceRef>ABAO004A</ServiceRef>
      <LineRef>0</LineRef>
      <JourneyPatternRef>JPS_ABAO004A-2</JourneyPatternRef>
      <DepartureTime>08:45:00</DepartureTime>
    </VehicleJourney>
    <VehicleJourney>
      <OperatorRef>BLB</OperatorRef>
      <OperatingProfile>
        <RegularDayType>
          <DaysOfWeek>
            <Monday />
            <Tuesday />
            <Wednesday />
            <Thursday />
            <Friday />
          </DaysOfWeek>
        </RegularDayType>
        <SpecialDaysOperation>
          <DaysOfNonOperation>
            <DateRange>
              <StartDate>2019-12-25</StartDate>
              <EndDate>2019-12-26</EndDate>
            </DateRange>
            <DateRange>
              <StartDate>2020-01-01</StartDate>
              <EndDate>2020-01-02</EndDate>
            </DateRange>
            <DateRange>
              <StartDate>2020-05-04</StartDate>
              <EndDate>2020-05-04</EndDate>
            </DateRange>
          </DaysOfNonOperation>
        </SpecialDaysOperation>
      </OperatingProfile>
      <VehicleJourneyCode>1893</VehicleJourneyCode>
      <ServiceRef>ABAO004A</ServiceRef>
      <LineRef>0</LineRef>
      <JourneyPatternRef>JPS_ABAO004A-2</JourneyPatternRef>
      <DepartureTime>09:45:00</DepartureTime>
    </VehicleJourney>
    <VehicleJourney>
      <OperatorRef>BLB</OperatorRef>
      <OperatingProfile>
        <RegularDayType>
          <DaysOfWeek>
            <Monday />
            <Tuesday />
            <Wednesday />
            <Thursday />
            <Friday />
          </DaysOfWeek>
        </RegularDayType>
        <SpecialDaysOperation>
          <DaysOfNonOperation>
            <DateRange>
              <StartDate>2019-12-25</StartDate>
              <EndDate>2019-12-26</EndDate>
            </DateRange>
            <DateRange>
              <StartDate>2020-01-01</StartDate>
              <EndDate>2020-01-02</EndDate>
            </DateRange>
            <DateRange>
              <StartDate>2020-05-04</StartDate>
              <EndDate>2020-05-04</EndDate>
            </DateRange>
          </DaysOfNonOperation>
        </SpecialDaysOperation>
      </OperatingProfile>
      <VehicleJourneyCode>1894</VehicleJourneyCode>
      <ServiceRef>ABAO004A</ServiceRef>
      <LineRef>0</LineRef>
      <JourneyPatternRef>JPS_ABAO004A-2</JourneyPatternRef>
      <DepartureTime>10:45:00</DepartureTime>
    </VehicleJourney>
    <VehicleJourney>
      <OperatorRef>BLB</OperatorRef>
      <OperatingProfile>
        <RegularDayType>
          <DaysOfWeek>
            <Monday />
            <Tuesday />
            <Wednesday />
            <Thursday />
            <Friday />
          </DaysOfWeek>
        </RegularDayType>
        <SpecialDaysOperation>
          <DaysOfNonOperation>
            <DateRange>
              <StartDate>2019-12-25</StartDate>
              <EndDate>2019-12-26</EndDate>
            </DateRange>
            <DateRange>
              <StartDate>2020-01-01</StartDate>
              <EndDate>2020-01-02</EndDate>
            </DateRange>
            <DateRange>
              <StartDate>2020-05-04</StartDate>
              <EndDate>2020-05-04</EndDate>
            </DateRange>
          </DaysOfNonOperation>
        </SpecialDaysOperation>
      </OperatingProfile>
      <VehicleJourneyCode>1895</VehicleJourneyCode>
      <ServiceRef>ABAO004A</ServiceRef>
      <LineRef>0</LineRef>
      <JourneyPatternRef>JPS_ABAO004A-2</JourneyPatternRef>
      <DepartureTime>11:45:00</DepartureTime>
    </VehicleJourney>
    <VehicleJourney>
      <OperatorRef>BLB</OperatorRef>
      <OperatingProfile>
        <RegularDayType>
          <DaysOfWeek>
            <Monday />
            <Tuesday />
            <Wednesday />
            <Thursday />
            <Friday />
          </DaysOfWeek>
        </RegularDayType>
        <SpecialDaysOperation>
          <DaysOfNonOperation>
            <DateRange>
              <StartDate>2019-12-25</StartDate>
              <EndDate>2019-12-26</EndDate>
            </DateRange>
            <DateRange>
              <StartDate>2020-01-01</StartDate>
              <EndDate>2020-01-02</EndDate>
            </DateRange>
            <DateRange>
              <StartDate>2020-05-04</StartDate>
              <EndDate>2020-05-04</EndDate>
            </DateRange>
          </DaysOfNonOperation>
        </SpecialDaysOperation>
      </OperatingProfile>
      <VehicleJourneyCode>1896</VehicleJourneyCode>
      <ServiceRef>ABAO004A</ServiceRef>
      <LineRef>0</LineRef>
      <JourneyPatternRef>JPS_ABAO004A-2</JourneyPatternRef>
      <DepartureTime>12:45:00</DepartureTime>
    </VehicleJourney>
    <VehicleJourney>
      <OperatorRef>BLB</OperatorRef>
      <OperatingProfile>
        <RegularDayType>
          <DaysOfWeek>
            <Monday />
            <Tuesday />
            <Wednesday />
            <Thursday />
            <Friday />
          </DaysOfWeek>
        </RegularDayType>
        <SpecialDaysOperation>
          <DaysOfNonOperation>
            <DateRange>
              <StartDate>2019-12-25</StartDate>
              <EndDate>2019-12-26</EndDate>
            </DateRange>
            <DateRange>
              <StartDate>2020-01-01</StartDate>
              <EndDate>2020-01-02</EndDate>
            </DateRange>
            <DateRange>
              <StartDate>2020-05-04</StartDate>
              <EndDate>2020-05-04</EndDate>
            </DateRange>
          </DaysOfNonOperation>
        </SpecialDaysOperation>
      </OperatingProfile>
      <VehicleJourneyCode>1897</VehicleJourneyCode>
      <ServiceRef>ABAO004A</ServiceRef>
      <LineRef>0</LineRef>
      <JourneyPatternRef>JPS_ABAO004A-2</JourneyPatternRef>
      <DepartureTime>13:45:00</DepartureTime>
    </VehicleJourney>
    <VehicleJourney>
      <OperatorRef>BLB</OperatorRef>
      <OperatingProfile>
        <RegularDayType>
          <DaysOfWeek>
            <Monday />
            <Tuesday />
            <Wednesday />
            <Thursday />
            <Friday />
          </DaysOfWeek>
        </RegularDayType>
        <SpecialDaysOperation>
          <DaysOfNonOperation>
            <DateRange>
              <StartDate>2019-12-25</StartDate>
              <EndDate>2019-12-26</EndDate>
            </DateRange>
            <DateRange>
              <StartDate>2020-01-01</StartDate>
              <EndDate>2020-01-02</EndDate>
            </DateRange>
            <DateRange>
              <StartDate>2020-05-04</StartDate>
              <EndDate>2020-05-04</EndDate>
            </DateRange>
          </DaysOfNonOperation>
        </SpecialDaysOperation>
      </OperatingProfile>
      <VehicleJourneyCode>1898</VehicleJourneyCode>
      <ServiceRef>ABAO004A</ServiceRef>
      <LineRef>0</LineRef>
      <JourneyPatternRef>JPS_ABAO004A-2</JourneyPatternRef>
      <DepartureTime>14:45:00</DepartureTime>
    </VehicleJourney>
    <VehicleJourney>
      <OperatorRef>BLB</OperatorRef>
      <OperatingProfile>
        <RegularDayType>
          <DaysOfWeek>
            <Monday />
            <Tuesday />
            <Wednesday />
            <Thursday />
            <Friday />
          </DaysOfWeek>
        </RegularDayType>
        <SpecialDaysOperation>
          <DaysOfNonOperation>
            <DateRange>
              <StartDate>2019-12-25</StartDate>
              <EndDate>2019-12-26</EndDate>
            </DateRange>
            <DateRange>
              <StartDate>2020-01-01</StartDate>
              <EndDate>2020-01-02</EndDate>
            </DateRange>
            <DateRange>
              <StartDate>2020-05-04</StartDate>
              <EndDate>2020-05-04</EndDate>
            </DateRange>
          </DaysOfNonOperation>
        </SpecialDaysOperation>
      </OperatingProfile>
      <VehicleJourneyCode>1899</VehicleJourneyCode>
      <ServiceRef>ABAO004A</ServiceRef>
      <LineRef>0</LineRef>
      <JourneyPatternRef>JPS_ABAO004A-2</JourneyPatternRef>
      <DepartureTime>16:55:00</DepartureTime>
    </VehicleJourney>
    <VehicleJourney>
      <OperatorRef>BLB</OperatorRef>
      <OperatingProfile>
        <RegularDayType>
          <DaysOfWeek>
            <Saturday />
          </DaysOfWeek>
        </RegularDayType>
      </OperatingProfile>
      <VehicleJourneyCode>1900</VehicleJourneyCode>
      <ServiceRef>ABAO004A</ServiceRef>
      <LineRef>0</LineRef>
      <JourneyPatternRef>JPS_ABAO004A-2</JourneyPatternRef>
      <DepartureTime>10:45:00</DepartureTime>
    </VehicleJourney>
    <VehicleJourney>
      <OperatorRef>BLB</OperatorRef>
      <OperatingProfile>
        <RegularDayType>
          <DaysOfWeek>
            <Saturday />
          </DaysOfWeek>
        </RegularDayType>
      </OperatingProfile>
      <VehicleJourneyCode>1901</VehicleJourneyCode>
      <ServiceRef>ABAO004A</ServiceRef>
      <LineRef>0</LineRef>
      <JourneyPatternRef>JPS_ABAO004A-2</JourneyPatternRef>
      <DepartureTime>11:45:00</DepartureTime>
    </VehicleJourney>
    <VehicleJourney>
      <OperatorRef>BLB</OperatorRef>
      <OperatingProfile>
        <RegularDayType>
          <DaysOfWeek>
            <Saturday />
          </DaysOfWeek>
        </RegularDayType>
      </OperatingProfile>
      <VehicleJourneyCode>1902</VehicleJourneyCode>
      <ServiceRef>ABAO004A</ServiceRef>
      <LineRef>0</LineRef>
      <JourneyPatternRef>JPS_ABAO004A-2</JourneyPatternRef>
      <DepartureTime>12:45:00</DepartureTime>
    </VehicleJourney>
    <VehicleJourney>
      <OperatorRef>BLB</OperatorRef>
      <OperatingProfile>
        <RegularDayType>
          <DaysOfWeek>
            <Saturday />
          </DaysOfWeek>
        </RegularDayType>
      </OperatingProfile>
      <VehicleJourneyCode>1903</VehicleJourneyCode>
      <ServiceRef>ABAO004A</ServiceRef>
      <LineRef>0</LineRef>
      <JourneyPatternRef>JPS_ABAO004A-2</JourneyPatternRef>
      <DepartureTime>13:45:00</DepartureTime>
    </VehicleJourney>
    <VehicleJourney>
      <OperatorRef>BLB</OperatorRef>
      <OperatingProfile>
        <RegularDayType>
          <DaysOfWeek>
            <Saturday />
          </DaysOfWeek>
        </RegularDayType>
      </OperatingProfile>
      <VehicleJourneyCode>1904</VehicleJourneyCode>
      <ServiceRef>ABAO004A</ServiceRef>
      <LineRef>0</LineRef>
      <JourneyPatternRef>JPS_ABAO004A-2</JourneyPatternRef>
      <DepartureTime>14:45:00</DepartureTime>
    </VehicleJourney>
    <VehicleJourney>
      <OperatorRef>BLB</OperatorRef>
      <OperatingProfile>
        <RegularDayType>
          <DaysOfWeek>
            <Saturday />
          </DaysOfWeek>
        </RegularDayType>
      </OperatingProfile>
      <VehicleJourneyCode>1905</VehicleJourneyCode>
      <ServiceRef>ABAO004A</ServiceRef>
      <LineRef>0</LineRef>
      <JourneyPatternRef>JPS_ABAO004A-2</JourneyPatternRef>
      <DepartureTime>15:45:00</DepartureTime>
    </VehicleJourney>
    <VehicleJourney>
      <OperatorRef>BLB</OperatorRef>
      <OperatingProfile>
        <RegularDayType>
          <DaysOfWeek>
            <Saturday />
          </DaysOfWeek>
        </RegularDayType>
      </OperatingProfile>
      <VehicleJourneyCode>1906</VehicleJourneyCode>
      <ServiceRef>ABAO004A</ServiceRef>
      <LineRef>0</LineRef>
      <JourneyPatternRef>JPS_ABAO004A-2</JourneyPatternRef>
      <DepartureTime>16:45:00</DepartureTime>
    </VehicleJourney>
  </VehicleJourneys>
</TransXChange>