<?xml version="1.0" encoding="utf-8"?>
<TransXChange xmlns:xsi="http://www.w3.org/2001/XMLSchema-instance" xmlns:xsd="http://www.w3.org/2001/XMLSchema" xsi:schemaLocation="http://www.transxchange.org.uk/ http://www.transxchange.org.uk/schema/2.1/TransXChange_general.xsd" CreationDateTime="2019-10-07T13:21:00-00:00" ModificationDateTime="2019-10-07T13:21:00-00:00" Modification="new" RevisionNumber="0" FileName="SVRAGAK013.xml" SchemaVersion="2.1" RegistrationDocument="false" xmlns="http://www.transxchange.org.uk/">
  <ServicedOrganisations>
    <ServicedOrganisation>
      <OrganisationCode>160</OrganisationCode>
      <Name>
QE0 : BUS.CIF
</Name>
      <WorkingDays>
        <DateRange>
          <StartDate>2019-10-05</StartDate>
          <EndDate>2019-10-20</EndDate>
        </DateRange>
        <DateRange>
          <StartDate>2019-12-04</StartDate>
          <EndDate>2019-12-08</EndDate>
        </DateRange>
        <DateRange>
          <StartDate>2019-12-21</StartDate>
          <EndDate>2020-01-05</EndDate>
        </DateRange>
        <DateRange>
          <StartDate>2020-02-13</StartDate>
          <EndDate>2020-02-17</EndDate>
        </DateRange>
        <DateRange>
          <StartDate>2020-04-04</StartDate>
          <EndDate>2020-04-19</EndDate>
        </DateRange>
        <DateRange>
          <StartDate>2020-05-02</StartDate>
          <EndDate>2020-05-04</EndDate>
        </DateRange>
        <DateRange>
          <StartDate>2020-05-23</StartDate>
          <EndDate>2020-05-25</EndDate>
        </DateRange>
        <DateRange>
          <StartDate>2020-06-27</StartDate>
          <EndDate>2049-12-31</EndDate>
        </DateRange>
      </WorkingDays>
    </ServicedOrganisation>
  </ServicedOrganisations>
  <StopPoints>
    <AnnotatedStopPointRef>
      <StopPointRef>6490IM1317</StopPointRef>
      <CommonName>Shandford Farm</CommonName>
    </AnnotatedStopPointRef>
    <AnnotatedStopPointRef>
      <StopPointRef>6490IM1112</StopPointRef>
      <CommonName>Cottages</CommonName>
    </AnnotatedStopPointRef>
    <AnnotatedStopPointRef>
      <StopPointRef>6490IM011</StopPointRef>
      <CommonName>Noranside Cottages</CommonName>
    </AnnotatedStopPointRef>
    <AnnotatedStopPointRef>
      <StopPointRef>6490IM1321</StopPointRef>
      <CommonName>Woodlands Avenue</CommonName>
    </AnnotatedStopPointRef>
    <AnnotatedStopPointRef>
      <StopPointRef>6490IM1826</StopPointRef>
      <CommonName>Soutra Cottage</CommonName>
    </AnnotatedStopPointRef>
    <AnnotatedStopPointRef>
      <StopPointRef>6490IM885</StopPointRef>
      <CommonName>Derachie Road End</CommonName>
    </AnnotatedStopPointRef>
    <AnnotatedStopPointRef>
      <StopPointRef>6490IM010</StopPointRef>
      <CommonName>Inshewan Road End</CommonName>
    </AnnotatedStopPointRef>
    <AnnotatedStopPointRef>
      <StopPointRef>6490IM1830</StopPointRef>
      <CommonName>Miltonbank Road End</CommonName>
    </AnnotatedStopPointRef>
    <AnnotatedStopPointRef>
      <StopPointRef>6490IM186</StopPointRef>
      <CommonName>Primary School</CommonName>
    </AnnotatedStopPointRef>
    <AnnotatedStopPointRef>
      <StopPointRef>6490IM1324</StopPointRef>
      <CommonName>Primary School</CommonName>
    </AnnotatedStopPointRef>
    <AnnotatedStopPointRef>
      <StopPointRef>6490IM1829</StopPointRef>
      <CommonName>Miltonbank Road End</CommonName>
    </AnnotatedStopPointRef>
    <AnnotatedStopPointRef>
      <StopPointRef>6490IM068</StopPointRef>
      <CommonName>Road End</CommonName>
    </AnnotatedStopPointRef>
    <AnnotatedStopPointRef>
      <StopPointRef>6490IM909</StopPointRef>
      <CommonName>Derachie Road End</CommonName>
    </AnnotatedStopPointRef>
    <AnnotatedStopPointRef>
      <StopPointRef>6490IM1825</StopPointRef>
      <CommonName>Soutra Cottage</CommonName>
    </AnnotatedStopPointRef>
    <AnnotatedStopPointRef>
      <StopPointRef>6490IM125</StopPointRef>
      <CommonName>Noranside Cottages</CommonName>
    </AnnotatedStopPointRef>
    <AnnotatedStopPointRef>
      <StopPointRef>6490IM1075</StopPointRef>
      <CommonName>Cottages</CommonName>
    </AnnotatedStopPointRef>
    <AnnotatedStopPointRef>
      <StopPointRef>6490IM1316</StopPointRef>
      <CommonName>Shandford Farm</CommonName>
    </AnnotatedStopPointRef>
  </StopPoints>
  <RouteSections>
    <RouteSection id="AGAK013_003">
      <RouteLink id="AGAK013_003_30473">
        <From>
          <StopPointRef>6490IM1317</StopPointRef>
        </From>
        <To>
          <StopPointRef>6490IM1112</StopPointRef>
        </To>
        <Direction>outbound</Direction>
      </RouteLink>
      <RouteLink id="AGAK013_003_30474">
        <From>
          <StopPointRef>6490IM1112</StopPointRef>
        </From>
        <To>
          <StopPointRef>6490IM011</StopPointRef>
        </To>
        <Direction>outbound</Direction>
      </RouteLink>
      <RouteLink id="AGAK013_003_30475">
        <From>
          <StopPointRef>6490IM011</StopPointRef>
        </From>
        <To>
          <StopPointRef>6490IM1321</StopPointRef>
        </To>
        <Direction>outbound</Direction>
      </RouteLink>
      <RouteLink id="AGAK013_003_30476">
        <From>
          <StopPointRef>6490IM1321</StopPointRef>
        </From>
        <To>
          <StopPointRef>6490IM1826</StopPointRef>
        </To>
        <Direction>outbound</Direction>
      </RouteLink>
      <RouteLink id="AGAK013_003_30477">
        <From>
          <StopPointRef>6490IM1826</StopPointRef>
        </From>
        <To>
          <StopPointRef>6490IM885</StopPointRef>
        </To>
        <Direction>outbound</Direction>
      </RouteLink>
      <RouteLink id="AGAK013_003_30478">
        <From>
          <StopPointRef>6490IM885</StopPointRef>
        </From>
        <To>
          <StopPointRef>6490IM010</StopPointRef>
        </To>
        <Direction>outbound</Direction>
      </RouteLink>
      <RouteLink id="AGAK013_003_30479">
        <From>
          <StopPointRef>6490IM010</StopPointRef>
        </From>
        <To>
          <StopPointRef>6490IM1830</StopPointRef>
        </To>
        <Direction>outbound</Direction>
      </RouteLink>
      <RouteLink id="AGAK013_003_30480">
        <From>
          <StopPointRef>6490IM1830</StopPointRef>
        </From>
        <To>
          <StopPointRef>6490IM186</StopPointRef>
        </To>
        <Direction>outbound</Direction>
      </RouteLink>
      <RouteLink id="AGAK013_003_30481">
        <From>
          <StopPointRef>6490IM186</StopPointRef>
        </From>
        <To>
          <StopPointRef>6490IM1324</StopPointRef>
        </To>
        <Direction>outbound</Direction>
      </RouteLink>
    </RouteSection>
    <RouteSection id="AGAK013_004">
      <RouteLink id="AGAK013_004_30464">
        <From>
          <StopPointRef>6490IM1324</StopPointRef>
        </From>
        <To>
          <StopPointRef>6490IM1829</StopPointRef>
        </To>
        <Direction>inbound</Direction>
      </RouteLink>
      <RouteLink id="AGAK013_004_30465">
        <From>
          <StopPointRef>6490IM1829</StopPointRef>
        </From>
        <To>
          <StopPointRef>6490IM068</StopPointRef>
        </To>
        <Direction>inbound</Direction>
      </RouteLink>
      <RouteLink id="AGAK013_004_30466">
        <From>
          <StopPointRef>6490IM068</StopPointRef>
        </From>
        <To>
          <StopPointRef>6490IM909</StopPointRef>
        </To>
        <Direction>inbound</Direction>
      </RouteLink>
      <RouteLink id="AGAK013_004_30467">
        <From>
          <StopPointRef>6490IM909</StopPointRef>
        </From>
        <To>
          <StopPointRef>6490IM1825</StopPointRef>
        </To>
        <Direction>inbound</Direction>
      </RouteLink>
      <RouteLink id="AGAK013_004_30468">
        <From>
          <StopPointRef>6490IM1825</StopPointRef>
        </From>
        <To>
          <StopPointRef>6490IM125</StopPointRef>
        </To>
        <Direction>inbound</Direction>
      </RouteLink>
      <RouteLink id="AGAK013_004_30469">
        <From>
          <StopPointRef>6490IM125</StopPointRef>
        </From>
        <To>
          <StopPointRef>6490IM1321</StopPointRef>
        </To>
        <Direction>inbound</Direction>
      </RouteLink>
      <RouteLink id="AGAK013_004_30470">
        <From>
          <StopPointRef>6490IM1321</StopPointRef>
        </From>
        <To>
          <StopPointRef>6490IM1075</StopPointRef>
        </To>
        <Direction>inbound</Direction>
      </RouteLink>
      <RouteLink id="AGAK013_004_30471">
        <From>
          <StopPointRef>6490IM1075</StopPointRef>
        </From>
        <To>
          <StopPointRef>6490IM1316</StopPointRef>
        </To>
        <Direction>inbound</Direction>
      </RouteLink>
    </RouteSection>
  </RouteSections>
  <Routes>
    <Route id="AGAK013_003">
      <Description>Balquharn - Tannadice Primary School
</Description>
      <RouteSectionRef>AGAK013_003</RouteSectionRef>
    </Route>
    <Route id="AGAK013_004">
      <Description>Tannadice Primary School - Balquharn
</Description>
      <RouteSectionRef>AGAK013_004</RouteSectionRef>
    </Route>
  </Routes>
  <JourneyPatternSections>
    <JourneyPatternSection id="JPS_AGAK013-3">
      <JourneyPatternTimingLink id="JPS_AGAK013-3_30473">
        <From>
          <StopPointRef>6490IM1317</StopPointRef>
          <TimingStatus>PTP</TimingStatus>
        </From>
        <To>
          <StopPointRef>6490IM1112</StopPointRef>
          <TimingStatus>OTH</TimingStatus>
        </To>
        <RouteLinkRef>AGAK013_003_30473</RouteLinkRef>
        <Direction>outbound</Direction>
        <RunTime>PT60S</RunTime>
      </JourneyPatternTimingLink>
      <JourneyPatternTimingLink id="JPS_AGAK013-3_30474">
        <From>
          <StopPointRef>6490IM1112</StopPointRef>
          <TimingStatus>OTH</TimingStatus>
        </From>
        <To>
          <StopPointRef>6490IM011</StopPointRef>
          <TimingStatus>OTH</TimingStatus>
        </To>
        <RouteLinkRef>AGAK013_003_30474</RouteLinkRef>
        <Direction>outbound</Direction>
        <RunTime>PT420S</RunTime>
      </JourneyPatternTimingLink>
      <JourneyPatternTimingLink id="JPS_AGAK013-3_30475">
        <From>
          <StopPointRef>6490IM011</StopPointRef>
          <TimingStatus>OTH</TimingStatus>
        </From>
        <To>
          <StopPointRef>6490IM1321</StopPointRef>
          <TimingStatus>PTP</TimingStatus>
        </To>
        <RouteLinkRef>AGAK013_003_30475</RouteLinkRef>
        <Direction>outbound</Direction>
        <RunTime>PT120S</RunTime>
      </JourneyPatternTimingLink>
      <JourneyPatternTimingLink id="JPS_AGAK013-3_30476">
        <From>
          <StopPointRef>6490IM1321</StopPointRef>
          <TimingStatus>PTP</TimingStatus>
        </From>
        <To>
          <StopPointRef>6490IM1826</StopPointRef>
          <TimingStatus>OTH</TimingStatus>
        </To>
        <RouteLinkRef>AGAK013_003_30476</RouteLinkRef>
        <Direction>outbound</Direction>
        <RunTime>PT420S</RunTime>
      </JourneyPatternTimingLink>
      <JourneyPatternTimingLink id="JPS_AGAK013-3_30477">
        <From>
          <StopPointRef>6490IM1826</StopPointRef>
          <TimingStatus>OTH</TimingStatus>
        </From>
        <To>
          <StopPointRef>6490IM885</StopPointRef>
          <TimingStatus>PTP</TimingStatus>
        </To>
        <RouteLinkRef>AGAK013_003_30477</RouteLinkRef>
        <Direction>outbound</Direction>
        <RunTime>PT180S</RunTime>
      </JourneyPatternTimingLink>
      <JourneyPatternTimingLink id="JPS_AGAK013-3_30478">
        <From>
          <StopPointRef>6490IM885</StopPointRef>
          <TimingStatus>PTP</TimingStatus>
        </From>
        <To>
          <StopPointRef>6490IM010</StopPointRef>
          <TimingStatus>OTH</TimingStatus>
        </To>
        <RouteLinkRef>AGAK013_003_30478</RouteLinkRef>
        <Direction>outbound</Direction>
        <RunTime>PT480S</RunTime>
      </JourneyPatternTimingLink>
      <JourneyPatternTimingLink id="JPS_AGAK013-3_30479">
        <From>
          <StopPointRef>6490IM010</StopPointRef>
          <TimingStatus>OTH</TimingStatus>
        </From>
        <To>
          <StopPointRef>6490IM1830</StopPointRef>
          <TimingStatus>OTH</TimingStatus>
        </To>
        <RouteLinkRef>AGAK013_003_30479</RouteLinkRef>
        <Direction>outbound</Direction>
        <RunTime>PT60S</RunTime>
      </JourneyPatternTimingLink>
      <JourneyPatternTimingLink id="JPS_AGAK013-3_30480">
        <From>
          <StopPointRef>6490IM1830</StopPointRef>
          <TimingStatus>OTH</TimingStatus>
        </From>
        <To>
          <StopPointRef>6490IM186</StopPointRef>
          <TimingStatus>OTH</TimingStatus>
        </To>
        <RouteLinkRef>AGAK013_003_30480</RouteLinkRef>
        <Direction>outbound</Direction>
        <RunTime>PT300S</RunTime>
      </JourneyPatternTimingLink>
      <JourneyPatternTimingLink id="JPS_AGAK013-3_30481">
        <From>
          <StopPointRef>6490IM186</StopPointRef>
          <TimingStatus>OTH</TimingStatus>
        </From>
        <To>
          <StopPointRef>6490IM1324</StopPointRef>
          <TimingStatus>PTP</TimingStatus>
        </To>
        <RouteLinkRef>AGAK013_003_30481</RouteLinkRef>
        <Direction>outbound</Direction>
        <RunTime>PT60S</RunTime>
      </JourneyPatternTimingLink>
    </JourneyPatternSection>
    <JourneyPatternSection id="JPS_AGAK013-4">
      <JourneyPatternTimingLink id="JPS_AGAK013-4_30464">
        <From>
          <StopPointRef>6490IM1324</StopPointRef>
          <TimingStatus>PTP</TimingStatus>
        </From>
        <To>
          <StopPointRef>6490IM1829</StopPointRef>
          <TimingStatus>OTH</TimingStatus>
        </To>
        <RouteLinkRef>AGAK013_004_30464</RouteLinkRef>
        <Direction>inbound</Direction>
        <RunTime>PT240S</RunTime>
      </JourneyPatternTimingLink>
      <JourneyPatternTimingLink id="JPS_AGAK013-4_30465">
        <From>
          <StopPointRef>6490IM1829</StopPointRef>
          <TimingStatus>OTH</TimingStatus>
        </From>
        <To>
          <StopPointRef>6490IM068</StopPointRef>
          <TimingStatus>OTH</TimingStatus>
        </To>
        <RouteLinkRef>AGAK013_004_30465</RouteLinkRef>
        <Direction>inbound</Direction>
        <RunTime>PT0S</RunTime>
      </JourneyPatternTimingLink>
      <JourneyPatternTimingLink id="JPS_AGAK013-4_30466">
        <From>
          <StopPointRef>6490IM068</StopPointRef>
          <TimingStatus>OTH</TimingStatus>
        </From>
        <To>
          <StopPointRef>6490IM909</StopPointRef>
          <TimingStatus>PTP</TimingStatus>
        </To>
        <RouteLinkRef>AGAK013_004_30466</RouteLinkRef>
        <Direction>inbound</Direction>
        <RunTime>PT420S</RunTime>
      </JourneyPatternTimingLink>
      <JourneyPatternTimingLink id="JPS_AGAK013-4_30467">
        <From>
          <StopPointRef>6490IM909</StopPointRef>
          <TimingStatus>PTP</TimingStatus>
        </From>
        <To>
          <StopPointRef>6490IM1825</StopPointRef>
          <TimingStatus>OTH</TimingStatus>
        </To>
        <RouteLinkRef>AGAK013_004_30467</RouteLinkRef>
        <Direction>inbound</Direction>
        <RunTime>PT120S</RunTime>
      </JourneyPatternTimingLink>
      <JourneyPatternTimingLink id="JPS_AGAK013-4_30468">
        <From>
          <StopPointRef>6490IM1825</StopPointRef>
          <TimingStatus>OTH</TimingStatus>
        </From>
        <To>
          <StopPointRef>6490IM125</StopPointRef>
          <TimingStatus>OTH</TimingStatus>
        </To>
        <RouteLinkRef>AGAK013_004_30468</RouteLinkRef>
        <Direction>inbound</Direction>
        <RunTime>PT360S</RunTime>
      </JourneyPatternTimingLink>
      <JourneyPatternTimingLink id="JPS_AGAK013-4_30469">
        <From>
          <StopPointRef>6490IM125</StopPointRef>
          <TimingStatus>OTH</TimingStatus>
        </From>
        <To>
          <StopPointRef>6490IM1321</StopPointRef>
          <TimingStatus>PTP</TimingStatus>
        </To>
        <RouteLinkRef>AGAK013_004_30469</RouteLinkRef>
        <Direction>inbound</Direction>
        <RunTime>PT120S</RunTime>
      </JourneyPatternTimingLink>
      <JourneyPatternTimingLink id="JPS_AGAK013-4_30470">
        <From>
          <StopPointRef>6490IM1321</StopPointRef>
          <TimingStatus>PTP</TimingStatus>
        </From>
        <To>
          <StopPointRef>6490IM1075</StopPointRef>
          <TimingStatus>OTH</TimingStatus>
        </To>
        <RouteLinkRef>AGAK013_004_30470</RouteLinkRef>
        <Direction>inbound</Direction>
        <RunTime>PT480S</RunTime>
      </JourneyPatternTimingLink>
      <JourneyPatternTimingLink id="JPS_AGAK013-4_30471">
        <From>
          <StopPointRef>6490IM1075</StopPointRef>
          <TimingStatus>OTH</TimingStatus>
        </From>
        <To>
          <StopPointRef>6490IM1316</StopPointRef>
          <TimingStatus>PTP</TimingStatus>
        </To>
        <RouteLinkRef>AGAK013_004_30471</RouteLinkRef>
        <Direction>inbound</Direction>
        <RunTime>PT120S</RunTime>
      </JourneyPatternTimingLink>
    </JourneyPatternSection>
  </JourneyPatternSections>
  <Operators>
    <Operator id="STY">
      <NationalOperatorCode>SSTY</NationalOperatorCode>
      <OperatorCode>STY</OperatorCode>
      <OperatorShortName>Stagecoach East Scotland</OperatorShortName>
    </Operator>
  </Operators>
  <Services>
    <Service>
      <ServiceCode>AGAK013</ServiceCode>
      <Lines>
        <Line id="0">
          <LineName>K13</LineName>
        </Line>
      </Lines>
      <OperatingPeriod>
        <StartDate>2018-02-21</StartDate>
        <EndDate>2049-12-31</EndDate>
      </OperatingPeriod>
      <RegisteredOperatorRef>STY</RegisteredOperatorRef>
      <StopRequirements>
        <NoNewStopsRequired />
      </StopRequirements>
      <Mode>bus</Mode>
      <Description>Balquharn - Tannadice Primary School</Description>
      <StandardService>
        <Origin>Balquharn</Origin>
        <Destination>Tannadice Primary School</Destination>
        <JourneyPattern id="JPS_AGAK013-3">
          <Direction>outbound</Direction>
          <JourneyPatternSectionRefs>JPS_AGAK013-3</JourneyPatternSectionRefs>
        </JourneyPattern>
        <JourneyPattern id="JPS_AGAK013-4">
          <Direction>inbound</Direction>
          <JourneyPatternSectionRefs>JPS_AGAK013-4</JourneyPatternSectionRefs>
        </JourneyPattern>
      </StandardService>
    </Service>
  </Services>
  <VehicleJourneys>
    <VehicleJourney>
      <OperatorRef>STY</OperatorRef>
      <OperatingProfile>
        <RegularDayType>
          <DaysOfWeek>
            <Monday />
            <Tuesday />
            <Wednesday />
            <Thursday />
            <Friday />
          </DaysOfWeek>
        </RegularDayType>
        <ServicedOrganisationDayType>
          <DaysOfNonOperation>
            <WorkingDays>
              <ServicedOrganisationRef>160</ServicedOrganisationRef>
            </WorkingDays>
          </DaysOfNonOperation>
        </ServicedOrganisationDayType>
      </OperatingProfile>
      <VehicleJourneyCode>12337</VehicleJourneyCode>
      <ServiceRef>AGAK013</ServiceRef>
      <LineRef>0</LineRef>
      <JourneyPatternRef>JPS_AGAK013-3</JourneyPatternRef>
      <Note>
        <NoteCode>Sch</NoteCode>
        <NoteText>Operates on Angus schooldays only</NoteText>
      </Note>
      <DepartureTime>08:20:00</DepartureTime>
    </VehicleJourney>
    <VehicleJourney>
      <OperatorRef>STY</OperatorRef>
      <OperatingProfile>
        <RegularDayType>
          <DaysOfWeek>
            <Monday />
            <Tuesday />
            <Wednesday />
            <Thursday />
            <Friday />
          </DaysOfWeek>
        </RegularDayType>
        <ServicedOrganisationDayType>
          <DaysOfNonOperation>
            <WorkingDays>
              <ServicedOrganisationRef>160</ServicedOrganisationRef>
            </WorkingDays>
          </DaysOfNonOperation>
        </ServicedOrganisationDayType>
      </OperatingProfile>
      <VehicleJourneyCode>12336</VehicleJourneyCode>
      <ServiceRef>AGAK013</ServiceRef>
      <LineRef>0</LineRef>
      <JourneyPatternRef>JPS_AGAK013-4</JourneyPatternRef>
      <Note>
        <NoteCode>Sch</NoteCode>
        <NoteText>Operates on Angus schooldays only</NoteText>
      </Note>
      <DepartureTime>15:30:00</DepartureTime>
    </VehicleJourney>
  </VehicleJourneys>
</TransXChange>