<?xml version="1.0" encoding="utf-8"?>
<TransXChange xmlns:xsi="http://www.w3.org/2001/XMLSchema-instance" xmlns:xsd="http://www.w3.org/2001/XMLSchema" xsi:schemaLocation="http://www.transxchange.org.uk/ http://www.transxchange.org.uk/schema/2.1/TransXChange_general.xsd" CreationDateTime="2019-10-07T13:15:00-00:00" ModificationDateTime="2019-10-07T13:15:00-00:00" Modification="new" RevisionNumber="0" FileName="SVRAYAO483.xml" SchemaVersion="2.1" RegistrationDocument="false" xmlns="http://www.transxchange.org.uk/">
  <StopPoints>
    <AnnotatedStopPointRef>
      <StopPointRef>60709108</StopPointRef>
      <CommonName>Ferry Terminal</CommonName>
    </AnnotatedStopPointRef>
    <AnnotatedStopPointRef>
      <StopPointRef>60709154</StopPointRef>
      <CommonName>Castle Gardens</CommonName>
    </AnnotatedStopPointRef>
    <AnnotatedStopPointRef>
      <StopPointRef>60709090</StopPointRef>
      <CommonName>Cowal Cafe</CommonName>
    </AnnotatedStopPointRef>
    <AnnotatedStopPointRef>
      <StopPointRef>60709091</StopPointRef>
      <CommonName>Moir Street</CommonName>
    </AnnotatedStopPointRef>
    <AnnotatedStopPointRef>
      <StopPointRef>60709092</StopPointRef>
      <CommonName>St. John's Church</CommonName>
    </AnnotatedStopPointRef>
    <AnnotatedStopPointRef>
      <StopPointRef>60709188</StopPointRef>
      <CommonName>Morrisons Supermarket</CommonName>
    </AnnotatedStopPointRef>
    <AnnotatedStopPointRef>
      <StopPointRef>60709111</StopPointRef>
      <CommonName>Alexandra Parade</CommonName>
    </AnnotatedStopPointRef>
    <AnnotatedStopPointRef>
      <StopPointRef>60709114</StopPointRef>
      <CommonName>Victoria Terrace</CommonName>
    </AnnotatedStopPointRef>
    <AnnotatedStopPointRef>
      <StopPointRef>60709116</StopPointRef>
      <CommonName>Port Riddell</CommonName>
    </AnnotatedStopPointRef>
    <AnnotatedStopPointRef>
      <StopPointRef>60709117</StopPointRef>
      <CommonName>Dhailling Road</CommonName>
    </AnnotatedStopPointRef>
    <AnnotatedStopPointRef>
      <StopPointRef>60709120</StopPointRef>
      <CommonName>Clyde Street junction</CommonName>
    </AnnotatedStopPointRef>
    <AnnotatedStopPointRef>
      <StopPointRef>60709122</StopPointRef>
      <CommonName>Kirn Gardens</CommonName>
    </AnnotatedStopPointRef>
    <AnnotatedStopPointRef>
      <StopPointRef>60709190</StopPointRef>
      <CommonName>Dunclutha Lane</CommonName>
    </AnnotatedStopPointRef>
    <AnnotatedStopPointRef>
      <StopPointRef>60707191</StopPointRef>
      <CommonName>Bowling Club</CommonName>
    </AnnotatedStopPointRef>
    <AnnotatedStopPointRef>
      <StopPointRef>60709192</StopPointRef>
      <CommonName>Cowal Golf Club</CommonName>
    </AnnotatedStopPointRef>
    <AnnotatedStopPointRef>
      <StopPointRef>60709195</StopPointRef>
      <CommonName>Dunoon Grammar School</CommonName>
    </AnnotatedStopPointRef>
    <AnnotatedStopPointRef>
      <StopPointRef>60707196</StopPointRef>
      <CommonName>Dixon Avenue</CommonName>
    </AnnotatedStopPointRef>
    <AnnotatedStopPointRef>
      <StopPointRef>60707197</StopPointRef>
      <CommonName>Struan Lodge</CommonName>
    </AnnotatedStopPointRef>
    <AnnotatedStopPointRef>
      <StopPointRef>60709148</StopPointRef>
      <CommonName>General Hospital</CommonName>
    </AnnotatedStopPointRef>
    <AnnotatedStopPointRef>
      <StopPointRef>60709150</StopPointRef>
      <CommonName>Bogleha Bowling Club</CommonName>
    </AnnotatedStopPointRef>
    <AnnotatedStopPointRef>
      <StopPointRef>60707152</StopPointRef>
      <CommonName>Police Station</CommonName>
    </AnnotatedStopPointRef>
    <AnnotatedStopPointRef>
      <StopPointRef>60709094</StopPointRef>
      <CommonName>Co-op</CommonName>
    </AnnotatedStopPointRef>
    <AnnotatedStopPointRef>
      <StopPointRef>60709110</StopPointRef>
      <CommonName>Swimming Pool</CommonName>
    </AnnotatedStopPointRef>
    <AnnotatedStopPointRef>
      <StopPointRef>60709107</StopPointRef>
      <CommonName>Ferry Terminal</CommonName>
    </AnnotatedStopPointRef>
    <AnnotatedStopPointRef>
      <StopPointRef>60709093</StopPointRef>
      <CommonName>Library</CommonName>
    </AnnotatedStopPointRef>
    <AnnotatedStopPointRef>
      <StopPointRef>60709152</StopPointRef>
      <CommonName>Police Station</CommonName>
    </AnnotatedStopPointRef>
    <AnnotatedStopPointRef>
      <StopPointRef>60709198</StopPointRef>
      <CommonName>Bus Depot</CommonName>
    </AnnotatedStopPointRef>
  </StopPoints>
  <RouteSections>
    <RouteSection id="AYAO483_002">
      <RouteLink id="AYAO483_002_293532">
        <From>
          <StopPointRef>60709108</StopPointRef>
        </From>
        <To>
          <StopPointRef>60709154</StopPointRef>
        </To>
        <Direction>outbound</Direction>
      </RouteLink>
      <RouteLink id="AYAO483_002_293533">
        <From>
          <StopPointRef>60709154</StopPointRef>
        </From>
        <To>
          <StopPointRef>60709090</StopPointRef>
        </To>
        <Direction>outbound</Direction>
      </RouteLink>
      <RouteLink id="AYAO483_002_293534">
        <From>
          <StopPointRef>60709090</StopPointRef>
        </From>
        <To>
          <StopPointRef>60709091</StopPointRef>
        </To>
        <Direction>outbound</Direction>
      </RouteLink>
      <RouteLink id="AYAO483_002_293535">
        <From>
          <StopPointRef>60709091</StopPointRef>
        </From>
        <To>
          <StopPointRef>60709092</StopPointRef>
        </To>
        <Direction>outbound</Direction>
      </RouteLink>
      <RouteLink id="AYAO483_002_293536">
        <From>
          <StopPointRef>60709092</StopPointRef>
        </From>
        <To>
          <StopPointRef>60709188</StopPointRef>
        </To>
        <Direction>outbound</Direction>
      </RouteLink>
      <RouteLink id="AYAO483_002_293537">
        <From>
          <StopPointRef>60709188</StopPointRef>
        </From>
        <To>
          <StopPointRef>60709111</StopPointRef>
        </To>
        <Direction>outbound</Direction>
      </RouteLink>
      <RouteLink id="AYAO483_002_293538">
        <From>
          <StopPointRef>60709111</StopPointRef>
        </From>
        <To>
          <StopPointRef>60709114</StopPointRef>
        </To>
        <Direction>outbound</Direction>
      </RouteLink>
      <RouteLink id="AYAO483_002_293539">
        <From>
          <StopPointRef>60709114</StopPointRef>
        </From>
        <To>
          <StopPointRef>60709116</StopPointRef>
        </To>
        <Direction>outbound</Direction>
      </RouteLink>
      <RouteLink id="AYAO483_002_293540">
        <From>
          <StopPointRef>60709116</StopPointRef>
        </From>
        <To>
          <StopPointRef>60709117</StopPointRef>
        </To>
        <Direction>outbound</Direction>
      </RouteLink>
      <RouteLink id="AYAO483_002_293541">
        <From>
          <StopPointRef>60709117</StopPointRef>
        </From>
        <To>
          <StopPointRef>60709120</StopPointRef>
        </To>
        <Direction>outbound</Direction>
      </RouteLink>
      <RouteLink id="AYAO483_002_293542">
        <From>
          <StopPointRef>60709120</StopPointRef>
        </From>
        <To>
          <StopPointRef>60709122</StopPointRef>
        </To>
        <Direction>outbound</Direction>
      </RouteLink>
      <RouteLink id="AYAO483_002_293543">
        <From>
          <StopPointRef>60709122</StopPointRef>
        </From>
        <To>
          <StopPointRef>60709190</StopPointRef>
        </To>
        <Direction>outbound</Direction>
      </RouteLink>
      <RouteLink id="AYAO483_002_293544">
        <From>
          <StopPointRef>60709190</StopPointRef>
        </From>
        <To>
          <StopPointRef>60707191</StopPointRef>
        </To>
        <Direction>outbound</Direction>
      </RouteLink>
      <RouteLink id="AYAO483_002_293545">
        <From>
          <StopPointRef>60707191</StopPointRef>
        </From>
        <To>
          <StopPointRef>60709192</StopPointRef>
        </To>
        <Direction>outbound</Direction>
      </RouteLink>
      <RouteLink id="AYAO483_002_293546">
        <From>
          <StopPointRef>60709192</StopPointRef>
        </From>
        <To>
          <StopPointRef>60709195</StopPointRef>
        </To>
        <Direction>outbound</Direction>
      </RouteLink>
      <RouteLink id="AYAO483_002_293547">
        <From>
          <StopPointRef>60709195</StopPointRef>
        </From>
        <To>
          <StopPointRef>60707196</StopPointRef>
        </To>
        <Direction>outbound</Direction>
      </RouteLink>
      <RouteLink id="AYAO483_002_293548">
        <From>
          <StopPointRef>60707196</StopPointRef>
        </From>
        <To>
          <StopPointRef>60707197</StopPointRef>
        </To>
        <Direction>outbound</Direction>
      </RouteLink>
      <RouteLink id="AYAO483_002_293549">
        <From>
          <StopPointRef>60707197</StopPointRef>
        </From>
        <To>
          <StopPointRef>60709148</StopPointRef>
        </To>
        <Direction>outbound</Direction>
      </RouteLink>
      <RouteLink id="AYAO483_002_293550">
        <From>
          <StopPointRef>60709148</StopPointRef>
        </From>
        <To>
          <StopPointRef>60709150</StopPointRef>
        </To>
        <Direction>outbound</Direction>
      </RouteLink>
      <RouteLink id="AYAO483_002_293551">
        <From>
          <StopPointRef>60709150</StopPointRef>
        </From>
        <To>
          <StopPointRef>60707152</StopPointRef>
        </To>
        <Direction>outbound</Direction>
      </RouteLink>
      <RouteLink id="AYAO483_002_293552">
        <From>
          <StopPointRef>60707152</StopPointRef>
        </From>
        <To>
          <StopPointRef>60709094</StopPointRef>
        </To>
        <Direction>outbound</Direction>
      </RouteLink>
      <RouteLink id="AYAO483_002_293553">
        <From>
          <StopPointRef>60709094</StopPointRef>
        </From>
        <To>
          <StopPointRef>60709188</StopPointRef>
        </To>
        <Direction>outbound</Direction>
      </RouteLink>
      <RouteLink id="AYAO483_002_293554">
        <From>
          <StopPointRef>60709188</StopPointRef>
        </From>
        <To>
          <StopPointRef>60709110</StopPointRef>
        </To>
        <Direction>outbound</Direction>
      </RouteLink>
      <RouteLink id="AYAO483_002_293555">
        <From>
          <StopPointRef>60709110</StopPointRef>
        </From>
        <To>
          <StopPointRef>60709108</StopPointRef>
        </To>
        <Direction>outbound</Direction>
      </RouteLink>
      <RouteLink id="AYAO483_002_293556">
        <From>
          <StopPointRef>60709108</StopPointRef>
        </From>
        <To>
          <StopPointRef>60709107</StopPointRef>
        </To>
        <Direction>outbound</Direction>
      </RouteLink>
      <RouteLink id="AYAO483_002_293557">
        <From>
          <StopPointRef>60709107</StopPointRef>
        </From>
        <To>
          <StopPointRef>60709154</StopPointRef>
        </To>
        <Direction>outbound</Direction>
      </RouteLink>
      <RouteLink id="AYAO483_002_293558">
        <From>
          <StopPointRef>60709154</StopPointRef>
        </From>
        <To>
          <StopPointRef>60709090</StopPointRef>
        </To>
        <Direction>outbound</Direction>
      </RouteLink>
      <RouteLink id="AYAO483_002_293559">
        <From>
          <StopPointRef>60709090</StopPointRef>
        </From>
        <To>
          <StopPointRef>60709091</StopPointRef>
        </To>
        <Direction>outbound</Direction>
      </RouteLink>
      <RouteLink id="AYAO483_002_293560">
        <From>
          <StopPointRef>60709091</StopPointRef>
        </From>
        <To>
          <StopPointRef>60709092</StopPointRef>
        </To>
        <Direction>outbound</Direction>
      </RouteLink>
      <RouteLink id="AYAO483_002_293561">
        <From>
          <StopPointRef>60709092</StopPointRef>
        </From>
        <To>
          <StopPointRef>60709093</StopPointRef>
        </To>
        <Direction>outbound</Direction>
      </RouteLink>
      <RouteLink id="AYAO483_002_293562">
        <From>
          <StopPointRef>60709093</StopPointRef>
        </From>
        <To>
          <StopPointRef>60709152</StopPointRef>
        </To>
        <Direction>outbound</Direction>
      </RouteLink>
      <RouteLink id="AYAO483_002_293563">
        <From>
          <StopPointRef>60709152</StopPointRef>
        </From>
        <To>
          <StopPointRef>60709198</StopPointRef>
        </To>
        <Direction>outbound</Direction>
      </RouteLink>
    </RouteSection>
    <RouteSection id="AYAO483_003">
      <RouteLink id="AYAO483_003_293565">
        <From>
          <StopPointRef>60709108</StopPointRef>
        </From>
        <To>
          <StopPointRef>60709154</StopPointRef>
        </To>
        <Direction>outbound</Direction>
      </RouteLink>
      <RouteLink id="AYAO483_003_293566">
        <From>
          <StopPointRef>60709154</StopPointRef>
        </From>
        <To>
          <StopPointRef>60709090</StopPointRef>
        </To>
        <Direction>outbound</Direction>
      </RouteLink>
      <RouteLink id="AYAO483_003_293567">
        <From>
          <StopPointRef>60709090</StopPointRef>
        </From>
        <To>
          <StopPointRef>60709091</StopPointRef>
        </To>
        <Direction>outbound</Direction>
      </RouteLink>
      <RouteLink id="AYAO483_003_293568">
        <From>
          <StopPointRef>60709091</StopPointRef>
        </From>
        <To>
          <StopPointRef>60709092</StopPointRef>
        </To>
        <Direction>outbound</Direction>
      </RouteLink>
      <RouteLink id="AYAO483_003_293569">
        <From>
          <StopPointRef>60709092</StopPointRef>
        </From>
        <To>
          <StopPointRef>60709188</StopPointRef>
        </To>
        <Direction>outbound</Direction>
      </RouteLink>
      <RouteLink id="AYAO483_003_293570">
        <From>
          <StopPointRef>60709188</StopPointRef>
        </From>
        <To>
          <StopPointRef>60709111</StopPointRef>
        </To>
        <Direction>outbound</Direction>
      </RouteLink>
      <RouteLink id="AYAO483_003_293571">
        <From>
          <StopPointRef>60709111</StopPointRef>
        </From>
        <To>
          <StopPointRef>60709114</StopPointRef>
        </To>
        <Direction>outbound</Direction>
      </RouteLink>
      <RouteLink id="AYAO483_003_293572">
        <From>
          <StopPointRef>60709114</StopPointRef>
        </From>
        <To>
          <StopPointRef>60709116</StopPointRef>
        </To>
        <Direction>outbound</Direction>
      </RouteLink>
      <RouteLink id="AYAO483_003_293573">
        <From>
          <StopPointRef>60709116</StopPointRef>
        </From>
        <To>
          <StopPointRef>60709117</StopPointRef>
        </To>
        <Direction>outbound</Direction>
      </RouteLink>
      <RouteLink id="AYAO483_003_293574">
        <From>
          <StopPointRef>60709117</StopPointRef>
        </From>
        <To>
          <StopPointRef>60709120</StopPointRef>
        </To>
        <Direction>outbound</Direction>
      </RouteLink>
      <RouteLink id="AYAO483_003_293575">
        <From>
          <StopPointRef>60709120</StopPointRef>
        </From>
        <To>
          <StopPointRef>60709122</StopPointRef>
        </To>
        <Direction>outbound</Direction>
      </RouteLink>
      <RouteLink id="AYAO483_003_293576">
        <From>
          <StopPointRef>60709122</StopPointRef>
        </From>
        <To>
          <StopPointRef>60709190</StopPointRef>
        </To>
        <Direction>outbound</Direction>
      </RouteLink>
      <RouteLink id="AYAO483_003_293577">
        <From>
          <StopPointRef>60709190</StopPointRef>
        </From>
        <To>
          <StopPointRef>60707191</StopPointRef>
        </To>
        <Direction>outbound</Direction>
      </RouteLink>
      <RouteLink id="AYAO483_003_293578">
        <From>
          <StopPointRef>60707191</StopPointRef>
        </From>
        <To>
          <StopPointRef>60709192</StopPointRef>
        </To>
        <Direction>outbound</Direction>
      </RouteLink>
      <RouteLink id="AYAO483_003_293579">
        <From>
          <StopPointRef>60709192</StopPointRef>
        </From>
        <To>
          <StopPointRef>60709195</StopPointRef>
        </To>
        <Direction>outbound</Direction>
      </RouteLink>
      <RouteLink id="AYAO483_003_293580">
        <From>
          <StopPointRef>60709195</StopPointRef>
        </From>
        <To>
          <StopPointRef>60707196</StopPointRef>
        </To>
        <Direction>outbound</Direction>
      </RouteLink>
      <RouteLink id="AYAO483_003_293581">
        <From>
          <StopPointRef>60707196</StopPointRef>
        </From>
        <To>
          <StopPointRef>60707197</StopPointRef>
        </To>
        <Direction>outbound</Direction>
      </RouteLink>
      <RouteLink id="AYAO483_003_293582">
        <From>
          <StopPointRef>60707197</StopPointRef>
        </From>
        <To>
          <StopPointRef>60709148</StopPointRef>
        </To>
        <Direction>outbound</Direction>
      </RouteLink>
      <RouteLink id="AYAO483_003_293583">
        <From>
          <StopPointRef>60709148</StopPointRef>
        </From>
        <To>
          <StopPointRef>60709150</StopPointRef>
        </To>
        <Direction>outbound</Direction>
      </RouteLink>
      <RouteLink id="AYAO483_003_293584">
        <From>
          <StopPointRef>60709150</StopPointRef>
        </From>
        <To>
          <StopPointRef>60707152</StopPointRef>
        </To>
        <Direction>outbound</Direction>
      </RouteLink>
      <RouteLink id="AYAO483_003_293585">
        <From>
          <StopPointRef>60707152</StopPointRef>
        </From>
        <To>
          <StopPointRef>60709094</StopPointRef>
        </To>
        <Direction>outbound</Direction>
      </RouteLink>
      <RouteLink id="AYAO483_003_293586">
        <From>
          <StopPointRef>60709094</StopPointRef>
        </From>
        <To>
          <StopPointRef>60709188</StopPointRef>
        </To>
        <Direction>outbound</Direction>
      </RouteLink>
      <RouteLink id="AYAO483_003_293587">
        <From>
          <StopPointRef>60709188</StopPointRef>
        </From>
        <To>
          <StopPointRef>60709110</StopPointRef>
        </To>
        <Direction>outbound</Direction>
      </RouteLink>
      <RouteLink id="AYAO483_003_293588">
        <From>
          <StopPointRef>60709110</StopPointRef>
        </From>
        <To>
          <StopPointRef>60709108</StopPointRef>
        </To>
        <Direction>outbound</Direction>
      </RouteLink>
      <RouteLink id="AYAO483_003_293589">
        <From>
          <StopPointRef>60709108</StopPointRef>
        </From>
        <To>
          <StopPointRef>60709154</StopPointRef>
        </To>
        <Direction>outbound</Direction>
      </RouteLink>
      <RouteLink id="AYAO483_003_293590">
        <From>
          <StopPointRef>60709154</StopPointRef>
        </From>
        <To>
          <StopPointRef>60709090</StopPointRef>
        </To>
        <Direction>outbound</Direction>
      </RouteLink>
      <RouteLink id="AYAO483_003_293591">
        <From>
          <StopPointRef>60709090</StopPointRef>
        </From>
        <To>
          <StopPointRef>60709091</StopPointRef>
        </To>
        <Direction>outbound</Direction>
      </RouteLink>
      <RouteLink id="AYAO483_003_293592">
        <From>
          <StopPointRef>60709091</StopPointRef>
        </From>
        <To>
          <StopPointRef>60709092</StopPointRef>
        </To>
        <Direction>outbound</Direction>
      </RouteLink>
      <RouteLink id="AYAO483_003_293593">
        <From>
          <StopPointRef>60709092</StopPointRef>
        </From>
        <To>
          <StopPointRef>60709093</StopPointRef>
        </To>
        <Direction>outbound</Direction>
      </RouteLink>
      <RouteLink id="AYAO483_003_293594">
        <From>
          <StopPointRef>60709093</StopPointRef>
        </From>
        <To>
          <StopPointRef>60709152</StopPointRef>
        </To>
        <Direction>outbound</Direction>
      </RouteLink>
      <RouteLink id="AYAO483_003_293595">
        <From>
          <StopPointRef>60709152</StopPointRef>
        </From>
        <To>
          <StopPointRef>60709198</StopPointRef>
        </To>
        <Direction>outbound</Direction>
      </RouteLink>
    </RouteSection>
  </RouteSections>
  <Routes>
    <Route id="AYAO483_002">
      <Description>Ardenslate circular - Dunoon
</Description>
      <RouteSectionRef>AYAO483_002</RouteSectionRef>
    </Route>
    <Route id="AYAO483_003">
      <Description>Ardenslate circular - Dunoon
</Description>
      <RouteSectionRef>AYAO483_003</RouteSectionRef>
    </Route>
  </Routes>
  <JourneyPatternSections>
    <JourneyPatternSection id="JPS_AYAO483-3">
      <JourneyPatternTimingLink id="JPS_AYAO483-3_293532">
        <From>
          <StopPointRef>60709108</StopPointRef>
          <TimingStatus>PTP</TimingStatus>
        </From>
        <To>
          <StopPointRef>60709154</StopPointRef>
          <TimingStatus>OTH</TimingStatus>
        </To>
        <RouteLinkRef>AYAO483_002_293532</RouteLinkRef>
        <Direction>outbound</Direction>
        <RunTime>PT0S</RunTime>
      </JourneyPatternTimingLink>
      <JourneyPatternTimingLink id="JPS_AYAO483-3_293533">
        <From>
          <StopPointRef>60709154</StopPointRef>
          <TimingStatus>OTH</TimingStatus>
        </From>
        <To>
          <StopPointRef>60709090</StopPointRef>
          <TimingStatus>OTH</TimingStatus>
        </To>
        <RouteLinkRef>AYAO483_002_293533</RouteLinkRef>
        <Direction>outbound</Direction>
        <RunTime>PT0S</RunTime>
      </JourneyPatternTimingLink>
      <JourneyPatternTimingLink id="JPS_AYAO483-3_293534">
        <From>
          <StopPointRef>60709090</StopPointRef>
          <TimingStatus>OTH</TimingStatus>
        </From>
        <To>
          <StopPointRef>60709091</StopPointRef>
          <TimingStatus>OTH</TimingStatus>
        </To>
        <RouteLinkRef>AYAO483_002_293534</RouteLinkRef>
        <Direction>outbound</Direction>
        <RunTime>PT60S</RunTime>
      </JourneyPatternTimingLink>
      <JourneyPatternTimingLink id="JPS_AYAO483-3_293535">
        <From>
          <StopPointRef>60709091</StopPointRef>
          <TimingStatus>OTH</TimingStatus>
        </From>
        <To>
          <StopPointRef>60709092</StopPointRef>
          <TimingStatus>OTH</TimingStatus>
        </To>
        <RouteLinkRef>AYAO483_002_293535</RouteLinkRef>
        <Direction>outbound</Direction>
        <RunTime>PT0S</RunTime>
      </JourneyPatternTimingLink>
      <JourneyPatternTimingLink id="JPS_AYAO483-3_293536">
        <From>
          <StopPointRef>60709092</StopPointRef>
          <TimingStatus>OTH</TimingStatus>
        </From>
        <To>
          <StopPointRef>60709188</StopPointRef>
          <TimingStatus>PTP</TimingStatus>
        </To>
        <RouteLinkRef>AYAO483_002_293536</RouteLinkRef>
        <Direction>outbound</Direction>
        <RunTime>PT60S</RunTime>
      </JourneyPatternTimingLink>
      <JourneyPatternTimingLink id="JPS_AYAO483-3_293537">
        <From>
          <StopPointRef>60709188</StopPointRef>
          <TimingStatus>PTP</TimingStatus>
        </From>
        <To>
          <StopPointRef>60709111</StopPointRef>
          <TimingStatus>OTH</TimingStatus>
        </To>
        <RouteLinkRef>AYAO483_002_293537</RouteLinkRef>
        <Direction>outbound</Direction>
        <RunTime>PT0S</RunTime>
      </JourneyPatternTimingLink>
      <JourneyPatternTimingLink id="JPS_AYAO483-3_293538">
        <From>
          <StopPointRef>60709111</StopPointRef>
          <TimingStatus>OTH</TimingStatus>
        </From>
        <To>
          <StopPointRef>60709114</StopPointRef>
          <TimingStatus>OTH</TimingStatus>
        </To>
        <RouteLinkRef>AYAO483_002_293538</RouteLinkRef>
        <Direction>outbound</Direction>
        <RunTime>PT0S</RunTime>
      </JourneyPatternTimingLink>
      <JourneyPatternTimingLink id="JPS_AYAO483-3_293539">
        <From>
          <StopPointRef>60709114</StopPointRef>
          <TimingStatus>OTH</TimingStatus>
        </From>
        <To>
          <StopPointRef>60709116</StopPointRef>
          <TimingStatus>OTH</TimingStatus>
        </To>
        <RouteLinkRef>AYAO483_002_293539</RouteLinkRef>
        <Direction>outbound</Direction>
        <RunTime>PT60S</RunTime>
      </JourneyPatternTimingLink>
      <JourneyPatternTimingLink id="JPS_AYAO483-3_293540">
        <From>
          <StopPointRef>60709116</StopPointRef>
          <TimingStatus>OTH</TimingStatus>
        </From>
        <To>
          <StopPointRef>60709117</StopPointRef>
          <TimingStatus>OTH</TimingStatus>
        </To>
        <RouteLinkRef>AYAO483_002_293540</RouteLinkRef>
        <Direction>outbound</Direction>
        <RunTime>PT60S</RunTime>
      </JourneyPatternTimingLink>
      <JourneyPatternTimingLink id="JPS_AYAO483-3_293541">
        <From>
          <StopPointRef>60709117</StopPointRef>
          <TimingStatus>OTH</TimingStatus>
        </From>
        <To>
          <StopPointRef>60709120</StopPointRef>
          <TimingStatus>OTH</TimingStatus>
        </To>
        <RouteLinkRef>AYAO483_002_293541</RouteLinkRef>
        <Direction>outbound</Direction>
        <RunTime>PT0S</RunTime>
      </JourneyPatternTimingLink>
      <JourneyPatternTimingLink id="JPS_AYAO483-3_293542">
        <From>
          <StopPointRef>60709120</StopPointRef>
          <TimingStatus>OTH</TimingStatus>
        </From>
        <To>
          <StopPointRef>60709122</StopPointRef>
          <TimingStatus>PTP</TimingStatus>
        </To>
        <RouteLinkRef>AYAO483_002_293542</RouteLinkRef>
        <Direction>outbound</Direction>
        <RunTime>PT60S</RunTime>
      </JourneyPatternTimingLink>
      <JourneyPatternTimingLink id="JPS_AYAO483-3_293543">
        <From>
          <StopPointRef>60709122</StopPointRef>
          <TimingStatus>PTP</TimingStatus>
        </From>
        <To>
          <StopPointRef>60709190</StopPointRef>
          <TimingStatus>OTH</TimingStatus>
        </To>
        <RouteLinkRef>AYAO483_002_293543</RouteLinkRef>
        <Direction>outbound</Direction>
        <RunTime>PT0S</RunTime>
      </JourneyPatternTimingLink>
      <JourneyPatternTimingLink id="JPS_AYAO483-3_293544">
        <From>
          <StopPointRef>60709190</StopPointRef>
          <TimingStatus>OTH</TimingStatus>
        </From>
        <To>
          <StopPointRef>60707191</StopPointRef>
          <TimingStatus>OTH</TimingStatus>
        </To>
        <RouteLinkRef>AYAO483_002_293544</RouteLinkRef>
        <Direction>outbound</Direction>
        <RunTime>PT0S</RunTime>
      </JourneyPatternTimingLink>
      <JourneyPatternTimingLink id="JPS_AYAO483-3_293545">
        <From>
          <StopPointRef>60707191</StopPointRef>
          <TimingStatus>OTH</TimingStatus>
        </From>
        <To>
          <StopPointRef>60709192</StopPointRef>
          <TimingStatus>OTH</TimingStatus>
        </To>
        <RouteLinkRef>AYAO483_002_293545</RouteLinkRef>
        <Direction>outbound</Direction>
        <RunTime>PT60S</RunTime>
      </JourneyPatternTimingLink>
      <JourneyPatternTimingLink id="JPS_AYAO483-3_293546">
        <From>
          <StopPointRef>60709192</StopPointRef>
          <TimingStatus>OTH</TimingStatus>
        </From>
        <To>
          <StopPointRef>60709195</StopPointRef>
          <TimingStatus>PTP</TimingStatus>
        </To>
        <RouteLinkRef>AYAO483_002_293546</RouteLinkRef>
        <Direction>outbound</Direction>
        <RunTime>PT60S</RunTime>
      </JourneyPatternTimingLink>
      <JourneyPatternTimingLink id="JPS_AYAO483-3_293547">
        <From>
          <StopPointRef>60709195</StopPointRef>
          <TimingStatus>PTP</TimingStatus>
        </From>
        <To>
          <StopPointRef>60707196</StopPointRef>
          <TimingStatus>OTH</TimingStatus>
        </To>
        <RouteLinkRef>AYAO483_002_293547</RouteLinkRef>
        <Direction>outbound</Direction>
        <RunTime>PT0S</RunTime>
      </JourneyPatternTimingLink>
      <JourneyPatternTimingLink id="JPS_AYAO483-3_293548">
        <From>
          <StopPointRef>60707196</StopPointRef>
          <TimingStatus>OTH</TimingStatus>
        </From>
        <To>
          <StopPointRef>60707197</StopPointRef>
          <TimingStatus>OTH</TimingStatus>
        </To>
        <RouteLinkRef>AYAO483_002_293548</RouteLinkRef>
        <Direction>outbound</Direction>
        <RunTime>PT60S</RunTime>
      </JourneyPatternTimingLink>
      <JourneyPatternTimingLink id="JPS_AYAO483-3_293549">
        <From>
          <StopPointRef>60707197</StopPointRef>
          <TimingStatus>OTH</TimingStatus>
        </From>
        <To>
          <StopPointRef>60709148</StopPointRef>
          <TimingStatus>PTP</TimingStatus>
        </To>
        <RouteLinkRef>AYAO483_002_293549</RouteLinkRef>
        <Direction>outbound</Direction>
        <RunTime>PT60S</RunTime>
      </JourneyPatternTimingLink>
      <JourneyPatternTimingLink id="JPS_AYAO483-3_293550">
        <From>
          <StopPointRef>60709148</StopPointRef>
          <TimingStatus>PTP</TimingStatus>
        </From>
        <To>
          <StopPointRef>60709150</StopPointRef>
          <TimingStatus>OTH</TimingStatus>
        </To>
        <RouteLinkRef>AYAO483_002_293550</RouteLinkRef>
        <Direction>outbound</Direction>
        <RunTime>PT0S</RunTime>
      </JourneyPatternTimingLink>
      <JourneyPatternTimingLink id="JPS_AYAO483-3_293551">
        <From>
          <StopPointRef>60709150</StopPointRef>
          <TimingStatus>OTH</TimingStatus>
        </From>
        <To>
          <StopPointRef>60707152</StopPointRef>
          <TimingStatus>OTH</TimingStatus>
        </To>
        <RouteLinkRef>AYAO483_002_293551</RouteLinkRef>
        <Direction>outbound</Direction>
        <RunTime>PT60S</RunTime>
      </JourneyPatternTimingLink>
      <JourneyPatternTimingLink id="JPS_AYAO483-3_293552">
        <From>
          <StopPointRef>60707152</StopPointRef>
          <TimingStatus>OTH</TimingStatus>
        </From>
        <To>
          <StopPointRef>60709094</StopPointRef>
          <TimingStatus>OTH</TimingStatus>
        </To>
        <RouteLinkRef>AYAO483_002_293552</RouteLinkRef>
        <Direction>outbound</Direction>
        <RunTime>PT0S</RunTime>
      </JourneyPatternTimingLink>
      <JourneyPatternTimingLink id="JPS_AYAO483-3_293553">
        <From>
          <StopPointRef>60709094</StopPointRef>
          <TimingStatus>OTH</TimingStatus>
        </From>
        <To>
          <StopPointRef>60709188</StopPointRef>
          <TimingStatus>PTP</TimingStatus>
        </To>
        <RouteLinkRef>AYAO483_002_293553</RouteLinkRef>
        <Direction>outbound</Direction>
        <RunTime>PT120S</RunTime>
      </JourneyPatternTimingLink>
      <JourneyPatternTimingLink id="JPS_AYAO483-3_293554">
        <From>
          <StopPointRef>60709188</StopPointRef>
          <TimingStatus>PTP</TimingStatus>
        </From>
        <To>
          <StopPointRef>60709110</StopPointRef>
          <TimingStatus>OTH</TimingStatus>
        </To>
        <RouteLinkRef>AYAO483_002_293554</RouteLinkRef>
        <Direction>outbound</Direction>
        <RunTime>PT180S</RunTime>
      </JourneyPatternTimingLink>
      <JourneyPatternTimingLink id="JPS_AYAO483-3_293555">
        <From>
          <StopPointRef>60709110</StopPointRef>
          <TimingStatus>OTH</TimingStatus>
        </From>
        <To>
          <StopPointRef>60709108</StopPointRef>
          <TimingStatus>PTP</TimingStatus>
        </To>
        <RouteLinkRef>AYAO483_002_293555</RouteLinkRef>
        <Direction>outbound</Direction>
        <RunTime>PT0S</RunTime>
      </JourneyPatternTimingLink>
      <JourneyPatternTimingLink id="JPS_AYAO483-3_293556">
        <From>
          <StopPointRef>60709108</StopPointRef>
          <TimingStatus>PTP</TimingStatus>
        </From>
        <To>
          <StopPointRef>60709107</StopPointRef>
          <TimingStatus>OTH</TimingStatus>
        </To>
        <RouteLinkRef>AYAO483_002_293556</RouteLinkRef>
        <Direction>outbound</Direction>
        <RunTime>PT0S</RunTime>
      </JourneyPatternTimingLink>
      <JourneyPatternTimingLink id="JPS_AYAO483-3_293557">
        <From>
          <StopPointRef>60709107</StopPointRef>
          <TimingStatus>OTH</TimingStatus>
        </From>
        <To>
          <StopPointRef>60709154</StopPointRef>
          <TimingStatus>OTH</TimingStatus>
        </To>
        <RouteLinkRef>AYAO483_002_293557</RouteLinkRef>
        <Direction>outbound</Direction>
        <RunTime>PT0S</RunTime>
      </JourneyPatternTimingLink>
      <JourneyPatternTimingLink id="JPS_AYAO483-3_293558">
        <From>
          <StopPointRef>60709154</StopPointRef>
          <TimingStatus>OTH</TimingStatus>
        </From>
        <To>
          <StopPointRef>60709090</StopPointRef>
          <TimingStatus>OTH</TimingStatus>
        </To>
        <RouteLinkRef>AYAO483_002_293558</RouteLinkRef>
        <Direction>outbound</Direction>
        <RunTime>PT0S</RunTime>
      </JourneyPatternTimingLink>
      <JourneyPatternTimingLink id="JPS_AYAO483-3_293559">
        <From>
          <StopPointRef>60709090</StopPointRef>
          <TimingStatus>OTH</TimingStatus>
        </From>
        <To>
          <StopPointRef>60709091</StopPointRef>
          <TimingStatus>OTH</TimingStatus>
        </To>
        <RouteLinkRef>AYAO483_002_293559</RouteLinkRef>
        <Direction>outbound</Direction>
        <RunTime>PT60S</RunTime>
      </JourneyPatternTimingLink>
      <JourneyPatternTimingLink id="JPS_AYAO483-3_293560">
        <From>
          <StopPointRef>60709091</StopPointRef>
          <TimingStatus>OTH</TimingStatus>
        </From>
        <To>
          <StopPointRef>60709092</StopPointRef>
          <TimingStatus>OTH</TimingStatus>
        </To>
        <RouteLinkRef>AYAO483_002_293560</RouteLinkRef>
        <Direction>outbound</Direction>
        <RunTime>PT60S</RunTime>
      </JourneyPatternTimingLink>
      <JourneyPatternTimingLink id="JPS_AYAO483-3_293561">
        <From>
          <StopPointRef>60709092</StopPointRef>
          <TimingStatus>OTH</TimingStatus>
        </From>
        <To>
          <StopPointRef>60709093</StopPointRef>
          <TimingStatus>OTH</TimingStatus>
        </To>
        <RouteLinkRef>AYAO483_002_293561</RouteLinkRef>
        <Direction>outbound</Direction>
        <RunTime>PT60S</RunTime>
      </JourneyPatternTimingLink>
      <JourneyPatternTimingLink id="JPS_AYAO483-3_293562">
        <From>
          <StopPointRef>60709093</StopPointRef>
          <TimingStatus>OTH</TimingStatus>
        </From>
        <To>
          <StopPointRef>60709152</StopPointRef>
          <TimingStatus>OTH</TimingStatus>
        </To>
        <RouteLinkRef>AYAO483_002_293562</RouteLinkRef>
        <Direction>outbound</Direction>
        <RunTime>PT0S</RunTime>
      </JourneyPatternTimingLink>
      <JourneyPatternTimingLink id="JPS_AYAO483-3_293563">
        <From>
          <StopPointRef>60709152</StopPointRef>
          <TimingStatus>OTH</TimingStatus>
        </From>
        <To>
          <StopPointRef>60709198</StopPointRef>
          <TimingStatus>PTP</TimingStatus>
        </To>
        <RouteLinkRef>AYAO483_002_293563</RouteLinkRef>
        <Direction>outbound</Direction>
        <RunTime>PT120S</RunTime>
      </JourneyPatternTimingLink>
    </JourneyPatternSection>
    <JourneyPatternSection id="JPS_AYAO483-4">
      <JourneyPatternTimingLink id="JPS_AYAO483-4_293565">
        <From>
          <StopPointRef>60709108</StopPointRef>
          <TimingStatus>PTP</TimingStatus>
        </From>
        <To>
          <StopPointRef>60709154</StopPointRef>
          <TimingStatus>OTH</TimingStatus>
        </To>
        <RouteLinkRef>AYAO483_003_293565</RouteLinkRef>
        <Direction>outbound</Direction>
        <RunTime>PT0S</RunTime>
      </JourneyPatternTimingLink>
      <JourneyPatternTimingLink id="JPS_AYAO483-4_293566">
        <From>
          <StopPointRef>60709154</StopPointRef>
          <TimingStatus>OTH</TimingStatus>
        </From>
        <To>
          <StopPointRef>60709090</StopPointRef>
          <TimingStatus>OTH</TimingStatus>
        </To>
        <RouteLinkRef>AYAO483_003_293566</RouteLinkRef>
        <Direction>outbound</Direction>
        <RunTime>PT0S</RunTime>
      </JourneyPatternTimingLink>
      <JourneyPatternTimingLink id="JPS_AYAO483-4_293567">
        <From>
          <StopPointRef>60709090</StopPointRef>
          <TimingStatus>OTH</TimingStatus>
        </From>
        <To>
          <StopPointRef>60709091</StopPointRef>
          <TimingStatus>OTH</TimingStatus>
        </To>
        <RouteLinkRef>AYAO483_003_293567</RouteLinkRef>
        <Direction>outbound</Direction>
        <RunTime>PT60S</RunTime>
      </JourneyPatternTimingLink>
      <JourneyPatternTimingLink id="JPS_AYAO483-4_293568">
        <From>
          <StopPointRef>60709091</StopPointRef>
          <TimingStatus>OTH</TimingStatus>
        </From>
        <To>
          <StopPointRef>60709092</StopPointRef>
          <TimingStatus>OTH</TimingStatus>
        </To>
        <RouteLinkRef>AYAO483_003_293568</RouteLinkRef>
        <Direction>outbound</Direction>
        <RunTime>PT0S</RunTime>
      </JourneyPatternTimingLink>
      <JourneyPatternTimingLink id="JPS_AYAO483-4_293569">
        <From>
          <StopPointRef>60709092</StopPointRef>
          <TimingStatus>OTH</TimingStatus>
        </From>
        <To>
          <StopPointRef>60709188</StopPointRef>
          <TimingStatus>PTP</TimingStatus>
        </To>
        <RouteLinkRef>AYAO483_003_293569</RouteLinkRef>
        <Direction>outbound</Direction>
        <RunTime>PT60S</RunTime>
      </JourneyPatternTimingLink>
      <JourneyPatternTimingLink id="JPS_AYAO483-4_293570">
        <From>
          <StopPointRef>60709188</StopPointRef>
          <TimingStatus>PTP</TimingStatus>
        </From>
        <To>
          <StopPointRef>60709111</StopPointRef>
          <TimingStatus>OTH</TimingStatus>
        </To>
        <RouteLinkRef>AYAO483_003_293570</RouteLinkRef>
        <Direction>outbound</Direction>
        <RunTime>PT0S</RunTime>
      </JourneyPatternTimingLink>
      <JourneyPatternTimingLink id="JPS_AYAO483-4_293571">
        <From>
          <StopPointRef>60709111</StopPointRef>
          <TimingStatus>OTH</TimingStatus>
        </From>
        <To>
          <StopPointRef>60709114</StopPointRef>
          <TimingStatus>OTH</TimingStatus>
        </To>
        <RouteLinkRef>AYAO483_003_293571</RouteLinkRef>
        <Direction>outbound</Direction>
        <RunTime>PT0S</RunTime>
      </JourneyPatternTimingLink>
      <JourneyPatternTimingLink id="JPS_AYAO483-4_293572">
        <From>
          <StopPointRef>60709114</StopPointRef>
          <TimingStatus>OTH</TimingStatus>
        </From>
        <To>
          <StopPointRef>60709116</StopPointRef>
          <TimingStatus>OTH</TimingStatus>
        </To>
        <RouteLinkRef>AYAO483_003_293572</RouteLinkRef>
        <Direction>outbound</Direction>
        <RunTime>PT60S</RunTime>
      </JourneyPatternTimingLink>
      <JourneyPatternTimingLink id="JPS_AYAO483-4_293573">
        <From>
          <StopPointRef>60709116</StopPointRef>
          <TimingStatus>OTH</TimingStatus>
        </From>
        <To>
          <StopPointRef>60709117</StopPointRef>
          <TimingStatus>OTH</TimingStatus>
        </To>
        <RouteLinkRef>AYAO483_003_293573</RouteLinkRef>
        <Direction>outbound</Direction>
        <RunTime>PT60S</RunTime>
      </JourneyPatternTimingLink>
      <JourneyPatternTimingLink id="JPS_AYAO483-4_293574">
        <From>
          <StopPointRef>60709117</StopPointRef>
          <TimingStatus>OTH</TimingStatus>
        </From>
        <To>
          <StopPointRef>60709120</StopPointRef>
          <TimingStatus>OTH</TimingStatus>
        </To>
        <RouteLinkRef>AYAO483_003_293574</RouteLinkRef>
        <Direction>outbound</Direction>
        <RunTime>PT0S</RunTime>
      </JourneyPatternTimingLink>
      <JourneyPatternTimingLink id="JPS_AYAO483-4_293575">
        <From>
          <StopPointRef>60709120</StopPointRef>
          <TimingStatus>OTH</TimingStatus>
        </From>
        <To>
          <StopPointRef>60709122</StopPointRef>
          <TimingStatus>PTP</TimingStatus>
        </To>
        <RouteLinkRef>AYAO483_003_293575</RouteLinkRef>
        <Direction>outbound</Direction>
        <RunTime>PT60S</RunTime>
      </JourneyPatternTimingLink>
      <JourneyPatternTimingLink id="JPS_AYAO483-4_293576">
        <From>
          <StopPointRef>60709122</StopPointRef>
          <TimingStatus>PTP</TimingStatus>
        </From>
        <To>
          <StopPointRef>60709190</StopPointRef>
          <TimingStatus>OTH</TimingStatus>
        </To>
        <RouteLinkRef>AYAO483_003_293576</RouteLinkRef>
        <Direction>outbound</Direction>
        <RunTime>PT0S</RunTime>
      </JourneyPatternTimingLink>
      <JourneyPatternTimingLink id="JPS_AYAO483-4_293577">
        <From>
          <StopPointRef>60709190</StopPointRef>
          <TimingStatus>OTH</TimingStatus>
        </From>
        <To>
          <StopPointRef>60707191</StopPointRef>
          <TimingStatus>OTH</TimingStatus>
        </To>
        <RouteLinkRef>AYAO483_003_293577</RouteLinkRef>
        <Direction>outbound</Direction>
        <RunTime>PT0S</RunTime>
      </JourneyPatternTimingLink>
      <JourneyPatternTimingLink id="JPS_AYAO483-4_293578">
        <From>
          <StopPointRef>60707191</StopPointRef>
          <TimingStatus>OTH</TimingStatus>
        </From>
        <To>
          <StopPointRef>60709192</StopPointRef>
          <TimingStatus>OTH</TimingStatus>
        </To>
        <RouteLinkRef>AYAO483_003_293578</RouteLinkRef>
        <Direction>outbound</Direction>
        <RunTime>PT60S</RunTime>
      </JourneyPatternTimingLink>
      <JourneyPatternTimingLink id="JPS_AYAO483-4_293579">
        <From>
          <StopPointRef>60709192</StopPointRef>
          <TimingStatus>OTH</TimingStatus>
        </From>
        <To>
          <StopPointRef>60709195</StopPointRef>
          <TimingStatus>PTP</TimingStatus>
        </To>
        <RouteLinkRef>AYAO483_003_293579</RouteLinkRef>
        <Direction>outbound</Direction>
        <RunTime>PT60S</RunTime>
      </JourneyPatternTimingLink>
      <JourneyPatternTimingLink id="JPS_AYAO483-4_293580">
        <From>
          <StopPointRef>60709195</StopPointRef>
          <TimingStatus>PTP</TimingStatus>
        </From>
        <To>
          <StopPointRef>60707196</StopPointRef>
          <TimingStatus>OTH</TimingStatus>
        </To>
        <RouteLinkRef>AYAO483_003_293580</RouteLinkRef>
        <Direction>outbound</Direction>
        <RunTime>PT0S</RunTime>
      </JourneyPatternTimingLink>
      <JourneyPatternTimingLink id="JPS_AYAO483-4_293581">
        <From>
          <StopPointRef>60707196</StopPointRef>
          <TimingStatus>OTH</TimingStatus>
        </From>
        <To>
          <StopPointRef>60707197</StopPointRef>
          <TimingStatus>OTH</TimingStatus>
        </To>
        <RouteLinkRef>AYAO483_003_293581</RouteLinkRef>
        <Direction>outbound</Direction>
        <RunTime>PT60S</RunTime>
      </JourneyPatternTimingLink>
      <JourneyPatternTimingLink id="JPS_AYAO483-4_293582">
        <From>
          <StopPointRef>60707197</StopPointRef>
          <TimingStatus>OTH</TimingStatus>
        </From>
        <To>
          <StopPointRef>60709148</StopPointRef>
          <TimingStatus>PTP</TimingStatus>
        </To>
        <RouteLinkRef>AYAO483_003_293582</RouteLinkRef>
        <Direction>outbound</Direction>
        <RunTime>PT60S</RunTime>
      </JourneyPatternTimingLink>
      <JourneyPatternTimingLink id="JPS_AYAO483-4_293583">
        <From>
          <StopPointRef>60709148</StopPointRef>
          <TimingStatus>PTP</TimingStatus>
        </From>
        <To>
          <StopPointRef>60709150</StopPointRef>
          <TimingStatus>OTH</TimingStatus>
        </To>
        <RouteLinkRef>AYAO483_003_293583</RouteLinkRef>
        <Direction>outbound</Direction>
        <RunTime>PT0S</RunTime>
      </JourneyPatternTimingLink>
      <JourneyPatternTimingLink id="JPS_AYAO483-4_293584">
        <From>
          <StopPointRef>60709150</StopPointRef>
          <TimingStatus>OTH</TimingStatus>
        </From>
        <To>
          <StopPointRef>60707152</StopPointRef>
          <TimingStatus>OTH</TimingStatus>
        </To>
        <RouteLinkRef>AYAO483_003_293584</RouteLinkRef>
        <Direction>outbound</Direction>
        <RunTime>PT60S</RunTime>
      </JourneyPatternTimingLink>
      <JourneyPatternTimingLink id="JPS_AYAO483-4_293585">
        <From>
          <StopPointRef>60707152</StopPointRef>
          <TimingStatus>OTH</TimingStatus>
        </From>
        <To>
          <StopPointRef>60709094</StopPointRef>
          <TimingStatus>OTH</TimingStatus>
        </To>
        <RouteLinkRef>AYAO483_003_293585</RouteLinkRef>
        <Direction>outbound</Direction>
        <RunTime>PT0S</RunTime>
      </JourneyPatternTimingLink>
      <JourneyPatternTimingLink id="JPS_AYAO483-4_293586">
        <From>
          <StopPointRef>60709094</StopPointRef>
          <TimingStatus>OTH</TimingStatus>
        </From>
        <To>
          <StopPointRef>60709188</StopPointRef>
          <TimingStatus>PTP</TimingStatus>
        </To>
        <RouteLinkRef>AYAO483_003_293586</RouteLinkRef>
        <Direction>outbound</Direction>
        <RunTime>PT120S</RunTime>
      </JourneyPatternTimingLink>
      <JourneyPatternTimingLink id="JPS_AYAO483-4_293587">
        <From>
          <StopPointRef>60709188</StopPointRef>
          <TimingStatus>PTP</TimingStatus>
        </From>
        <To>
          <StopPointRef>60709110</StopPointRef>
          <TimingStatus>OTH</TimingStatus>
        </To>
        <RouteLinkRef>AYAO483_003_293587</RouteLinkRef>
        <Direction>outbound</Direction>
        <RunTime>PT180S</RunTime>
      </JourneyPatternTimingLink>
      <JourneyPatternTimingLink id="JPS_AYAO483-4_293588">
        <From>
          <StopPointRef>60709110</StopPointRef>
          <TimingStatus>OTH</TimingStatus>
        </From>
        <To>
          <StopPointRef>60709108</StopPointRef>
          <TimingStatus>PTP</TimingStatus>
        </To>
        <RouteLinkRef>AYAO483_003_293588</RouteLinkRef>
        <Direction>outbound</Direction>
        <RunTime>PT0S</RunTime>
      </JourneyPatternTimingLink>
      <JourneyPatternTimingLink id="JPS_AYAO483-4_293589">
        <From>
          <StopPointRef>60709108</StopPointRef>
          <TimingStatus>PTP</TimingStatus>
        </From>
        <To>
          <StopPointRef>60709154</StopPointRef>
          <TimingStatus>OTH</TimingStatus>
        </To>
        <RouteLinkRef>AYAO483_003_293589</RouteLinkRef>
        <Direction>outbound</Direction>
        <RunTime>PT0S</RunTime>
      </JourneyPatternTimingLink>
      <JourneyPatternTimingLink id="JPS_AYAO483-4_293590">
        <From>
          <StopPointRef>60709154</StopPointRef>
          <TimingStatus>OTH</TimingStatus>
        </From>
        <To>
          <StopPointRef>60709090</StopPointRef>
          <TimingStatus>OTH</TimingStatus>
        </To>
        <RouteLinkRef>AYAO483_003_293590</RouteLinkRef>
        <Direction>outbound</Direction>
        <RunTime>PT0S</RunTime>
      </JourneyPatternTimingLink>
      <JourneyPatternTimingLink id="JPS_AYAO483-4_293591">
        <From>
          <StopPointRef>60709090</StopPointRef>
          <TimingStatus>OTH</TimingStatus>
        </From>
        <To>
          <StopPointRef>60709091</StopPointRef>
          <TimingStatus>OTH</TimingStatus>
        </To>
        <RouteLinkRef>AYAO483_003_293591</RouteLinkRef>
        <Direction>outbound</Direction>
        <RunTime>PT60S</RunTime>
      </JourneyPatternTimingLink>
      <JourneyPatternTimingLink id="JPS_AYAO483-4_293592">
        <From>
          <StopPointRef>60709091</StopPointRef>
          <TimingStatus>OTH</TimingStatus>
        </From>
        <To>
          <StopPointRef>60709092</StopPointRef>
          <TimingStatus>OTH</TimingStatus>
        </To>
        <RouteLinkRef>AYAO483_003_293592</RouteLinkRef>
        <Direction>outbound</Direction>
        <RunTime>PT60S</RunTime>
      </JourneyPatternTimingLink>
      <JourneyPatternTimingLink id="JPS_AYAO483-4_293593">
        <From>
          <StopPointRef>60709092</StopPointRef>
          <TimingStatus>OTH</TimingStatus>
        </From>
        <To>
          <StopPointRef>60709093</StopPointRef>
          <TimingStatus>OTH</TimingStatus>
        </To>
        <RouteLinkRef>AYAO483_003_293593</RouteLinkRef>
        <Direction>outbound</Direction>
        <RunTime>PT60S</RunTime>
      </JourneyPatternTimingLink>
      <JourneyPatternTimingLink id="JPS_AYAO483-4_293594">
        <From>
          <StopPointRef>60709093</StopPointRef>
          <TimingStatus>OTH</TimingStatus>
        </From>
        <To>
          <StopPointRef>60709152</StopPointRef>
          <TimingStatus>OTH</TimingStatus>
        </To>
        <RouteLinkRef>AYAO483_003_293594</RouteLinkRef>
        <Direction>outbound</Direction>
        <RunTime>PT0S</RunTime>
      </JourneyPatternTimingLink>
      <JourneyPatternTimingLink id="JPS_AYAO483-4_293595">
        <From>
          <StopPointRef>60709152</StopPointRef>
          <TimingStatus>OTH</TimingStatus>
        </From>
        <To>
          <StopPointRef>60709198</StopPointRef>
          <TimingStatus>PTP</TimingStatus>
        </To>
        <RouteLinkRef>AYAO483_003_293595</RouteLinkRef>
        <Direction>outbound</Direction>
        <RunTime>PT120S</RunTime>
      </JourneyPatternTimingLink>
    </JourneyPatternSection>
  </JourneyPatternSections>
  <Operators>
    <Operator id="WCM">
      <NationalOperatorCode>WCMO</NationalOperatorCode>
      <OperatorCode>WCM</OperatorCode>
      <OperatorShortName>West Coast Motors</OperatorShortName>
    </Operator>
  </Operators>
  <Services>
    <Service>
      <ServiceCode>AYAO483</ServiceCode>
      <Lines>
        <Line id="0">
          <LineName>483</LineName>
        </Line>
      </Lines>
      <OperatingPeriod>
        <StartDate>2018-07-02</StartDate>
        <EndDate>2020-05-09</EndDate>
      </OperatingPeriod>
      <RegisteredOperatorRef>WCM</RegisteredOperatorRef>
      <StopRequirements>
        <NoNewStopsRequired />
      </StopRequirements>
      <Mode>bus</Mode>
      <Description>Ardenslate circular - Dunoon</Description>
      <StandardService>
        <Origin>Ardenslate circular</Origin>
        <Destination>Dunoon</Destination>
        <JourneyPattern id="JPS_AYAO483-3">
          <Direction>outbound</Direction>
          <JourneyPatternSectionRefs>JPS_AYAO483-3</JourneyPatternSectionRefs>
        </JourneyPattern>
        <JourneyPattern id="JPS_AYAO483-4">
          <Direction>outbound</Direction>
          <JourneyPatternSectionRefs>JPS_AYAO483-4</JourneyPatternSectionRefs>
        </JourneyPattern>
      </StandardService>
    </Service>
  </Services>
  <VehicleJourneys>
    <VehicleJourney>
      <OperatorRef>WCM</OperatorRef>
      <OperatingProfile>
        <RegularDayType>
          <DaysOfWeek>
            <Saturday />
          </DaysOfWeek>
        </RegularDayType>
      </OperatingProfile>
      <VehicleJourneyCode>98717</VehicleJourneyCode>
      <ServiceRef>AYAO483</ServiceRef>
      <LineRef>0</LineRef>
      <JourneyPatternRef>JPS_AYAO483-3</JourneyPatternRef>
      <DepartureTime>10:50:00</DepartureTime>
    </VehicleJourney>
    <VehicleJourney>
      <OperatorRef>WCM</OperatorRef>
      <OperatingProfile>
        <RegularDayType>
          <DaysOfWeek>
            <Saturday />
          </DaysOfWeek>
        </RegularDayType>
      </OperatingProfile>
      <VehicleJourneyCode>98718</VehicleJourneyCode>
      <ServiceRef>AYAO483</ServiceRef>
      <LineRef>0</LineRef>
      <JourneyPatternRef>JPS_AYAO483-4</JourneyPatternRef>
      <DepartureTime>13:25:00</DepartureTime>
    </VehicleJourney>
    <VehicleJourney>
      <OperatorRef>WCM</OperatorRef>
      <OperatingProfile>
        <RegularDayType>
          <DaysOfWeek>
            <Monday />
            <Tuesday />
            <Wednesday />
            <Thursday />
            <Friday />
          </DaysOfWeek>
        </RegularDayType>
      </OperatingProfile>
      <VehicleJourneyCode>98719</VehicleJourneyCode>
      <ServiceRef>AYAO483</ServiceRef>
      <LineRef>0</LineRef>
      <JourneyPatternRef>JPS_AYAO483-3</JourneyPatternRef>
      <DepartureTime>10:50:00</DepartureTime>
    </VehicleJourney>
    <VehicleJourney>
      <OperatorRef>WCM</OperatorRef>
      <OperatingProfile>
        <RegularDayType>
          <DaysOfWeek>
            <Monday />
            <Tuesday />
            <Wednesday />
            <Thursday />
            <Friday />
          </DaysOfWeek>
        </RegularDayType>
      </OperatingProfile>
      <VehicleJourneyCode>98720</VehicleJourneyCode>
      <ServiceRef>AYAO483</ServiceRef>
      <LineRef>0</LineRef>
      <JourneyPatternRef>JPS_AYAO483-3</JourneyPatternRef>
      <DepartureTime>13:25:00</DepartureTime>
    </VehicleJourney>
  </VehicleJourneys>
</TransXChange>